Date,Order number,Category,Category name,Origin,Remaining (t)
2026-08-04,09.9801,1.A,Non-alloy & other alloy hot rolled sheets/strips,Türkiye,0
2026-08-04,09.9802,1.A,Non-alloy & other alloy hot rolled sheets/strips,Japan,130049
2026-08-04,09.9803,1.A,Non-alloy & other alloy hot rolled sheets/strips,India,47368
2026-08-04,09.9804,1.A,Non-alloy & other alloy hot rolled sheets/strips,Taiwan,67237
2026-08-04,09.9805,1.A,Non-alloy & other alloy hot rolled sheets/strips,Ukraine,56577
2026-08-04,09.9806,1.A,Non-alloy & other alloy hot rolled sheets/strips,Korea,60900
2026-08-04,09.9807,1.A,Non-alloy & other alloy hot rolled sheets/strips,Viet Nam,80564
2026-08-04,09.9808,1.A,Non-alloy & other alloy hot rolled sheets/strips,Egypt,99404
2026-08-04,09.9809,1.A,Non-alloy & other alloy hot rolled sheets/strips,Serbia,44343
2026-08-04,09.9500,1.A,Non-alloy & other alloy hot rolled sheets/strips,FTA Quota – CSQ,0
2026-08-04,09.9701,1.A,Non-alloy & other alloy hot rolled sheets/strips,Brazil,42444
2026-08-04,09.9705,1.A,Non-alloy & other alloy hot rolled sheets/strips,United Kingdom,36161
2026-08-04,09.9702,1.A,Non-alloy & other alloy hot rolled sheets/strips,Indonesia,0
2026-08-04,09.9810,1.A,Non-alloy & other alloy hot rolled sheets/strips,Australia,11695
2026-08-04,09.9811,1.A,Non-alloy & other alloy hot rolled sheets/strips,Saudi Arabia,9545
2026-08-04,09.9704,1.A,Non-alloy & other alloy hot rolled sheets/strips,Switzerland,5355
2026-08-04,09.9812,1.A,Non-alloy & other alloy hot rolled sheets/strips,Kazakhstan,2349
2026-08-04,09.9703,1.A,Non-alloy & other alloy hot rolled sheets/strips,North Macedonia,1260
2026-08-04,09.9600,1.A,Non-alloy & other alloy hot rolled sheets/strips,Other countries,0
2026-08-04,09.9700,1.A,Non-alloy & other alloy hot rolled sheets/strips,FTA Quota – Other countries,0
2026-08-04,09.9813,1.B,Non-alloy & other alloy hot rolled sheets/strips (7212 60),United Kingdom,330
2026-08-04,09.9814,1.B,Non-alloy & other alloy hot rolled sheets/strips (7212 60),United States,0
2026-08-04,09.9815,1.B,Non-alloy & other alloy hot rolled sheets/strips (7212 60),Japan,139
2026-08-04,09.9816,1.B,Non-alloy & other alloy hot rolled sheets/strips (7212 60),China,36
2026-08-04,09.9501,1.B,Non-alloy & other alloy hot rolled sheets/strips (7212 60),FTA Quota – CSQ,107
2026-08-04,09.9601,1.B,Non-alloy & other alloy hot rolled sheets/strips (7212 60),Other countries,41
2026-08-04,09.9706,1.B,Non-alloy & other alloy hot rolled sheets/strips (7212 60),FTA Quota – Other countries,49
2026-08-04,09.9817,2,Non-alloy & other alloy cold rolled sheets,Taiwan,33542
2026-08-04,09.9818,2,Non-alloy & other alloy cold rolled sheets,India,62656
2026-08-04,09.9819,2,Non-alloy & other alloy cold rolled sheets,Korea,23350
2026-08-04,09.9820,2,Non-alloy & other alloy cold rolled sheets,Türkiye,39751
2026-08-04,09.9821,2,Non-alloy & other alloy cold rolled sheets,United Kingdom,19650
2026-08-04,09.9822,2,Non-alloy & other alloy cold rolled sheets,Japan,29167
2026-08-04,09.9823,2,Non-alloy & other alloy cold rolled sheets,Ukraine,8856
2026-08-04,09.9502,2,Non-alloy & other alloy cold rolled sheets,FTA Quota – CSQ,33671
2026-08-04,09.9602,2,Non-alloy & other alloy cold rolled sheets,Other countries,0
2026-08-04,09.9707,2,Non-alloy & other alloy cold rolled sheets,FTA Quota – Other countries,16937
2026-08-04,09.9709,2,Non-alloy & other alloy cold rolled sheets,Egypt,818
2026-08-04,09.9710,2,Non-alloy & other alloy cold rolled sheets,Switzerland,433
2026-08-04,09.9708,2,Non-alloy & other alloy cold rolled sheets,Brazil,0
2026-08-04,09.9824,3.A,Electrical sheets (non grain-oriented),Japan,78
2026-08-04,09.9825,3.A,Electrical sheets (non grain-oriented),United Kingdom,20
2026-08-04,09.9826,3.A,Electrical sheets (non grain-oriented),China,5
2026-08-04,09.9827,3.A,Electrical sheets (non grain-oriented),Türkiye,9
2026-08-04,09.9503,3.A,Electrical sheets (non grain-oriented),FTA Quota – CSQ,29
2026-08-04,09.9603,3.A,Electrical sheets (non grain-oriented),Other countries,7
2026-08-04,09.9711,3.A,Electrical sheets (non grain-oriented),FTA Quota – Other countries,0
2026-08-04,09.9828,3.B,Electrical sheets (grain-oriented),China,0
2026-08-04,09.9829,3.B,Electrical sheets (grain-oriented),Taiwan,3916
2026-08-04,09.9830,3.B,Electrical sheets (grain-oriented),Korea,12523
2026-08-04,09.9831,3.B,Electrical sheets (grain-oriented),Viet Nam,6925
2026-08-04,09.9504,3.B,Electrical sheets (grain-oriented),FTA Quota – CSQ,4217
2026-08-04,09.9604,3.B,Electrical sheets (grain-oriented),Other countries,1477
2026-08-04,09.9712,3.B,Electrical sheets (grain-oriented),FTA Quota – Other countries,4078
2026-08-04,09.9713,3.B,Electrical sheets (grain-oriented),Japan,554
2026-08-04,09.9832,4.A,Metallic coated sheets,Viet Nam,98206
2026-08-04,09.9833,4.A,Metallic coated sheets,Taiwan,15065
2026-08-04,09.9834,4.A,Metallic coated sheets,Türkiye,0
2026-08-04,09.9835,4.A,Metallic coated sheets,India,50371
2026-08-04,09.9836,4.A,Metallic coated sheets,Korea,9376
2026-08-04,09.9505,4.A,Metallic coated sheets,FTA Quota – CSQ,0
2026-08-04,09.9605,4.A,Metallic coated sheets,Other countries,0
2026-08-04,09.9714,4.A,Metallic coated sheets,FTA Quota – Other countries,6224
2026-08-04,09.9718,4.A,Metallic coated sheets,United Kingdom,3418
2026-08-04,09.9716,4.A,Metallic coated sheets,Japan,71
2026-08-04,09.9715,4.A,Metallic coated sheets,Egypt,2836
2026-08-04,09.9717,4.A,Metallic coated sheets,South Africa,3095
2026-08-04,09.9837,4.B,Metallic coated sheets (automotive),Korea,38859
2026-08-04,09.9838,4.B,Metallic coated sheets (automotive),China,0
2026-08-04,09.9839,4.B,Metallic coated sheets (automotive),United Kingdom,33349
2026-08-04,09.9840,4.B,Metallic coated sheets (automotive),Türkiye,0
2026-08-04,09.9841,4.B,Metallic coated sheets (automotive),India,25067
2026-08-04,09.9506,4.B,Metallic coated sheets (automotive),FTA Quota – CSQ,0
2026-08-04,09.9606,4.B,Metallic coated sheets (automotive),Other countries,0
2026-08-04,09.9719,4.B,Metallic coated sheets (automotive),FTA Quota – Other countries,5022
2026-08-04,09.9720,4.B,Metallic coated sheets (automotive),Egypt,1718
2026-08-04,09.9721,4.B,Metallic coated sheets (automotive),Switzerland,28
2026-08-04,09.9842,5,Organic coated sheets,India,416
2026-08-04,09.9843,5,Organic coated sheets,Korea,0
2026-08-04,09.9844,5,Organic coated sheets,Viet Nam,4429
2026-08-04,09.9845,5,Organic coated sheets,Türkiye,0
2026-08-04,09.9846,5,Organic coated sheets,Taiwan,154
2026-08-04,09.9847,5,Organic coated sheets,United Kingdom,5489
2026-08-04,09.9507,5,Organic coated sheets,FTA Quota – CSQ,0
2026-08-04,09.9607,5,Organic coated sheets,Other countries,2982
2026-08-04,09.9722,5,Organic coated sheets,FTA Quota – Other countries,1539
2026-08-04,09.9723,5,Organic coated sheets,North Macedonia,0
2026-08-04,09.9848,6,Tin mill products,China,32290
2026-08-04,09.9849,6,Tin mill products,Serbia,10822
2026-08-04,09.9850,6,Tin mill products,United Kingdom,10915
2026-08-04,09.9851,6,Tin mill products,Türkiye,11665
2026-08-04,09.9852,6,Tin mill products,Korea,7434
2026-08-04,09.9853,6,Tin mill products,India,5914
2026-08-04,09.9508,6,Tin mill products,FTA Quota – CSQ,11255
2026-08-04,09.9608,6,Tin mill products,Other countries,423
2026-08-04,09.9724,6,Tin mill products,FTA Quota – Other countries,5334
2026-08-04,09.9725,6,Tin mill products,Japan,0
2026-08-04,09.9726,6,Tin mill products,Singapore,21
2026-08-04,09.9854,7,Non-alloy & other alloy quarto plates,Korea,2762
2026-08-04,09.9855,7,Non-alloy & other alloy quarto plates,Indonesia,18581
2026-08-04,09.9856,7,Non-alloy & other alloy quarto plates,India,52558
2026-08-04,09.9857,7,Non-alloy & other alloy quarto plates,Japan,23253
2026-08-04,09.9858,7,Non-alloy & other alloy quarto plates,North Macedonia,7630
2026-08-04,09.9859,7,Non-alloy & other alloy quarto plates,United Kingdom,3728
2026-08-04,09.9509,7,Non-alloy & other alloy quarto plates,FTA Quota – CSQ,22682
2026-08-04,09.9609,7,Non-alloy & other alloy quarto plates,Other countries,9768
2026-08-04,09.9727,7,Non-alloy & other alloy quarto plates,FTA Quota – Other countries,7262
2026-08-04,09.9728,7,Non-alloy & other alloy quarto plates,Türkiye,6247
2026-08-04,09.9491,7,Non-alloy & other alloy quarto plates,United Kingdom (to Northern Ireland from other parts of the United Kingdom),4452
2026-08-04,09.9860,8,Stainless hot rolled sheets and strips,Taiwan,2085
2026-08-04,09.9861,8,Stainless hot rolled sheets and strips,Indonesia,8955
2026-08-04,09.9862,8,Stainless hot rolled sheets and strips,India,4161
2026-08-04,09.9863,8,Stainless hot rolled sheets and strips,China,2252
2026-08-04,09.9864,8,Stainless hot rolled sheets and strips,Korea,2082
2026-08-04,09.9865,8,Stainless hot rolled sheets and strips,Türkiye,3430
2026-08-04,09.9866,8,Stainless hot rolled sheets and strips,South Africa,2275
2026-08-04,09.9510,8,Stainless hot rolled sheets and strips,FTA Quota – CSQ,2806
2026-08-04,09.9610,8,Stainless hot rolled sheets and strips,Other countries,434
2026-08-04,09.9729,8,Stainless hot rolled sheets and strips,FTA Quota – Other countries,407
2026-08-04,09.9492,8,Stainless hot rolled sheets and strips,United Kingdom (to Northern Ireland from other parts of the United Kingdom),13
2026-08-04,09.9867,9,Stainless cold rolled sheets and strips,Taiwan,11736
2026-08-04,09.9868,9,Stainless cold rolled sheets and strips,China,9013
2026-08-04,09.9869,9,Stainless cold rolled sheets and strips,Korea,20380
2026-08-04,09.9870,9,Stainless cold rolled sheets and strips,Türkiye,10215
2026-08-04,09.9871,9,Stainless cold rolled sheets and strips,South Africa,8246
2026-08-04,09.9872,9,Stainless cold rolled sheets and strips,Viet Nam,8340
2026-08-04,09.9873,9,Stainless cold rolled sheets and strips,India,6589
2026-08-04,09.9511,9,Stainless cold rolled sheets and strips,FTA Quota – CSQ,9935
2026-08-04,09.9611,9,Stainless cold rolled sheets and strips,Other countries,3701
2026-08-04,09.9730,9,Stainless cold rolled sheets and strips,FTA Quota – Other countries,5085
2026-08-04,09.9731,9,Stainless cold rolled sheets and strips,Switzerland,187
2026-08-04,09.9493,9,Stainless cold rolled sheets and strips,United Kingdom (to Northern Ireland from other parts of the United Kingdom),31
2026-08-04,09.9874,10,Stainless hot rolled quarto plates,China,865
2026-08-04,09.9875,10,Stainless hot rolled quarto plates,India,679
2026-08-04,09.9876,10,Stainless hot rolled quarto plates,Korea,405
2026-08-04,09.9877,10,Stainless hot rolled quarto plates,South Africa,424
2026-08-04,09.9512,10,Stainless hot rolled quarto plates,FTA Quota – CSQ,279
2026-08-04,09.9612,10,Stainless hot rolled quarto plates,Other countries,162
2026-08-04,09.9732,10,Stainless hot rolled quarto plates,FTA Quota – Other countries,270
2026-08-04,09.9878,12,Non-alloy & other alloy merchant bars & light sections,China,18039
2026-08-04,09.9879,12,Non-alloy & other alloy merchant bars & light sections,Türkiye,39884
2026-08-04,09.9880,12,Non-alloy & other alloy merchant bars & light sections,United Kingdom,19456
2026-08-04,09.9881,12,Non-alloy & other alloy merchant bars & light sections,Switzerland,16383
2026-08-04,09.9882,12,Non-alloy & other alloy merchant bars & light sections,Korea,7863
2026-08-04,09.9883,12,Non-alloy & other alloy merchant bars & light sections,North Macedonia,7519
2026-08-04,09.9513,12,Non-alloy & other alloy merchant bars & light sections,FTA Quota – CSQ,14063
2026-08-04,09.9613,12,Non-alloy & other alloy merchant bars & light sections,Other countries,6290
2026-08-04,09.9733,12,Non-alloy & other alloy merchant bars & light sections,FTA Quota – Other countries,10563
2026-08-04,09.9734,12,Non-alloy & other alloy merchant bars & light sections,Brazil,2884
2026-08-04,09.9735,12,Non-alloy & other alloy merchant bars & light sections,Egypt,1418
2026-08-04,09.9884,13,Rebars,Türkiye,0
2026-08-04,09.9885,13,Rebars,Egypt,24779
2026-08-04,09.9886,13,Rebars,Algeria,8480
2026-08-04,09.9887,13,Rebars,Moldova,8667
2026-08-04,09.9888,13,Rebars,China,4892
2026-08-04,09.9889,13,Rebars,Ukraine,7824
2026-08-04,09.9514,13,Rebars,FTA Quota – CSQ,0
2026-08-04,09.9614,13,Rebars,Other countries,14136
2026-08-04,09.9736,13,Rebars,FTA Quota – Other countries,9575
2026-08-04,09.9494,13,Rebars,United Kingdom (to Northern Ireland from other parts of the United Kingdom),2154
2026-08-04,09.9890,14,Stainless bars and light sections,India,0
2026-08-04,09.9891,14,Stainless bars and light sections,Switzerland,992
2026-08-04,09.9892,14,Stainless bars and light sections,United Kingdom,1219
2026-08-04,09.9893,14,Stainless bars and light sections,China,452
2026-08-04,09.9515,14,Stainless bars and light sections,FTA Quota – CSQ,0
2026-08-04,09.9615,14,Stainless bars and light sections,Other countries,337
2026-08-04,09.9737,14,Stainless bars and light sections,FTA Quota – Other countries,527
2026-08-04,09.9894,15,Stainless wire rod,India,2415
2026-08-04,09.9895,15,Stainless wire rod,Taiwan,700
2026-08-04,09.9896,15,Stainless wire rod,Korea,676
2026-08-04,09.9897,15,Stainless wire rod,United Kingdom,670
2026-08-04,09.9898,15,Stainless wire rod,China,342
2026-08-04,09.9899,15,Stainless wire rod,Japan,30
2026-08-04,09.9516,15,Stainless wire rod,FTA Quota – CSQ,810
2026-08-04,09.9616,15,Stainless wire rod,Other countries,131
2026-08-04,09.9738,15,Stainless wire rod,FTA Quota – Other countries,91
2026-08-04,09.9900,16,Non-alloy & other alloy wire rod,Türkiye,0
2026-08-04,09.9901,16,Non-alloy & other alloy wire rod,Malaysia,21671
2026-08-04,09.9902,16,Non-alloy & other alloy wire rod,United Kingdom,38132
2026-08-04,09.9903,16,Non-alloy & other alloy wire rod,Ukraine,10734
2026-08-04,09.9904,16,Non-alloy & other alloy wire rod,Switzerland,12964
2026-08-04,09.9905,16,Non-alloy & other alloy wire rod,Viet Nam,15389
2026-08-04,09.9906,16,Non-alloy & other alloy wire rod,Moldova,20621
2026-08-04,09.9907,16,Non-alloy & other alloy wire rod,Egypt,2166
2026-08-04,09.9517,16,Non-alloy & other alloy wire rod,FTA Quota – CSQ,0
2026-08-04,09.9617,16,Non-alloy & other alloy wire rod,Other countries,37303
2026-08-04,09.9739,16,Non-alloy & other alloy wire rod,FTA Quota – Other countries,29419
2026-08-04,09.9740,16,Non-alloy & other alloy wire rod,Korea,2834
2026-08-04,09.9741,16,Non-alloy & other alloy wire rod,Japan,1007
2026-08-04,09.9908,17,"Angles, shapes and sections of iron/non-alloy steel",Türkiye,844
2026-08-04,09.9909,17,"Angles, shapes and sections of iron/non-alloy steel",United Kingdom,4646
2026-08-04,09.9910,17,"Angles, shapes and sections of iron/non-alloy steel",Switzerland,2590
2026-08-04,09.9911,17,"Angles, shapes and sections of iron/non-alloy steel",United Arab Emirates,1491
2026-08-04,09.9518,17,"Angles, shapes and sections of iron/non-alloy steel",FTA Quota – CSQ,3032
2026-08-04,09.9618,17,"Angles, shapes and sections of iron/non-alloy steel",Other countries,2215
2026-08-04,09.9742,17,"Angles, shapes and sections of iron/non-alloy steel",FTA Quota – Other countries,1046
2026-08-04,09.9743,17,"Angles, shapes and sections of iron/non-alloy steel",Korea,1250
2026-08-04,09.9495,17,"Angles, shapes and sections of iron/non-alloy steel",United Kingdom (to Northern Ireland from other parts of the United Kingdom),13727
2026-08-04,09.9912,18,Sheet piling,China,0
2026-08-04,09.9913,18,Sheet piling,United Arab Emirates,2
2026-08-04,09.9914,18,Sheet piling,United Kingdom,1635
2026-08-04,09.9519,18,Sheet piling,FTA Quota – CSQ,1234
2026-08-04,09.9619,18,Sheet piling,Other countries,0
2026-08-04,09.9744,18,Sheet piling,FTA Quota – Other countries,1398
2026-08-04,09.9915,19,Railway material,United Kingdom,1417
2026-08-04,09.9916,19,Railway material,Türkiye,241
2026-08-04,09.9917,19,Railway material,China,0
2026-08-04,09.9520,19,Railway material,FTA Quota – CSQ,286
2026-08-04,09.9620,19,Railway material,Other countries,181
2026-08-04,09.9745,19,Railway material,FTA Quota – Other countries,147
2026-08-04,09.9918,20,Gas pipes,Türkiye,0
2026-08-04,09.9919,20,Gas pipes,India,0
2026-08-04,09.9920,20,Gas pipes,United Arab Emirates,2491
2026-08-04,09.9921,20,Gas pipes,North Macedonia,134
2026-08-04,09.9922,20,Gas pipes,United Kingdom,1971
2026-08-04,09.9521,20,Gas pipes,FTA Quota – CSQ,0
2026-08-04,09.9621,20,Gas pipes,Other countries,76
2026-08-04,09.9746,20,Gas pipes,FTA Quota – Other countries,1429
2026-08-04,09.9923,21,Hollow sections,Türkiye,0
2026-08-04,09.9924,21,Hollow sections,United Kingdom,13493
2026-08-04,09.9925,21,Hollow sections,North Macedonia,0
2026-08-04,09.9926,21,Hollow sections,China,0
2026-08-04,09.9927,21,Hollow sections,Ukraine,0
2026-08-04,09.9522,21,Hollow sections,FTA Quota – CSQ,0
2026-08-04,09.9622,21,Hollow sections,Other countries,0
2026-08-04,09.9747,21,Hollow sections,FTA Quota – Other countries,0
2026-08-04,09.9748,21,Hollow sections,Switzerland,515
2026-08-04,09.9928,22,Seamless stainless tubes and pipes,India,0
2026-08-04,09.9929,22,Seamless stainless tubes and pipes,Ukraine,761
2026-08-04,09.9930,22,Seamless stainless tubes and pipes,China,113
2026-08-04,09.9931,22,Seamless stainless tubes and pipes,Korea,478
2026-08-04,09.9523,22,Seamless stainless tubes and pipes,FTA Quota – CSQ,0
2026-08-04,09.9623,22,Seamless stainless tubes and pipes,Other countries,0
2026-08-04,09.9749,22,Seamless stainless tubes and pipes,FTA Quota – Other countries,338
2026-08-04,09.9750,22,Seamless stainless tubes and pipes,Japan,0
2026-08-04,09.9932,24,Other seamless tubes,China,0
2026-08-04,09.9933,24,Other seamless tubes,Ukraine,6213
2026-08-04,09.9934,24,Other seamless tubes,Brazil,5560
2026-08-04,09.9524,24,Other seamless tubes,FTA Quota – CSQ,3052
2026-08-04,09.9624,24,Other seamless tubes,Other countries,4843
2026-08-04,09.9751,24,Other seamless tubes,FTA Quota – Other countries,9482
2026-08-04,09.9752,24,Other seamless tubes,Argentina,1004
2026-08-04,09.9753,24,Other seamless tubes,Singapore,111
2026-08-04,09.9935,25.A,Large welded tubes,Türkiye,1947
2026-08-04,09.9936,25.A,Large welded tubes,Israel,834
2026-08-04,09.9937,25.A,Large welded tubes,China,8
2026-08-04,09.9938,25.A,Large welded tubes,India,0
2026-08-04,09.9525,25.A,Large welded tubes,FTA Quota – CSQ,1299
2026-08-04,09.9625,25.A,Large welded tubes,Other countries,425
2026-08-04,09.9754,25.A,Large welded tubes,FTA Quota – Other countries,584
2026-08-04,09.9496,25.A,Large welded tubes,United Kingdom (to Northern Ireland from other parts of the United Kingdom),14
2026-08-04,09.9939,25.B,Large welded tubes (line pipe),Türkiye,4247
2026-08-04,09.9940,25.B,Large welded tubes (line pipe),China,0
2026-08-04,09.9941,25.B,Large welded tubes (line pipe),United Kingdom,1409
2026-08-04,09.9942,25.B,Large welded tubes (line pipe),Algeria,0
2026-08-04,09.9526,25.B,Large welded tubes (line pipe),FTA Quota – CSQ,2030
2026-08-04,09.9626,25.B,Large welded tubes (line pipe),Other countries,0
2026-08-04,09.9755,25.B,Large welded tubes (line pipe),FTA Quota – Other countries,1173
2026-08-04,09.9756,25.B,Large welded tubes (line pipe),Singapore,21
2026-08-04,09.9943,26,Other welded tubes,Türkiye,0
2026-08-04,09.9944,26,Other welded tubes,Switzerland,10984
2026-08-04,09.9945,26,Other welded tubes,China,0
2026-08-04,09.9946,26,Other welded tubes,India,0
2026-08-04,09.9947,26,Other welded tubes,United Kingdom,2982
2026-08-04,09.9948,26,Other welded tubes,Taiwan,0
2026-08-04,09.9527,26,Other welded tubes,FTA Quota – CSQ,0
2026-08-04,09.9627,26,Other welded tubes,Other countries,1789
2026-08-04,09.9757,26,Other welded tubes,FTA Quota – Other countries,2256
2026-08-04,09.9758,26,Other welded tubes,Singapore,0
2026-08-04,09.9949,27,Non-alloy & alloy cold finished bars,China,1565
2026-08-04,09.9950,27,Non-alloy & alloy cold finished bars,Türkiye,3636
2026-08-04,09.9951,27,Non-alloy & alloy cold finished bars,Switzerland,3266
2026-08-04,09.9952,27,Non-alloy & alloy cold finished bars,Ukraine,1301
2026-08-04,09.9528,27,Non-alloy & alloy cold finished bars,FTA Quota – CSQ,1491
2026-08-04,09.9628,27,Non-alloy & alloy cold finished bars,Other countries,914
2026-08-04,09.9759,27,Non-alloy & alloy cold finished bars,FTA Quota – Other countries,1774
2026-08-04,09.9953,27,Non-alloy & alloy cold finished bars,China,0
2026-08-04,09.9954,27,Non-alloy & alloy cold finished bars,Türkiye,4229
2026-08-04,09.9955,27,Non-alloy & alloy cold finished bars,Ukraine,12124
2026-08-04,09.9529,27,Non-alloy & alloy cold finished bars,FTA Quota – CSQ,4496
2026-08-04,09.9629,27,Non-alloy & alloy cold finished bars,Other countries,586
2026-08-04,09.9760,27,Non-alloy & alloy cold finished bars,FTA Quota – Other countries,7772
2026-08-04,09.9497,27,Non-alloy & alloy cold finished bars,United Kingdom (to Northern Ireland from other parts of the United Kingdom),167
2026-08-05,09.9801,1.A,Non-alloy & other alloy hot rolled sheets/strips,Türkiye,0
2026-08-05,09.9802,1.A,Non-alloy & other alloy hot rolled sheets/strips,Japan,130049
2026-08-05,09.9803,1.A,Non-alloy & other alloy hot rolled sheets/strips,India,47368
2026-08-05,09.9804,1.A,Non-alloy & other alloy hot rolled sheets/strips,Taiwan,67237
2026-08-05,09.9805,1.A,Non-alloy & other alloy hot rolled sheets/strips,Ukraine,55659
2026-08-05,09.9806,1.A,Non-alloy & other alloy hot rolled sheets/strips,Korea,60900
2026-08-05,09.9807,1.A,Non-alloy & other alloy hot rolled sheets/strips,Viet Nam,80564
2026-08-05,09.9808,1.A,Non-alloy & other alloy hot rolled sheets/strips,Egypt,99404
2026-08-05,09.9809,1.A,Non-alloy & other alloy hot rolled sheets/strips,Serbia,42784
2026-08-05,09.9500,1.A,Non-alloy & other alloy hot rolled sheets/strips,FTA Quota – CSQ,0
2026-08-05,09.9701,1.A,Non-alloy & other alloy hot rolled sheets/strips,Brazil,42444
2026-08-05,09.9705,1.A,Non-alloy & other alloy hot rolled sheets/strips,United Kingdom,36114
2026-08-05,09.9702,1.A,Non-alloy & other alloy hot rolled sheets/strips,Indonesia,0
2026-08-05,09.9810,1.A,Non-alloy & other alloy hot rolled sheets/strips,Australia,11695
2026-08-05,09.9811,1.A,Non-alloy & other alloy hot rolled sheets/strips,Saudi Arabia,9545
2026-08-05,09.9704,1.A,Non-alloy & other alloy hot rolled sheets/strips,Switzerland,5353
2026-08-05,09.9812,1.A,Non-alloy & other alloy hot rolled sheets/strips,Kazakhstan,2349
2026-08-05,09.9703,1.A,Non-alloy & other alloy hot rolled sheets/strips,North Macedonia,1198
2026-08-05,09.9600,1.A,Non-alloy & other alloy hot rolled sheets/strips,Other countries,0
2026-08-05,09.9700,1.A,Non-alloy & other alloy hot rolled sheets/strips,FTA Quota – Other countries,0
2026-08-05,09.9813,1.B,Non-alloy & other alloy hot rolled sheets/strips (7212 60),United Kingdom,330
2026-08-05,09.9814,1.B,Non-alloy & other alloy hot rolled sheets/strips (7212 60),United States,0
2026-08-05,09.9815,1.B,Non-alloy & other alloy hot rolled sheets/strips (7212 60),Japan,122
2026-08-05,09.9816,1.B,Non-alloy & other alloy hot rolled sheets/strips (7212 60),China,20
2026-08-05,09.9501,1.B,Non-alloy & other alloy hot rolled sheets/strips (7212 60),FTA Quota – CSQ,107
2026-08-05,09.9601,1.B,Non-alloy & other alloy hot rolled sheets/strips (7212 60),Other countries,41
2026-08-05,09.9706,1.B,Non-alloy & other alloy hot rolled sheets/strips (7212 60),FTA Quota – Other countries,49
2026-08-05,09.9817,2,Non-alloy & other alloy cold rolled sheets,Taiwan,33542
2026-08-05,09.9818,2,Non-alloy & other alloy cold rolled sheets,India,60964
2026-08-05,09.9819,2,Non-alloy & other alloy cold rolled sheets,Korea,23226
2026-08-05,09.9820,2,Non-alloy & other alloy cold rolled sheets,Türkiye,39587
2026-08-05,09.9821,2,Non-alloy & other alloy cold rolled sheets,United Kingdom,19624
2026-08-05,09.9822,2,Non-alloy & other alloy cold rolled sheets,Japan,29102
2026-08-05,09.9823,2,Non-alloy & other alloy cold rolled sheets,Ukraine,6386
2026-08-05,09.9502,2,Non-alloy & other alloy cold rolled sheets,FTA Quota – CSQ,33671
2026-08-05,09.9602,2,Non-alloy & other alloy cold rolled sheets,Other countries,0
2026-08-05,09.9707,2,Non-alloy & other alloy cold rolled sheets,FTA Quota – Other countries,16318
2026-08-05,09.9709,2,Non-alloy & other alloy cold rolled sheets,Egypt,818
2026-08-05,09.9710,2,Non-alloy & other alloy cold rolled sheets,Switzerland,430
2026-08-05,09.9708,2,Non-alloy & other alloy cold rolled sheets,Brazil,0
2026-08-05,09.9824,3.A,Electrical sheets (non grain-oriented),Japan,78
2026-08-05,09.9825,3.A,Electrical sheets (non grain-oriented),United Kingdom,20
2026-08-05,09.9826,3.A,Electrical sheets (non grain-oriented),China,5
2026-08-05,09.9827,3.A,Electrical sheets (non grain-oriented),Türkiye,9
2026-08-05,09.9503,3.A,Electrical sheets (non grain-oriented),FTA Quota – CSQ,29
2026-08-05,09.9603,3.A,Electrical sheets (non grain-oriented),Other countries,7
2026-08-05,09.9711,3.A,Electrical sheets (non grain-oriented),FTA Quota – Other countries,0
2026-08-05,09.9828,3.B,Electrical sheets (grain-oriented),China,0
2026-08-05,09.9829,3.B,Electrical sheets (grain-oriented),Taiwan,3916
2026-08-05,09.9830,3.B,Electrical sheets (grain-oriented),Korea,12523
2026-08-05,09.9831,3.B,Electrical sheets (grain-oriented),Viet Nam,6925
2026-08-05,09.9504,3.B,Electrical sheets (grain-oriented),FTA Quota – CSQ,4217
2026-08-05,09.9604,3.B,Electrical sheets (grain-oriented),Other countries,1477
2026-08-05,09.9712,3.B,Electrical sheets (grain-oriented),FTA Quota – Other countries,4078
2026-08-05,09.9713,3.B,Electrical sheets (grain-oriented),Japan,554
2026-08-05,09.9832,4.A,Metallic coated sheets,Viet Nam,98020
2026-08-05,09.9833,4.A,Metallic coated sheets,Taiwan,14987
2026-08-05,09.9834,4.A,Metallic coated sheets,Türkiye,0
2026-08-05,09.9835,4.A,Metallic coated sheets,India,48805
2026-08-05,09.9836,4.A,Metallic coated sheets,Korea,9070
2026-08-05,09.9505,4.A,Metallic coated sheets,FTA Quota – CSQ,0
2026-08-05,09.9605,4.A,Metallic coated sheets,Other countries,0
2026-08-05,09.9714,4.A,Metallic coated sheets,FTA Quota – Other countries,3014
2026-08-05,09.9718,4.A,Metallic coated sheets,United Kingdom,2897
2026-08-05,09.9716,4.A,Metallic coated sheets,Japan,71
2026-08-05,09.9715,4.A,Metallic coated sheets,Egypt,2781
2026-08-05,09.9717,4.A,Metallic coated sheets,South Africa,3095
2026-08-05,09.9837,4.B,Metallic coated sheets (automotive),Korea,37338
2026-08-05,09.9838,4.B,Metallic coated sheets (automotive),China,0
2026-08-05,09.9839,4.B,Metallic coated sheets (automotive),United Kingdom,33240
2026-08-05,09.9840,4.B,Metallic coated sheets (automotive),Türkiye,0
2026-08-05,09.9841,4.B,Metallic coated sheets (automotive),India,25024
2026-08-05,09.9506,4.B,Metallic coated sheets (automotive),FTA Quota – CSQ,0
2026-08-05,09.9606,4.B,Metallic coated sheets (automotive),Other countries,0
2026-08-05,09.9719,4.B,Metallic coated sheets (automotive),FTA Quota – Other countries,4754
2026-08-05,09.9720,4.B,Metallic coated sheets (automotive),Egypt,1718
2026-08-05,09.9721,4.B,Metallic coated sheets (automotive),Switzerland,28
2026-08-05,09.9842,5,Organic coated sheets,India,96
2026-08-05,09.9843,5,Organic coated sheets,Korea,0
2026-08-05,09.9844,5,Organic coated sheets,Viet Nam,4429
2026-08-05,09.9845,5,Organic coated sheets,Türkiye,0
2026-08-05,09.9846,5,Organic coated sheets,Taiwan,154
2026-08-05,09.9847,5,Organic coated sheets,United Kingdom,5323
2026-08-05,09.9507,5,Organic coated sheets,FTA Quota – CSQ,0
2026-08-05,09.9607,5,Organic coated sheets,Other countries,1855
2026-08-05,09.9722,5,Organic coated sheets,FTA Quota – Other countries,1533
2026-08-05,09.9723,5,Organic coated sheets,North Macedonia,0
2026-08-05,09.9848,6,Tin mill products,China,32164
2026-08-05,09.9849,6,Tin mill products,Serbia,10372
2026-08-05,09.9850,6,Tin mill products,United Kingdom,10548
2026-08-05,09.9851,6,Tin mill products,Türkiye,11591
2026-08-05,09.9852,6,Tin mill products,Korea,7434
2026-08-05,09.9853,6,Tin mill products,India,5914
2026-08-05,09.9508,6,Tin mill products,FTA Quota – CSQ,11255
2026-08-05,09.9608,6,Tin mill products,Other countries,402
2026-08-05,09.9724,6,Tin mill products,FTA Quota – Other countries,5251
2026-08-05,09.9725,6,Tin mill products,Japan,0
2026-08-05,09.9726,6,Tin mill products,Singapore,21
2026-08-05,09.9854,7,Non-alloy & other alloy quarto plates,Korea,2718
2026-08-05,09.9855,7,Non-alloy & other alloy quarto plates,Indonesia,18581
2026-08-05,09.9856,7,Non-alloy & other alloy quarto plates,India,52558
2026-08-05,09.9857,7,Non-alloy & other alloy quarto plates,Japan,23253
2026-08-05,09.9858,7,Non-alloy & other alloy quarto plates,North Macedonia,6901
2026-08-05,09.9859,7,Non-alloy & other alloy quarto plates,United Kingdom,3413
2026-08-05,09.9509,7,Non-alloy & other alloy quarto plates,FTA Quota – CSQ,22682
2026-08-05,09.9609,7,Non-alloy & other alloy quarto plates,Other countries,9566
2026-08-05,09.9727,7,Non-alloy & other alloy quarto plates,FTA Quota – Other countries,7157
2026-08-05,09.9728,7,Non-alloy & other alloy quarto plates,Türkiye,187
2026-08-05,09.9491,7,Non-alloy & other alloy quarto plates,United Kingdom (to Northern Ireland from other parts of the United Kingdom),4390
2026-08-05,09.9860,8,Stainless hot rolled sheets and strips,Taiwan,2085
2026-08-05,09.9861,8,Stainless hot rolled sheets and strips,Indonesia,8955
2026-08-05,09.9862,8,Stainless hot rolled sheets and strips,India,4160
2026-08-05,09.9863,8,Stainless hot rolled sheets and strips,China,2252
2026-08-05,09.9864,8,Stainless hot rolled sheets and strips,Korea,2082
2026-08-05,09.9865,8,Stainless hot rolled sheets and strips,Türkiye,3430
2026-08-05,09.9866,8,Stainless hot rolled sheets and strips,South Africa,2275
2026-08-05,09.9510,8,Stainless hot rolled sheets and strips,FTA Quota – CSQ,2806
2026-08-05,09.9610,8,Stainless hot rolled sheets and strips,Other countries,431
2026-08-05,09.9729,8,Stainless hot rolled sheets and strips,FTA Quota – Other countries,407
2026-08-05,09.9492,8,Stainless hot rolled sheets and strips,United Kingdom (to Northern Ireland from other parts of the United Kingdom),13
2026-08-05,09.9867,9,Stainless cold rolled sheets and strips,Taiwan,11262
2026-08-05,09.9868,9,Stainless cold rolled sheets and strips,China,8892
2026-08-05,09.9869,9,Stainless cold rolled sheets and strips,Korea,16031
2026-08-05,09.9870,9,Stainless cold rolled sheets and strips,Türkiye,9189
2026-08-05,09.9871,9,Stainless cold rolled sheets and strips,South Africa,8163
2026-08-05,09.9872,9,Stainless cold rolled sheets and strips,Viet Nam,7860
2026-08-05,09.9873,9,Stainless cold rolled sheets and strips,India,6424
2026-08-05,09.9511,9,Stainless cold rolled sheets and strips,FTA Quota – CSQ,9935
2026-08-05,09.9611,9,Stainless cold rolled sheets and strips,Other countries,3440
2026-08-05,09.9730,9,Stainless cold rolled sheets and strips,FTA Quota – Other countries,5018
2026-08-05,09.9731,9,Stainless cold rolled sheets and strips,Switzerland,181
2026-08-05,09.9493,9,Stainless cold rolled sheets and strips,United Kingdom (to Northern Ireland from other parts of the United Kingdom),31
2026-08-05,09.9874,10,Stainless hot rolled quarto plates,China,865
2026-08-05,09.9875,10,Stainless hot rolled quarto plates,India,679
2026-08-05,09.9876,10,Stainless hot rolled quarto plates,Korea,405
2026-08-05,09.9877,10,Stainless hot rolled quarto plates,South Africa,424
2026-08-05,09.9512,10,Stainless hot rolled quarto plates,FTA Quota – CSQ,279
2026-08-05,09.9612,10,Stainless hot rolled quarto plates,Other countries,162
2026-08-05,09.9732,10,Stainless hot rolled quarto plates,FTA Quota – Other countries,270
2026-08-05,09.9878,12,Non-alloy & other alloy merchant bars & light sections,China,16790
2026-08-05,09.9879,12,Non-alloy & other alloy merchant bars & light sections,Türkiye,38653
2026-08-05,09.9880,12,Non-alloy & other alloy merchant bars & light sections,United Kingdom,18835
2026-08-05,09.9881,12,Non-alloy & other alloy merchant bars & light sections,Switzerland,16308
2026-08-05,09.9882,12,Non-alloy & other alloy merchant bars & light sections,Korea,7863
2026-08-05,09.9883,12,Non-alloy & other alloy merchant bars & light sections,North Macedonia,6904
2026-08-05,09.9513,12,Non-alloy & other alloy merchant bars & light sections,FTA Quota – CSQ,14063
2026-08-05,09.9613,12,Non-alloy & other alloy merchant bars & light sections,Other countries,5697
2026-08-05,09.9733,12,Non-alloy & other alloy merchant bars & light sections,FTA Quota – Other countries,10557
2026-08-05,09.9734,12,Non-alloy & other alloy merchant bars & light sections,Brazil,2852
2026-08-05,09.9735,12,Non-alloy & other alloy merchant bars & light sections,Egypt,1070
2026-08-05,09.9884,13,Rebars,Türkiye,0
2026-08-05,09.9885,13,Rebars,Egypt,24779
2026-08-05,09.9886,13,Rebars,Algeria,8480
2026-08-05,09.9887,13,Rebars,Moldova,7865
2026-08-05,09.9888,13,Rebars,China,4892
2026-08-05,09.9889,13,Rebars,Ukraine,7546
2026-08-05,09.9514,13,Rebars,FTA Quota – CSQ,0
2026-08-05,09.9614,13,Rebars,Other countries,13269
2026-08-05,09.9736,13,Rebars,FTA Quota – Other countries,9575
2026-08-05,09.9494,13,Rebars,United Kingdom (to Northern Ireland from other parts of the United Kingdom),2154
2026-08-05,09.9890,14,Stainless bars and light sections,India,0
2026-08-05,09.9891,14,Stainless bars and light sections,Switzerland,879
2026-08-05,09.9892,14,Stainless bars and light sections,United Kingdom,1168
2026-08-05,09.9893,14,Stainless bars and light sections,China,437
2026-08-05,09.9515,14,Stainless bars and light sections,FTA Quota – CSQ,0
2026-08-05,09.9615,14,Stainless bars and light sections,Other countries,316
2026-08-05,09.9737,14,Stainless bars and light sections,FTA Quota – Other countries,524
2026-08-05,09.9894,15,Stainless wire rod,India,2301
2026-08-05,09.9895,15,Stainless wire rod,Taiwan,383
2026-08-05,09.9896,15,Stainless wire rod,Korea,676
2026-08-05,09.9897,15,Stainless wire rod,United Kingdom,636
2026-08-05,09.9898,15,Stainless wire rod,China,340
2026-08-05,09.9899,15,Stainless wire rod,Japan,30
2026-08-05,09.9516,15,Stainless wire rod,FTA Quota – CSQ,810
2026-08-05,09.9616,15,Stainless wire rod,Other countries,131
2026-08-05,09.9738,15,Stainless wire rod,FTA Quota – Other countries,91
2026-08-05,09.9900,16,Non-alloy & other alloy wire rod,Türkiye,0
2026-08-05,09.9901,16,Non-alloy & other alloy wire rod,Malaysia,21671
2026-08-05,09.9902,16,Non-alloy & other alloy wire rod,United Kingdom,36267
2026-08-05,09.9903,16,Non-alloy & other alloy wire rod,Ukraine,10507
2026-08-05,09.9904,16,Non-alloy & other alloy wire rod,Switzerland,11883
2026-08-05,09.9905,16,Non-alloy & other alloy wire rod,Viet Nam,15389
2026-08-05,09.9906,16,Non-alloy & other alloy wire rod,Moldova,19495
2026-08-05,09.9907,16,Non-alloy & other alloy wire rod,Egypt,2166
2026-08-05,09.9517,16,Non-alloy & other alloy wire rod,FTA Quota – CSQ,0
2026-08-05,09.9617,16,Non-alloy & other alloy wire rod,Other countries,37262
2026-08-05,09.9739,16,Non-alloy & other alloy wire rod,FTA Quota – Other countries,29419
2026-08-05,09.9740,16,Non-alloy & other alloy wire rod,Korea,2834
2026-08-05,09.9741,16,Non-alloy & other alloy wire rod,Japan,1007
2026-08-05,09.9908,17,"Angles, shapes and sections of iron/non-alloy steel",Türkiye,703
2026-08-05,09.9909,17,"Angles, shapes and sections of iron/non-alloy steel",United Kingdom,4591
2026-08-05,09.9910,17,"Angles, shapes and sections of iron/non-alloy steel",Switzerland,2590
2026-08-05,09.9911,17,"Angles, shapes and sections of iron/non-alloy steel",United Arab Emirates,1491
2026-08-05,09.9518,17,"Angles, shapes and sections of iron/non-alloy steel",FTA Quota – CSQ,3032
2026-08-05,09.9618,17,"Angles, shapes and sections of iron/non-alloy steel",Other countries,2191
2026-08-05,09.9742,17,"Angles, shapes and sections of iron/non-alloy steel",FTA Quota – Other countries,1046
2026-08-05,09.9743,17,"Angles, shapes and sections of iron/non-alloy steel",Korea,1250
2026-08-05,09.9495,17,"Angles, shapes and sections of iron/non-alloy steel",United Kingdom (to Northern Ireland from other parts of the United Kingdom),13417
2026-08-05,09.9912,18,Sheet piling,China,0
2026-08-05,09.9913,18,Sheet piling,United Arab Emirates,2
2026-08-05,09.9914,18,Sheet piling,United Kingdom,1635
2026-08-05,09.9519,18,Sheet piling,FTA Quota – CSQ,1234
2026-08-05,09.9619,18,Sheet piling,Other countries,0
2026-08-05,09.9744,18,Sheet piling,FTA Quota – Other countries,1392
2026-08-05,09.9915,19,Railway material,United Kingdom,1394
2026-08-05,09.9916,19,Railway material,Türkiye,241
2026-08-05,09.9917,19,Railway material,China,0
2026-08-05,09.9520,19,Railway material,FTA Quota – CSQ,286
2026-08-05,09.9620,19,Railway material,Other countries,176
2026-08-05,09.9745,19,Railway material,FTA Quota – Other countries,147
2026-08-05,09.9918,20,Gas pipes,Türkiye,0
2026-08-05,09.9919,20,Gas pipes,India,0
2026-08-05,09.9920,20,Gas pipes,United Arab Emirates,2491
2026-08-05,09.9921,20,Gas pipes,North Macedonia,71
2026-08-05,09.9922,20,Gas pipes,United Kingdom,1828
2026-08-05,09.9521,20,Gas pipes,FTA Quota – CSQ,0
2026-08-05,09.9621,20,Gas pipes,Other countries,74
2026-08-05,09.9746,20,Gas pipes,FTA Quota – Other countries,1315
2026-08-05,09.9923,21,Hollow sections,Türkiye,0
2026-08-05,09.9924,21,Hollow sections,United Kingdom,12970
2026-08-05,09.9925,21,Hollow sections,North Macedonia,0
2026-08-05,09.9926,21,Hollow sections,China,0
2026-08-05,09.9927,21,Hollow sections,Ukraine,0
2026-08-05,09.9522,21,Hollow sections,FTA Quota – CSQ,0
2026-08-05,09.9622,21,Hollow sections,Other countries,0
2026-08-05,09.9747,21,Hollow sections,FTA Quota – Other countries,0
2026-08-05,09.9748,21,Hollow sections,Switzerland,486
2026-08-05,09.9928,22,Seamless stainless tubes and pipes,India,0
2026-08-05,09.9929,22,Seamless stainless tubes and pipes,Ukraine,709
2026-08-05,09.9930,22,Seamless stainless tubes and pipes,China,94
2026-08-05,09.9931,22,Seamless stainless tubes and pipes,Korea,452
2026-08-05,09.9523,22,Seamless stainless tubes and pipes,FTA Quota – CSQ,0
2026-08-05,09.9623,22,Seamless stainless tubes and pipes,Other countries,0
2026-08-05,09.9749,22,Seamless stainless tubes and pipes,FTA Quota – Other countries,219
2026-08-05,09.9750,22,Seamless stainless tubes and pipes,Japan,0
2026-08-05,09.9932,24,Other seamless tubes,China,0
2026-08-05,09.9933,24,Other seamless tubes,Ukraine,5100
2026-08-05,09.9934,24,Other seamless tubes,Brazil,5500
2026-08-05,09.9524,24,Other seamless tubes,FTA Quota – CSQ,3052
2026-08-05,09.9624,24,Other seamless tubes,Other countries,4439
2026-08-05,09.9751,24,Other seamless tubes,FTA Quota – Other countries,9215
2026-08-05,09.9752,24,Other seamless tubes,Argentina,1004
2026-08-05,09.9753,24,Other seamless tubes,Singapore,111
2026-08-05,09.9935,25.A,Large welded tubes,Türkiye,1947
2026-08-05,09.9936,25.A,Large welded tubes,Israel,834
2026-08-05,09.9937,25.A,Large welded tubes,China,0
2026-08-05,09.9938,25.A,Large welded tubes,India,0
2026-08-05,09.9525,25.A,Large welded tubes,FTA Quota – CSQ,1299
2026-08-05,09.9625,25.A,Large welded tubes,Other countries,425
2026-08-05,09.9754,25.A,Large welded tubes,FTA Quota – Other countries,584
2026-08-05,09.9496,25.A,Large welded tubes,United Kingdom (to Northern Ireland from other parts of the United Kingdom),14
2026-08-05,09.9939,25.B,Large welded tubes (line pipe),Türkiye,4228
2026-08-05,09.9940,25.B,Large welded tubes (line pipe),China,0
2026-08-05,09.9941,25.B,Large welded tubes (line pipe),United Kingdom,1409
2026-08-05,09.9942,25.B,Large welded tubes (line pipe),Algeria,0
2026-08-05,09.9526,25.B,Large welded tubes (line pipe),FTA Quota – CSQ,2030
2026-08-05,09.9626,25.B,Large welded tubes (line pipe),Other countries,0
2026-08-05,09.9755,25.B,Large welded tubes (line pipe),FTA Quota – Other countries,1166
2026-08-05,09.9756,25.B,Large welded tubes (line pipe),Singapore,21
2026-08-05,09.9943,26,Other welded tubes,Türkiye,0
2026-08-05,09.9944,26,Other welded tubes,Switzerland,10887
2026-08-05,09.9945,26,Other welded tubes,China,0
2026-08-05,09.9946,26,Other welded tubes,India,0
2026-08-05,09.9947,26,Other welded tubes,United Kingdom,2745
2026-08-05,09.9948,26,Other welded tubes,Taiwan,0
2026-08-05,09.9527,26,Other welded tubes,FTA Quota – CSQ,0
2026-08-05,09.9627,26,Other welded tubes,Other countries,1448
2026-08-05,09.9757,26,Other welded tubes,FTA Quota – Other countries,2130
2026-08-05,09.9758,26,Other welded tubes,Singapore,0
2026-08-05,09.9949,27,Non-alloy & alloy cold finished bars,China,1501
2026-08-05,09.9950,27,Non-alloy & alloy cold finished bars,Türkiye,3152
2026-08-05,09.9951,27,Non-alloy & alloy cold finished bars,Switzerland,3117
2026-08-05,09.9952,27,Non-alloy & alloy cold finished bars,Ukraine,1301
2026-08-05,09.9528,27,Non-alloy & alloy cold finished bars,FTA Quota – CSQ,1491
2026-08-05,09.9628,27,Non-alloy & alloy cold finished bars,Other countries,836
2026-08-05,09.9759,27,Non-alloy & alloy cold finished bars,FTA Quota – Other countries,1750
2026-08-05,09.9953,27,Non-alloy & alloy cold finished bars,China,0
2026-08-05,09.9954,27,Non-alloy & alloy cold finished bars,Türkiye,2707
2026-08-05,09.9955,27,Non-alloy & alloy cold finished bars,Ukraine,11300
2026-08-05,09.9529,27,Non-alloy & alloy cold finished bars,FTA Quota – CSQ,4496
2026-08-05,09.9629,27,Non-alloy & alloy cold finished bars,Other countries,157
2026-08-05,09.9760,27,Non-alloy & alloy cold finished bars,FTA Quota – Other countries,7615
2026-08-05,09.9497,27,Non-alloy & alloy cold finished bars,United Kingdom (to Northern Ireland from other parts of the United Kingdom),159
2026-08-06,09.9801,1.A,Non-alloy & other alloy hot rolled sheets/strips,Türkiye,0
2026-08-06,09.9802,1.A,Non-alloy & other alloy hot rolled sheets/strips,Japan,117559
2026-08-06,09.9803,1.A,Non-alloy & other alloy hot rolled sheets/strips,India,47368
2026-08-06,09.9804,1.A,Non-alloy & other alloy hot rolled sheets/strips,Taiwan,67237
2026-08-06,09.9805,1.A,Non-alloy & other alloy hot rolled sheets/strips,Ukraine,55495
2026-08-06,09.9806,1.A,Non-alloy & other alloy hot rolled sheets/strips,Korea,60900
2026-08-06,09.9807,1.A,Non-alloy & other alloy hot rolled sheets/strips,Viet Nam,80564
2026-08-06,09.9808,1.A,Non-alloy & other alloy hot rolled sheets/strips,Egypt,99404
2026-08-06,09.9809,1.A,Non-alloy & other alloy hot rolled sheets/strips,Serbia,41483
2026-08-06,09.9500,1.A,Non-alloy & other alloy hot rolled sheets/strips,FTA Quota – CSQ,0
2026-08-06,09.9701,1.A,Non-alloy & other alloy hot rolled sheets/strips,Brazil,42444
2026-08-06,09.9705,1.A,Non-alloy & other alloy hot rolled sheets/strips,United Kingdom,36087
2026-08-06,09.9702,1.A,Non-alloy & other alloy hot rolled sheets/strips,Indonesia,0
2026-08-06,09.9810,1.A,Non-alloy & other alloy hot rolled sheets/strips,Australia,11695
2026-08-06,09.9811,1.A,Non-alloy & other alloy hot rolled sheets/strips,Saudi Arabia,9545
2026-08-06,09.9704,1.A,Non-alloy & other alloy hot rolled sheets/strips,Switzerland,5351
2026-08-06,09.9812,1.A,Non-alloy & other alloy hot rolled sheets/strips,Kazakhstan,2349
2026-08-06,09.9703,1.A,Non-alloy & other alloy hot rolled sheets/strips,North Macedonia,1149
2026-08-06,09.9600,1.A,Non-alloy & other alloy hot rolled sheets/strips,Other countries,0
2026-08-06,09.9700,1.A,Non-alloy & other alloy hot rolled sheets/strips,FTA Quota – Other countries,0
2026-08-06,09.9813,1.B,Non-alloy & other alloy hot rolled sheets/strips (7212 60),United Kingdom,330
2026-08-06,09.9814,1.B,Non-alloy & other alloy hot rolled sheets/strips (7212 60),United States,0
2026-08-06,09.9815,1.B,Non-alloy & other alloy hot rolled sheets/strips (7212 60),Japan,114
2026-08-06,09.9816,1.B,Non-alloy & other alloy hot rolled sheets/strips (7212 60),China,20
2026-08-06,09.9501,1.B,Non-alloy & other alloy hot rolled sheets/strips (7212 60),FTA Quota – CSQ,107
2026-08-06,09.9601,1.B,Non-alloy & other alloy hot rolled sheets/strips (7212 60),Other countries,41
2026-08-06,09.9706,1.B,Non-alloy & other alloy hot rolled sheets/strips (7212 60),FTA Quota – Other countries,49
2026-08-06,09.9817,2,Non-alloy & other alloy cold rolled sheets,Taiwan,33542
2026-08-06,09.9818,2,Non-alloy & other alloy cold rolled sheets,India,58878
2026-08-06,09.9819,2,Non-alloy & other alloy cold rolled sheets,Korea,23213
2026-08-06,09.9820,2,Non-alloy & other alloy cold rolled sheets,Türkiye,39522
2026-08-06,09.9821,2,Non-alloy & other alloy cold rolled sheets,United Kingdom,19601
2026-08-06,09.9822,2,Non-alloy & other alloy cold rolled sheets,Japan,29076
2026-08-06,09.9823,2,Non-alloy & other alloy cold rolled sheets,Ukraine,6279
2026-08-06,09.9502,2,Non-alloy & other alloy cold rolled sheets,FTA Quota – CSQ,33671
2026-08-06,09.9602,2,Non-alloy & other alloy cold rolled sheets,Other countries,0
2026-08-06,09.9707,2,Non-alloy & other alloy cold rolled sheets,FTA Quota – Other countries,16164
2026-08-06,09.9709,2,Non-alloy & other alloy cold rolled sheets,Egypt,818
2026-08-06,09.9710,2,Non-alloy & other alloy cold rolled sheets,Switzerland,429
2026-08-06,09.9708,2,Non-alloy & other alloy cold rolled sheets,Brazil,0
2026-08-06,09.9824,3.A,Electrical sheets (non grain-oriented),Japan,78
2026-08-06,09.9825,3.A,Electrical sheets (non grain-oriented),United Kingdom,20
2026-08-06,09.9826,3.A,Electrical sheets (non grain-oriented),China,5
2026-08-06,09.9827,3.A,Electrical sheets (non grain-oriented),Türkiye,9
2026-08-06,09.9503,3.A,Electrical sheets (non grain-oriented),FTA Quota – CSQ,29
2026-08-06,09.9603,3.A,Electrical sheets (non grain-oriented),Other countries,7
2026-08-06,09.9711,3.A,Electrical sheets (non grain-oriented),FTA Quota – Other countries,0
2026-08-06,09.9828,3.B,Electrical sheets (grain-oriented),China,0
2026-08-06,09.9829,3.B,Electrical sheets (grain-oriented),Taiwan,3916
2026-08-06,09.9830,3.B,Electrical sheets (grain-oriented),Korea,12523
2026-08-06,09.9831,3.B,Electrical sheets (grain-oriented),Viet Nam,6925
2026-08-06,09.9504,3.B,Electrical sheets (grain-oriented),FTA Quota – CSQ,4217
2026-08-06,09.9604,3.B,Electrical sheets (grain-oriented),Other countries,1477
2026-08-06,09.9712,3.B,Electrical sheets (grain-oriented),FTA Quota – Other countries,4078
2026-08-06,09.9713,3.B,Electrical sheets (grain-oriented),Japan,554
2026-08-06,09.9832,4.A,Metallic coated sheets,Viet Nam,97751
2026-08-06,09.9833,4.A,Metallic coated sheets,Taiwan,14985
2026-08-06,09.9834,4.A,Metallic coated sheets,Türkiye,0
2026-08-06,09.9835,4.A,Metallic coated sheets,India,48805
2026-08-06,09.9836,4.A,Metallic coated sheets,Korea,9070
2026-08-06,09.9505,4.A,Metallic coated sheets,FTA Quota – CSQ,0
2026-08-06,09.9605,4.A,Metallic coated sheets,Other countries,0
2026-08-06,09.9714,4.A,Metallic coated sheets,FTA Quota – Other countries,3011
2026-08-06,09.9718,4.A,Metallic coated sheets,United Kingdom,2781
2026-08-06,09.9716,4.A,Metallic coated sheets,Japan,71
2026-08-06,09.9715,4.A,Metallic coated sheets,Egypt,2774
2026-08-06,09.9717,4.A,Metallic coated sheets,South Africa,3036
2026-08-06,09.9837,4.B,Metallic coated sheets (automotive),Korea,37338
2026-08-06,09.9838,4.B,Metallic coated sheets (automotive),China,0
2026-08-06,09.9839,4.B,Metallic coated sheets (automotive),United Kingdom,33178
2026-08-06,09.9840,4.B,Metallic coated sheets (automotive),Türkiye,0
2026-08-06,09.9841,4.B,Metallic coated sheets (automotive),India,25024
2026-08-06,09.9506,4.B,Metallic coated sheets (automotive),FTA Quota – CSQ,0
2026-08-06,09.9606,4.B,Metallic coated sheets (automotive),Other countries,0
2026-08-06,09.9719,4.B,Metallic coated sheets (automotive),FTA Quota – Other countries,4577
2026-08-06,09.9720,4.B,Metallic coated sheets (automotive),Egypt,1664
2026-08-06,09.9721,4.B,Metallic coated sheets (automotive),Switzerland,28
2026-08-06,09.9842,5,Organic coated sheets,India,0
2026-08-06,09.9843,5,Organic coated sheets,Korea,0
2026-08-06,09.9844,5,Organic coated sheets,Viet Nam,4429
2026-08-06,09.9845,5,Organic coated sheets,Türkiye,0
2026-08-06,09.9846,5,Organic coated sheets,Taiwan,154
2026-08-06,09.9847,5,Organic coated sheets,United Kingdom,5259
2026-08-06,09.9507,5,Organic coated sheets,FTA Quota – CSQ,0
2026-08-06,09.9607,5,Organic coated sheets,Other countries,1805
2026-08-06,09.9722,5,Organic coated sheets,FTA Quota – Other countries,1531
2026-08-06,09.9723,5,Organic coated sheets,North Macedonia,0
2026-08-06,09.9848,6,Tin mill products,China,31125
2026-08-06,09.9849,6,Tin mill products,Serbia,10172
2026-08-06,09.9850,6,Tin mill products,United Kingdom,10389
2026-08-06,09.9851,6,Tin mill products,Türkiye,11591
2026-08-06,09.9852,6,Tin mill products,Korea,7434
2026-08-06,09.9853,6,Tin mill products,India,5914
2026-08-06,09.9508,6,Tin mill products,FTA Quota – CSQ,11255
2026-08-06,09.9608,6,Tin mill products,Other countries,361
2026-08-06,09.9724,6,Tin mill products,FTA Quota – Other countries,5251
2026-08-06,09.9725,6,Tin mill products,Japan,0
2026-08-06,09.9726,6,Tin mill products,Singapore,21
2026-08-06,09.9854,7,Non-alloy & other alloy quarto plates,Korea,0
2026-08-06,09.9855,7,Non-alloy & other alloy quarto plates,Indonesia,18581
2026-08-06,09.9856,7,Non-alloy & other alloy quarto plates,India,47306
2026-08-06,09.9857,7,Non-alloy & other alloy quarto plates,Japan,17479
2026-08-06,09.9858,7,Non-alloy & other alloy quarto plates,North Macedonia,6536
2026-08-06,09.9859,7,Non-alloy & other alloy quarto plates,United Kingdom,3321
2026-08-06,09.9509,7,Non-alloy & other alloy quarto plates,FTA Quota – CSQ,22682
2026-08-06,09.9609,7,Non-alloy & other alloy quarto plates,Other countries,9326
2026-08-06,09.9727,7,Non-alloy & other alloy quarto plates,FTA Quota – Other countries,7141
2026-08-06,09.9728,7,Non-alloy & other alloy quarto plates,Türkiye,87
2026-08-06,09.9491,7,Non-alloy & other alloy quarto plates,United Kingdom (to Northern Ireland from other parts of the United Kingdom),3986
2026-08-06,09.9860,8,Stainless hot rolled sheets and strips,Taiwan,2085
2026-08-06,09.9861,8,Stainless hot rolled sheets and strips,Indonesia,8955
2026-08-06,09.9862,8,Stainless hot rolled sheets and strips,India,4115
2026-08-06,09.9863,8,Stainless hot rolled sheets and strips,China,2252
2026-08-06,09.9864,8,Stainless hot rolled sheets and strips,Korea,2082
2026-08-06,09.9865,8,Stainless hot rolled sheets and strips,Türkiye,3430
2026-08-06,09.9866,8,Stainless hot rolled sheets and strips,South Africa,2275
2026-08-06,09.9510,8,Stainless hot rolled sheets and strips,FTA Quota – CSQ,2806
2026-08-06,09.9610,8,Stainless hot rolled sheets and strips,Other countries,431
2026-08-06,09.9729,8,Stainless hot rolled sheets and strips,FTA Quota – Other countries,407
2026-08-06,09.9492,8,Stainless hot rolled sheets and strips,United Kingdom (to Northern Ireland from other parts of the United Kingdom),13
2026-08-06,09.9867,9,Stainless cold rolled sheets and strips,Taiwan,11221
2026-08-06,09.9868,9,Stainless cold rolled sheets and strips,China,8855
2026-08-06,09.9869,9,Stainless cold rolled sheets and strips,Korea,16012
2026-08-06,09.9870,9,Stainless cold rolled sheets and strips,Türkiye,9168
2026-08-06,09.9871,9,Stainless cold rolled sheets and strips,South Africa,7850
2026-08-06,09.9872,9,Stainless cold rolled sheets and strips,Viet Nam,7860
2026-08-06,09.9873,9,Stainless cold rolled sheets and strips,India,6383
2026-08-06,09.9511,9,Stainless cold rolled sheets and strips,FTA Quota – CSQ,9935
2026-08-06,09.9611,9,Stainless cold rolled sheets and strips,Other countries,3321
2026-08-06,09.9730,9,Stainless cold rolled sheets and strips,FTA Quota – Other countries,4996
2026-08-06,09.9731,9,Stainless cold rolled sheets and strips,Switzerland,181
2026-08-06,09.9493,9,Stainless cold rolled sheets and strips,United Kingdom (to Northern Ireland from other parts of the United Kingdom),30
2026-08-06,09.9874,10,Stainless hot rolled quarto plates,China,865
2026-08-06,09.9875,10,Stainless hot rolled quarto plates,India,679
2026-08-06,09.9876,10,Stainless hot rolled quarto plates,Korea,405
2026-08-06,09.9877,10,Stainless hot rolled quarto plates,South Africa,424
2026-08-06,09.9512,10,Stainless hot rolled quarto plates,FTA Quota – CSQ,279
2026-08-06,09.9612,10,Stainless hot rolled quarto plates,Other countries,162
2026-08-06,09.9732,10,Stainless hot rolled quarto plates,FTA Quota – Other countries,270
2026-08-06,09.9878,12,Non-alloy & other alloy merchant bars & light sections,China,16354
2026-08-06,09.9879,12,Non-alloy & other alloy merchant bars & light sections,Türkiye,38282
2026-08-06,09.9880,12,Non-alloy & other alloy merchant bars & light sections,United Kingdom,18556
2026-08-06,09.9881,12,Non-alloy & other alloy merchant bars & light sections,Switzerland,16291
2026-08-06,09.9882,12,Non-alloy & other alloy merchant bars & light sections,Korea,7863
2026-08-06,09.9883,12,Non-alloy & other alloy merchant bars & light sections,North Macedonia,6880
2026-08-06,09.9513,12,Non-alloy & other alloy merchant bars & light sections,FTA Quota – CSQ,14063
2026-08-06,09.9613,12,Non-alloy & other alloy merchant bars & light sections,Other countries,4094
2026-08-06,09.9733,12,Non-alloy & other alloy merchant bars & light sections,FTA Quota – Other countries,10557
2026-08-06,09.9734,12,Non-alloy & other alloy merchant bars & light sections,Brazil,2840
2026-08-06,09.9735,12,Non-alloy & other alloy merchant bars & light sections,Egypt,1070
2026-08-06,09.9884,13,Rebars,Türkiye,0
2026-08-06,09.9885,13,Rebars,Egypt,24779
2026-08-06,09.9886,13,Rebars,Algeria,8480
2026-08-06,09.9887,13,Rebars,Moldova,7865
2026-08-06,09.9888,13,Rebars,China,4892
2026-08-06,09.9889,13,Rebars,Ukraine,7364
2026-08-06,09.9514,13,Rebars,FTA Quota – CSQ,0
2026-08-06,09.9614,13,Rebars,Other countries,13267
2026-08-06,09.9736,13,Rebars,FTA Quota – Other countries,9575
2026-08-06,09.9494,13,Rebars,United Kingdom (to Northern Ireland from other parts of the United Kingdom),2154
2026-08-06,09.9890,14,Stainless bars and light sections,India,0
2026-08-06,09.9891,14,Stainless bars and light sections,Switzerland,855
2026-08-06,09.9892,14,Stainless bars and light sections,United Kingdom,1153
2026-08-06,09.9893,14,Stainless bars and light sections,China,434
2026-08-06,09.9515,14,Stainless bars and light sections,FTA Quota – CSQ,0
2026-08-06,09.9615,14,Stainless bars and light sections,Other countries,309
2026-08-06,09.9737,14,Stainless bars and light sections,FTA Quota – Other countries,508
2026-08-06,09.9894,15,Stainless wire rod,India,2278
2026-08-06,09.9895,15,Stainless wire rod,Taiwan,293
2026-08-06,09.9896,15,Stainless wire rod,Korea,676
2026-08-06,09.9897,15,Stainless wire rod,United Kingdom,636
2026-08-06,09.9898,15,Stainless wire rod,China,340
2026-08-06,09.9899,15,Stainless wire rod,Japan,14
2026-08-06,09.9516,15,Stainless wire rod,FTA Quota – CSQ,810
2026-08-06,09.9616,15,Stainless wire rod,Other countries,131
2026-08-06,09.9738,15,Stainless wire rod,FTA Quota – Other countries,91
2026-08-06,09.9900,16,Non-alloy & other alloy wire rod,Türkiye,0
2026-08-06,09.9901,16,Non-alloy & other alloy wire rod,Malaysia,21671
2026-08-06,09.9902,16,Non-alloy & other alloy wire rod,United Kingdom,36139
2026-08-06,09.9903,16,Non-alloy & other alloy wire rod,Ukraine,10507
2026-08-06,09.9904,16,Non-alloy & other alloy wire rod,Switzerland,11332
2026-08-06,09.9905,16,Non-alloy & other alloy wire rod,Viet Nam,15389
2026-08-06,09.9906,16,Non-alloy & other alloy wire rod,Moldova,19321
2026-08-06,09.9907,16,Non-alloy & other alloy wire rod,Egypt,2166
2026-08-06,09.9517,16,Non-alloy & other alloy wire rod,FTA Quota – CSQ,0
2026-08-06,09.9617,16,Non-alloy & other alloy wire rod,Other countries,37262
2026-08-06,09.9739,16,Non-alloy & other alloy wire rod,FTA Quota – Other countries,29419
2026-08-06,09.9740,16,Non-alloy & other alloy wire rod,Korea,2834
2026-08-06,09.9741,16,Non-alloy & other alloy wire rod,Japan,1007
2026-08-06,09.9908,17,"Angles, shapes and sections of iron/non-alloy steel",Türkiye,703
2026-08-06,09.9909,17,"Angles, shapes and sections of iron/non-alloy steel",United Kingdom,4553
2026-08-06,09.9910,17,"Angles, shapes and sections of iron/non-alloy steel",Switzerland,2590
2026-08-06,09.9911,17,"Angles, shapes and sections of iron/non-alloy steel",United Arab Emirates,1491
2026-08-06,09.9518,17,"Angles, shapes and sections of iron/non-alloy steel",FTA Quota – CSQ,3032
2026-08-06,09.9618,17,"Angles, shapes and sections of iron/non-alloy steel",Other countries,2184
2026-08-06,09.9742,17,"Angles, shapes and sections of iron/non-alloy steel",FTA Quota – Other countries,1046
2026-08-06,09.9743,17,"Angles, shapes and sections of iron/non-alloy steel",Korea,1250
2026-08-06,09.9495,17,"Angles, shapes and sections of iron/non-alloy steel",United Kingdom (to Northern Ireland from other parts of the United Kingdom),12041
2026-08-06,09.9912,18,Sheet piling,China,0
2026-08-06,09.9913,18,Sheet piling,United Arab Emirates,2
2026-08-06,09.9914,18,Sheet piling,United Kingdom,1635
2026-08-06,09.9519,18,Sheet piling,FTA Quota – CSQ,1234
2026-08-06,09.9619,18,Sheet piling,Other countries,0
2026-08-06,09.9744,18,Sheet piling,FTA Quota – Other countries,1392
2026-08-06,09.9915,19,Railway material,United Kingdom,1394
2026-08-06,09.9916,19,Railway material,Türkiye,169
2026-08-06,09.9917,19,Railway material,China,0
2026-08-06,09.9520,19,Railway material,FTA Quota – CSQ,286
2026-08-06,09.9620,19,Railway material,Other countries,160
2026-08-06,09.9745,19,Railway material,FTA Quota – Other countries,147
2026-08-06,09.9918,20,Gas pipes,Türkiye,0
2026-08-06,09.9919,20,Gas pipes,India,0
2026-08-06,09.9920,20,Gas pipes,United Arab Emirates,2475
2026-08-06,09.9921,20,Gas pipes,North Macedonia,71
2026-08-06,09.9922,20,Gas pipes,United Kingdom,1828
2026-08-06,09.9521,20,Gas pipes,FTA Quota – CSQ,0
2026-08-06,09.9621,20,Gas pipes,Other countries,74
2026-08-06,09.9746,20,Gas pipes,FTA Quota – Other countries,1309
2026-08-06,09.9923,21,Hollow sections,Türkiye,0
2026-08-06,09.9924,21,Hollow sections,United Kingdom,12733
2026-08-06,09.9925,21,Hollow sections,North Macedonia,0
2026-08-06,09.9926,21,Hollow sections,China,0
2026-08-06,09.9927,21,Hollow sections,Ukraine,0
2026-08-06,09.9522,21,Hollow sections,FTA Quota – CSQ,0
2026-08-06,09.9622,21,Hollow sections,Other countries,0
2026-08-06,09.9747,21,Hollow sections,FTA Quota – Other countries,0
2026-08-06,09.9748,21,Hollow sections,Switzerland,485
2026-08-06,09.9928,22,Seamless stainless tubes and pipes,India,0
2026-08-06,09.9929,22,Seamless stainless tubes and pipes,Ukraine,671
2026-08-06,09.9930,22,Seamless stainless tubes and pipes,China,91
2026-08-06,09.9931,22,Seamless stainless tubes and pipes,Korea,441
2026-08-06,09.9523,22,Seamless stainless tubes and pipes,FTA Quota – CSQ,0
2026-08-06,09.9623,22,Seamless stainless tubes and pipes,Other countries,0
2026-08-06,09.9749,22,Seamless stainless tubes and pipes,FTA Quota – Other countries,219
2026-08-06,09.9750,22,Seamless stainless tubes and pipes,Japan,0
2026-08-06,09.9932,24,Other seamless tubes,China,0
2026-08-06,09.9933,24,Other seamless tubes,Ukraine,4971
2026-08-06,09.9934,24,Other seamless tubes,Brazil,5451
2026-08-06,09.9524,24,Other seamless tubes,FTA Quota – CSQ,3052
2026-08-06,09.9624,24,Other seamless tubes,Other countries,4374
2026-08-06,09.9751,24,Other seamless tubes,FTA Quota – Other countries,9162
2026-08-06,09.9752,24,Other seamless tubes,Argentina,1002
2026-08-06,09.9753,24,Other seamless tubes,Singapore,111
2026-08-06,09.9935,25.A,Large welded tubes,Türkiye,1947
2026-08-06,09.9936,25.A,Large welded tubes,Israel,834
2026-08-06,09.9937,25.A,Large welded tubes,China,0
2026-08-06,09.9938,25.A,Large welded tubes,India,0
2026-08-06,09.9525,25.A,Large welded tubes,FTA Quota – CSQ,1299
2026-08-06,09.9625,25.A,Large welded tubes,Other countries,425
2026-08-06,09.9754,25.A,Large welded tubes,FTA Quota – Other countries,584
2026-08-06,09.9496,25.A,Large welded tubes,United Kingdom (to Northern Ireland from other parts of the United Kingdom),14
2026-08-06,09.9939,25.B,Large welded tubes (line pipe),Türkiye,4201
2026-08-06,09.9940,25.B,Large welded tubes (line pipe),China,0
2026-08-06,09.9941,25.B,Large welded tubes (line pipe),United Kingdom,1409
2026-08-06,09.9942,25.B,Large welded tubes (line pipe),Algeria,0
2026-08-06,09.9526,25.B,Large welded tubes (line pipe),FTA Quota – CSQ,2030
2026-08-06,09.9626,25.B,Large welded tubes (line pipe),Other countries,0
2026-08-06,09.9755,25.B,Large welded tubes (line pipe),FTA Quota – Other countries,1166
2026-08-06,09.9756,25.B,Large welded tubes (line pipe),Singapore,21
2026-08-06,09.9943,26,Other welded tubes,Türkiye,0
2026-08-06,09.9944,26,Other welded tubes,Switzerland,10877
2026-08-06,09.9945,26,Other welded tubes,China,0
2026-08-06,09.9946,26,Other welded tubes,India,0
2026-08-06,09.9947,26,Other welded tubes,United Kingdom,2730
2026-08-06,09.9948,26,Other welded tubes,Taiwan,0
2026-08-06,09.9527,26,Other welded tubes,FTA Quota – CSQ,0
2026-08-06,09.9627,26,Other welded tubes,Other countries,1432
2026-08-06,09.9757,26,Other welded tubes,FTA Quota – Other countries,2106
2026-08-06,09.9758,26,Other welded tubes,Singapore,0
2026-08-06,09.9949,27,Non-alloy & alloy cold finished bars,China,955
2026-08-06,09.9950,27,Non-alloy & alloy cold finished bars,Türkiye,3081
2026-08-06,09.9951,27,Non-alloy & alloy cold finished bars,Switzerland,3053
2026-08-06,09.9952,27,Non-alloy & alloy cold finished bars,Ukraine,1301
2026-08-06,09.9528,27,Non-alloy & alloy cold finished bars,FTA Quota – CSQ,1491
2026-08-06,09.9628,27,Non-alloy & alloy cold finished bars,Other countries,765
2026-08-06,09.9759,27,Non-alloy & alloy cold finished bars,FTA Quota – Other countries,1702
2026-08-06,09.9953,27,Non-alloy & alloy cold finished bars,China,0
2026-08-06,09.9954,27,Non-alloy & alloy cold finished bars,Türkiye,2026
2026-08-06,09.9955,27,Non-alloy & alloy cold finished bars,Ukraine,10942
2026-08-06,09.9529,27,Non-alloy & alloy cold finished bars,FTA Quota – CSQ,4496
2026-08-06,09.9629,27,Non-alloy & alloy cold finished bars,Other countries,0
2026-08-06,09.9760,27,Non-alloy & alloy cold finished bars,FTA Quota – Other countries,7506
2026-08-06,09.9497,27,Non-alloy & alloy cold finished bars,United Kingdom (to Northern Ireland from other parts of the United Kingdom),158
2026-08-07,09.9801,1.A,Non-alloy & other alloy hot rolled sheets/strips,Türkiye,0
2026-08-07,09.9802,1.A,Non-alloy & other alloy hot rolled sheets/strips,Japan,117559
2026-08-07,09.9803,1.A,Non-alloy & other alloy hot rolled sheets/strips,India,46360
2026-08-07,09.9804,1.A,Non-alloy & other alloy hot rolled sheets/strips,Taiwan,67237
2026-08-07,09.9805,1.A,Non-alloy & other alloy hot rolled sheets/strips,Ukraine,55212
2026-08-07,09.9806,1.A,Non-alloy & other alloy hot rolled sheets/strips,Korea,59864
2026-08-07,09.9807,1.A,Non-alloy & other alloy hot rolled sheets/strips,Viet Nam,80564
2026-08-07,09.9808,1.A,Non-alloy & other alloy hot rolled sheets/strips,Egypt,99404
2026-08-07,09.9809,1.A,Non-alloy & other alloy hot rolled sheets/strips,Serbia,41460
2026-08-07,09.9500,1.A,Non-alloy & other alloy hot rolled sheets/strips,FTA Quota – CSQ,0
2026-08-07,09.9701,1.A,Non-alloy & other alloy hot rolled sheets/strips,Brazil,42444
2026-08-07,09.9705,1.A,Non-alloy & other alloy hot rolled sheets/strips,United Kingdom,36070
2026-08-07,09.9702,1.A,Non-alloy & other alloy hot rolled sheets/strips,Indonesia,0
2026-08-07,09.9810,1.A,Non-alloy & other alloy hot rolled sheets/strips,Australia,11695
2026-08-07,09.9811,1.A,Non-alloy & other alloy hot rolled sheets/strips,Saudi Arabia,9545
2026-08-07,09.9704,1.A,Non-alloy & other alloy hot rolled sheets/strips,Switzerland,5329
2026-08-07,09.9812,1.A,Non-alloy & other alloy hot rolled sheets/strips,Kazakhstan,2349
2026-08-07,09.9703,1.A,Non-alloy & other alloy hot rolled sheets/strips,North Macedonia,1119
2026-08-07,09.9600,1.A,Non-alloy & other alloy hot rolled sheets/strips,Other countries,0
2026-08-07,09.9700,1.A,Non-alloy & other alloy hot rolled sheets/strips,FTA Quota – Other countries,0
2026-08-07,09.9813,1.B,Non-alloy & other alloy hot rolled sheets/strips (7212 60),United Kingdom,330
2026-08-07,09.9814,1.B,Non-alloy & other alloy hot rolled sheets/strips (7212 60),United States,0
2026-08-07,09.9815,1.B,Non-alloy & other alloy hot rolled sheets/strips (7212 60),Japan,114
2026-08-07,09.9816,1.B,Non-alloy & other alloy hot rolled sheets/strips (7212 60),China,20
2026-08-07,09.9501,1.B,Non-alloy & other alloy hot rolled sheets/strips (7212 60),FTA Quota – CSQ,107
2026-08-07,09.9601,1.B,Non-alloy & other alloy hot rolled sheets/strips (7212 60),Other countries,40
2026-08-07,09.9706,1.B,Non-alloy & other alloy hot rolled sheets/strips (7212 60),FTA Quota – Other countries,49
2026-08-07,09.9817,2,Non-alloy & other alloy cold rolled sheets,Taiwan,33542
2026-08-07,09.9818,2,Non-alloy & other alloy cold rolled sheets,India,58878
2026-08-07,09.9819,2,Non-alloy & other alloy cold rolled sheets,Korea,23247
2026-08-07,09.9820,2,Non-alloy & other alloy cold rolled sheets,Türkiye,39476
2026-08-07,09.9821,2,Non-alloy & other alloy cold rolled sheets,United Kingdom,19601
2026-08-07,09.9822,2,Non-alloy & other alloy cold rolled sheets,Japan,29076
2026-08-07,09.9823,2,Non-alloy & other alloy cold rolled sheets,Ukraine,5629
2026-08-07,09.9502,2,Non-alloy & other alloy cold rolled sheets,FTA Quota – CSQ,33671
2026-08-07,09.9602,2,Non-alloy & other alloy cold rolled sheets,Other countries,0
2026-08-07,09.9707,2,Non-alloy & other alloy cold rolled sheets,FTA Quota – Other countries,16124
2026-08-07,09.9709,2,Non-alloy & other alloy cold rolled sheets,Egypt,818
2026-08-07,09.9710,2,Non-alloy & other alloy cold rolled sheets,Switzerland,429
2026-08-07,09.9708,2,Non-alloy & other alloy cold rolled sheets,Brazil,0
2026-08-07,09.9824,3.A,Electrical sheets (non grain-oriented),Japan,78
2026-08-07,09.9825,3.A,Electrical sheets (non grain-oriented),United Kingdom,20
2026-08-07,09.9826,3.A,Electrical sheets (non grain-oriented),China,5
2026-08-07,09.9827,3.A,Electrical sheets (non grain-oriented),Türkiye,9
2026-08-07,09.9503,3.A,Electrical sheets (non grain-oriented),FTA Quota – CSQ,29
2026-08-07,09.9603,3.A,Electrical sheets (non grain-oriented),Other countries,7
2026-08-07,09.9711,3.A,Electrical sheets (non grain-oriented),FTA Quota – Other countries,0
2026-08-07,09.9828,3.B,Electrical sheets (grain-oriented),China,0
2026-08-07,09.9829,3.B,Electrical sheets (grain-oriented),Taiwan,3916
2026-08-07,09.9830,3.B,Electrical sheets (grain-oriented),Korea,12523
2026-08-07,09.9831,3.B,Electrical sheets (grain-oriented),Viet Nam,6925
2026-08-07,09.9504,3.B,Electrical sheets (grain-oriented),FTA Quota – CSQ,4217
2026-08-07,09.9604,3.B,Electrical sheets (grain-oriented),Other countries,1477
2026-08-07,09.9712,3.B,Electrical sheets (grain-oriented),FTA Quota – Other countries,4078
2026-08-07,09.9713,3.B,Electrical sheets (grain-oriented),Japan,554
2026-08-07,09.9832,4.A,Metallic coated sheets,Viet Nam,97727
2026-08-07,09.9833,4.A,Metallic coated sheets,Taiwan,14985
2026-08-07,09.9834,4.A,Metallic coated sheets,Türkiye,0
2026-08-07,09.9835,4.A,Metallic coated sheets,India,48504
2026-08-07,09.9836,4.A,Metallic coated sheets,Korea,9070
2026-08-07,09.9505,4.A,Metallic coated sheets,FTA Quota – CSQ,0
2026-08-07,09.9605,4.A,Metallic coated sheets,Other countries,0
2026-08-07,09.9714,4.A,Metallic coated sheets,FTA Quota – Other countries,2983
2026-08-07,09.9718,4.A,Metallic coated sheets,United Kingdom,2223
2026-08-07,09.9716,4.A,Metallic coated sheets,Japan,71
2026-08-07,09.9715,4.A,Metallic coated sheets,Egypt,2744
2026-08-07,09.9717,4.A,Metallic coated sheets,South Africa,3036
2026-08-07,09.9837,4.B,Metallic coated sheets (automotive),Korea,34625
2026-08-07,09.9838,4.B,Metallic coated sheets (automotive),China,0
2026-08-07,09.9839,4.B,Metallic coated sheets (automotive),United Kingdom,33110
2026-08-07,09.9840,4.B,Metallic coated sheets (automotive),Türkiye,0
2026-08-07,09.9841,4.B,Metallic coated sheets (automotive),India,24536
2026-08-07,09.9506,4.B,Metallic coated sheets (automotive),FTA Quota – CSQ,0
2026-08-07,09.9606,4.B,Metallic coated sheets (automotive),Other countries,0
2026-08-07,09.9719,4.B,Metallic coated sheets (automotive),FTA Quota – Other countries,4504
2026-08-07,09.9720,4.B,Metallic coated sheets (automotive),Egypt,1664
2026-08-07,09.9721,4.B,Metallic coated sheets (automotive),Switzerland,28
2026-08-07,09.9842,5,Organic coated sheets,India,0
2026-08-07,09.9843,5,Organic coated sheets,Korea,0
2026-08-07,09.9844,5,Organic coated sheets,Viet Nam,4427
2026-08-07,09.9845,5,Organic coated sheets,Türkiye,0
2026-08-07,09.9846,5,Organic coated sheets,Taiwan,154
2026-08-07,09.9847,5,Organic coated sheets,United Kingdom,5141
2026-08-07,09.9507,5,Organic coated sheets,FTA Quota – CSQ,0
2026-08-07,09.9607,5,Organic coated sheets,Other countries,994
2026-08-07,09.9722,5,Organic coated sheets,FTA Quota – Other countries,1531
2026-08-07,09.9723,5,Organic coated sheets,North Macedonia,0
2026-08-07,09.9848,6,Tin mill products,China,31093
2026-08-07,09.9849,6,Tin mill products,Serbia,10128
2026-08-07,09.9850,6,Tin mill products,United Kingdom,10102
2026-08-07,09.9851,6,Tin mill products,Türkiye,11591
2026-08-07,09.9852,6,Tin mill products,Korea,7434
2026-08-07,09.9853,6,Tin mill products,India,5914
2026-08-07,09.9508,6,Tin mill products,FTA Quota – CSQ,11255
2026-08-07,09.9608,6,Tin mill products,Other countries,361
2026-08-07,09.9724,6,Tin mill products,FTA Quota – Other countries,5251
2026-08-07,09.9725,6,Tin mill products,Japan,0
2026-08-07,09.9726,6,Tin mill products,Singapore,21
2026-08-07,09.9854,7,Non-alloy & other alloy quarto plates,Korea,0
2026-08-07,09.9855,7,Non-alloy & other alloy quarto plates,Indonesia,18581
2026-08-07,09.9856,7,Non-alloy & other alloy quarto plates,India,47306
2026-08-07,09.9857,7,Non-alloy & other alloy quarto plates,Japan,17479
2026-08-07,09.9858,7,Non-alloy & other alloy quarto plates,North Macedonia,6057
2026-08-07,09.9859,7,Non-alloy & other alloy quarto plates,United Kingdom,3215
2026-08-07,09.9509,7,Non-alloy & other alloy quarto plates,FTA Quota – CSQ,22682
2026-08-07,09.9609,7,Non-alloy & other alloy quarto plates,Other countries,9276
2026-08-07,09.9727,7,Non-alloy & other alloy quarto plates,FTA Quota – Other countries,7138
2026-08-07,09.9728,7,Non-alloy & other alloy quarto plates,Türkiye,87
2026-08-07,09.9491,7,Non-alloy & other alloy quarto plates,United Kingdom (to Northern Ireland from other parts of the United Kingdom),3986
2026-08-07,09.9860,8,Stainless hot rolled sheets and strips,Taiwan,2085
2026-08-07,09.9861,8,Stainless hot rolled sheets and strips,Indonesia,8955
2026-08-07,09.9862,8,Stainless hot rolled sheets and strips,India,4115
2026-08-07,09.9863,8,Stainless hot rolled sheets and strips,China,2252
2026-08-07,09.9864,8,Stainless hot rolled sheets and strips,Korea,2082
2026-08-07,09.9865,8,Stainless hot rolled sheets and strips,Türkiye,3430
2026-08-07,09.9866,8,Stainless hot rolled sheets and strips,South Africa,2275
2026-08-07,09.9510,8,Stainless hot rolled sheets and strips,FTA Quota – CSQ,2806
2026-08-07,09.9610,8,Stainless hot rolled sheets and strips,Other countries,431
2026-08-07,09.9729,8,Stainless hot rolled sheets and strips,FTA Quota – Other countries,407
2026-08-07,09.9492,8,Stainless hot rolled sheets and strips,United Kingdom (to Northern Ireland from other parts of the United Kingdom),13
2026-08-07,09.9867,9,Stainless cold rolled sheets and strips,Taiwan,10616
2026-08-07,09.9868,9,Stainless cold rolled sheets and strips,China,8853
2026-08-07,09.9869,9,Stainless cold rolled sheets and strips,Korea,15812
2026-08-07,09.9870,9,Stainless cold rolled sheets and strips,Türkiye,9168
2026-08-07,09.9871,9,Stainless cold rolled sheets and strips,South Africa,7850
2026-08-07,09.9872,9,Stainless cold rolled sheets and strips,Viet Nam,7208
2026-08-07,09.9873,9,Stainless cold rolled sheets and strips,India,6383
2026-08-07,09.9511,9,Stainless cold rolled sheets and strips,FTA Quota – CSQ,9935
2026-08-07,09.9611,9,Stainless cold rolled sheets and strips,Other countries,3268
2026-08-07,09.9730,9,Stainless cold rolled sheets and strips,FTA Quota – Other countries,4974
2026-08-07,09.9731,9,Stainless cold rolled sheets and strips,Switzerland,179
2026-08-07,09.9493,9,Stainless cold rolled sheets and strips,United Kingdom (to Northern Ireland from other parts of the United Kingdom),30
2026-08-07,09.9874,10,Stainless hot rolled quarto plates,China,865
2026-08-07,09.9875,10,Stainless hot rolled quarto plates,India,679
2026-08-07,09.9876,10,Stainless hot rolled quarto plates,Korea,405
2026-08-07,09.9877,10,Stainless hot rolled quarto plates,South Africa,424
2026-08-07,09.9512,10,Stainless hot rolled quarto plates,FTA Quota – CSQ,279
2026-08-07,09.9612,10,Stainless hot rolled quarto plates,Other countries,161
2026-08-07,09.9732,10,Stainless hot rolled quarto plates,FTA Quota – Other countries,270
2026-08-07,09.9878,12,Non-alloy & other alloy merchant bars & light sections,China,15901
2026-08-07,09.9879,12,Non-alloy & other alloy merchant bars & light sections,Türkiye,36877
2026-08-07,09.9880,12,Non-alloy & other alloy merchant bars & light sections,United Kingdom,18357
2026-08-07,09.9881,12,Non-alloy & other alloy merchant bars & light sections,Switzerland,16273
2026-08-07,09.9882,12,Non-alloy & other alloy merchant bars & light sections,Korea,7863
2026-08-07,09.9883,12,Non-alloy & other alloy merchant bars & light sections,North Macedonia,6761
2026-08-07,09.9513,12,Non-alloy & other alloy merchant bars & light sections,FTA Quota – CSQ,14063
2026-08-07,09.9613,12,Non-alloy & other alloy merchant bars & light sections,Other countries,3959
2026-08-07,09.9733,12,Non-alloy & other alloy merchant bars & light sections,FTA Quota – Other countries,10507
2026-08-07,09.9734,12,Non-alloy & other alloy merchant bars & light sections,Brazil,2840
2026-08-07,09.9735,12,Non-alloy & other alloy merchant bars & light sections,Egypt,1070
2026-08-07,09.9884,13,Rebars,Türkiye,0
2026-08-07,09.9885,13,Rebars,Egypt,24779
2026-08-07,09.9886,13,Rebars,Algeria,8480
2026-08-07,09.9887,13,Rebars,Moldova,7865
2026-08-07,09.9888,13,Rebars,China,4892
2026-08-07,09.9889,13,Rebars,Ukraine,7298
2026-08-07,09.9514,13,Rebars,FTA Quota – CSQ,0
2026-08-07,09.9614,13,Rebars,Other countries,13203
2026-08-07,09.9736,13,Rebars,FTA Quota – Other countries,9575
2026-08-07,09.9494,13,Rebars,United Kingdom (to Northern Ireland from other parts of the United Kingdom),2154
2026-08-07,09.9890,14,Stainless bars and light sections,India,0
2026-08-07,09.9891,14,Stainless bars and light sections,Switzerland,852
2026-08-07,09.9892,14,Stainless bars and light sections,United Kingdom,1151
2026-08-07,09.9893,14,Stainless bars and light sections,China,422
2026-08-07,09.9515,14,Stainless bars and light sections,FTA Quota – CSQ,0
2026-08-07,09.9615,14,Stainless bars and light sections,Other countries,279
2026-08-07,09.9737,14,Stainless bars and light sections,FTA Quota – Other countries,508
2026-08-07,09.9894,15,Stainless wire rod,India,2278
2026-08-07,09.9895,15,Stainless wire rod,Taiwan,293
2026-08-07,09.9896,15,Stainless wire rod,Korea,676
2026-08-07,09.9897,15,Stainless wire rod,United Kingdom,636
2026-08-07,09.9898,15,Stainless wire rod,China,340
2026-08-07,09.9899,15,Stainless wire rod,Japan,14
2026-08-07,09.9516,15,Stainless wire rod,FTA Quota – CSQ,810
2026-08-07,09.9616,15,Stainless wire rod,Other countries,131
2026-08-07,09.9738,15,Stainless wire rod,FTA Quota – Other countries,91
2026-08-07,09.9900,16,Non-alloy & other alloy wire rod,Türkiye,0
2026-08-07,09.9901,16,Non-alloy & other alloy wire rod,Malaysia,21671
2026-08-07,09.9902,16,Non-alloy & other alloy wire rod,United Kingdom,35874
2026-08-07,09.9903,16,Non-alloy & other alloy wire rod,Ukraine,10420
2026-08-07,09.9904,16,Non-alloy & other alloy wire rod,Switzerland,10928
2026-08-07,09.9905,16,Non-alloy & other alloy wire rod,Viet Nam,15389
2026-08-07,09.9906,16,Non-alloy & other alloy wire rod,Moldova,19277
2026-08-07,09.9907,16,Non-alloy & other alloy wire rod,Egypt,2166
2026-08-07,09.9517,16,Non-alloy & other alloy wire rod,FTA Quota – CSQ,0
2026-08-07,09.9617,16,Non-alloy & other alloy wire rod,Other countries,37262
2026-08-07,09.9739,16,Non-alloy & other alloy wire rod,FTA Quota – Other countries,29419
2026-08-07,09.9740,16,Non-alloy & other alloy wire rod,Korea,2685
2026-08-07,09.9741,16,Non-alloy & other alloy wire rod,Japan,1007
2026-08-07,09.9908,17,"Angles, shapes and sections of iron/non-alloy steel",Türkiye,703
2026-08-07,09.9909,17,"Angles, shapes and sections of iron/non-alloy steel",United Kingdom,4524
2026-08-07,09.9910,17,"Angles, shapes and sections of iron/non-alloy steel",Switzerland,2590
2026-08-07,09.9911,17,"Angles, shapes and sections of iron/non-alloy steel",United Arab Emirates,1491
2026-08-07,09.9518,17,"Angles, shapes and sections of iron/non-alloy steel",FTA Quota – CSQ,3032
2026-08-07,09.9618,17,"Angles, shapes and sections of iron/non-alloy steel",Other countries,2170
2026-08-07,09.9742,17,"Angles, shapes and sections of iron/non-alloy steel",FTA Quota – Other countries,1026
2026-08-07,09.9743,17,"Angles, shapes and sections of iron/non-alloy steel",Korea,1250
2026-08-07,09.9495,17,"Angles, shapes and sections of iron/non-alloy steel",United Kingdom (to Northern Ireland from other parts of the United Kingdom),12041
2026-08-07,09.9912,18,Sheet piling,China,0
2026-08-07,09.9913,18,Sheet piling,United Arab Emirates,2
2026-08-07,09.9914,18,Sheet piling,United Kingdom,1635
2026-08-07,09.9519,18,Sheet piling,FTA Quota – CSQ,1234
2026-08-07,09.9619,18,Sheet piling,Other countries,0
2026-08-07,09.9744,18,Sheet piling,FTA Quota – Other countries,1392
2026-08-07,09.9915,19,Railway material,United Kingdom,1394
2026-08-07,09.9916,19,Railway material,Türkiye,164
2026-08-07,09.9917,19,Railway material,China,0
2026-08-07,09.9520,19,Railway material,FTA Quota – CSQ,286
2026-08-07,09.9620,19,Railway material,Other countries,160
2026-08-07,09.9745,19,Railway material,FTA Quota – Other countries,147
2026-08-07,09.9918,20,Gas pipes,Türkiye,0
2026-08-07,09.9919,20,Gas pipes,India,0
2026-08-07,09.9920,20,Gas pipes,United Arab Emirates,2474
2026-08-07,09.9921,20,Gas pipes,North Macedonia,71
2026-08-07,09.9922,20,Gas pipes,United Kingdom,1821
2026-08-07,09.9521,20,Gas pipes,FTA Quota – CSQ,0
2026-08-07,09.9621,20,Gas pipes,Other countries,62
2026-08-07,09.9746,20,Gas pipes,FTA Quota – Other countries,1285
2026-08-07,09.9923,21,Hollow sections,Türkiye,0
2026-08-07,09.9924,21,Hollow sections,United Kingdom,12698
2026-08-07,09.9925,21,Hollow sections,North Macedonia,0
2026-08-07,09.9926,21,Hollow sections,China,0
2026-08-07,09.9927,21,Hollow sections,Ukraine,0
2026-08-07,09.9522,21,Hollow sections,FTA Quota – CSQ,0
2026-08-07,09.9622,21,Hollow sections,Other countries,0
2026-08-07,09.9747,21,Hollow sections,FTA Quota – Other countries,0
2026-08-07,09.9748,21,Hollow sections,Switzerland,483
2026-08-07,09.9928,22,Seamless stainless tubes and pipes,India,0
2026-08-07,09.9929,22,Seamless stainless tubes and pipes,Ukraine,662
2026-08-07,09.9930,22,Seamless stainless tubes and pipes,China,91
2026-08-07,09.9931,22,Seamless stainless tubes and pipes,Korea,434
2026-08-07,09.9523,22,Seamless stainless tubes and pipes,FTA Quota – CSQ,0
2026-08-07,09.9623,22,Seamless stainless tubes and pipes,Other countries,0
2026-08-07,09.9749,22,Seamless stainless tubes and pipes,FTA Quota – Other countries,169
2026-08-07,09.9750,22,Seamless stainless tubes and pipes,Japan,0
2026-08-07,09.9932,24,Other seamless tubes,China,0
2026-08-07,09.9933,24,Other seamless tubes,Ukraine,4813
2026-08-07,09.9934,24,Other seamless tubes,Brazil,5430
2026-08-07,09.9524,24,Other seamless tubes,FTA Quota – CSQ,3052
2026-08-07,09.9624,24,Other seamless tubes,Other countries,4079
2026-08-07,09.9751,24,Other seamless tubes,FTA Quota – Other countries,9155
2026-08-07,09.9752,24,Other seamless tubes,Argentina,1002
2026-08-07,09.9753,24,Other seamless tubes,Singapore,111
2026-08-07,09.9935,25.A,Large welded tubes,Türkiye,1947
2026-08-07,09.9936,25.A,Large welded tubes,Israel,834
2026-08-07,09.9937,25.A,Large welded tubes,China,0
2026-08-07,09.9938,25.A,Large welded tubes,India,0
2026-08-07,09.9525,25.A,Large welded tubes,FTA Quota – CSQ,1283
2026-08-07,09.9625,25.A,Large welded tubes,Other countries,425
2026-08-07,09.9754,25.A,Large welded tubes,FTA Quota – Other countries,584
2026-08-07,09.9496,25.A,Large welded tubes,United Kingdom (to Northern Ireland from other parts of the United Kingdom),14
2026-08-07,09.9939,25.B,Large welded tubes (line pipe),Türkiye,4201
2026-08-07,09.9940,25.B,Large welded tubes (line pipe),China,0
2026-08-07,09.9941,25.B,Large welded tubes (line pipe),United Kingdom,1409
2026-08-07,09.9942,25.B,Large welded tubes (line pipe),Algeria,0
2026-08-07,09.9526,25.B,Large welded tubes (line pipe),FTA Quota – CSQ,2030
2026-08-07,09.9626,25.B,Large welded tubes (line pipe),Other countries,0
2026-08-07,09.9755,25.B,Large welded tubes (line pipe),FTA Quota – Other countries,1166
2026-08-07,09.9756,25.B,Large welded tubes (line pipe),Singapore,21
2026-08-07,09.9943,26,Other welded tubes,Türkiye,0
2026-08-07,09.9944,26,Other welded tubes,Switzerland,10858
2026-08-07,09.9945,26,Other welded tubes,China,0
2026-08-07,09.9946,26,Other welded tubes,India,0
2026-08-07,09.9947,26,Other welded tubes,United Kingdom,2710
2026-08-07,09.9948,26,Other welded tubes,Taiwan,0
2026-08-07,09.9527,26,Other welded tubes,FTA Quota – CSQ,0
2026-08-07,09.9627,26,Other welded tubes,Other countries,1375
2026-08-07,09.9757,26,Other welded tubes,FTA Quota – Other countries,2104
2026-08-07,09.9758,26,Other welded tubes,Singapore,0
2026-08-07,09.9949,27,Non-alloy & alloy cold finished bars,China,875
2026-08-07,09.9950,27,Non-alloy & alloy cold finished bars,Türkiye,3045
2026-08-07,09.9951,27,Non-alloy & alloy cold finished bars,Switzerland,3006
2026-08-07,09.9952,27,Non-alloy & alloy cold finished bars,Ukraine,1282
2026-08-07,09.9528,27,Non-alloy & alloy cold finished bars,FTA Quota – CSQ,1491
2026-08-07,09.9628,27,Non-alloy & alloy cold finished bars,Other countries,736
2026-08-07,09.9759,27,Non-alloy & alloy cold finished bars,FTA Quota – Other countries,1702
2026-08-07,09.9953,27,Non-alloy & alloy cold finished bars,China,0
2026-08-07,09.9954,27,Non-alloy & alloy cold finished bars,Türkiye,1583
2026-08-07,09.9955,27,Non-alloy & alloy cold finished bars,Ukraine,10455
2026-08-07,09.9529,27,Non-alloy & alloy cold finished bars,FTA Quota – CSQ,4496
2026-08-07,09.9629,27,Non-alloy & alloy cold finished bars,Other countries,0
2026-08-07,09.9760,27,Non-alloy & alloy cold finished bars,FTA Quota – Other countries,7418
2026-08-07,09.9497,27,Non-alloy & alloy cold finished bars,United Kingdom (to Northern Ireland from other parts of the United Kingdom),158
2026-08-08,09.9801,1.A,Non-alloy & other alloy hot rolled sheets/strips,Türkiye,0
2026-08-08,09.9802,1.A,Non-alloy & other alloy hot rolled sheets/strips,Japan,117559
2026-08-08,09.9803,1.A,Non-alloy & other alloy hot rolled sheets/strips,India,46360
2026-08-08,09.9804,1.A,Non-alloy & other alloy hot rolled sheets/strips,Taiwan,67237
2026-08-08,09.9805,1.A,Non-alloy & other alloy hot rolled sheets/strips,Ukraine,55212
2026-08-08,09.9806,1.A,Non-alloy & other alloy hot rolled sheets/strips,Korea,59864
2026-08-08,09.9807,1.A,Non-alloy & other alloy hot rolled sheets/strips,Viet Nam,80564
2026-08-08,09.9808,1.A,Non-alloy & other alloy hot rolled sheets/strips,Egypt,99404
2026-08-08,09.9809,1.A,Non-alloy & other alloy hot rolled sheets/strips,Serbia,41460
2026-08-08,09.9500,1.A,Non-alloy & other alloy hot rolled sheets/strips,FTA Quota – CSQ,0
2026-08-08,09.9701,1.A,Non-alloy & other alloy hot rolled sheets/strips,Brazil,42444
2026-08-08,09.9705,1.A,Non-alloy & other alloy hot rolled sheets/strips,United Kingdom,36070
2026-08-08,09.9702,1.A,Non-alloy & other alloy hot rolled sheets/strips,Indonesia,0
2026-08-08,09.9810,1.A,Non-alloy & other alloy hot rolled sheets/strips,Australia,11695
2026-08-08,09.9811,1.A,Non-alloy & other alloy hot rolled sheets/strips,Saudi Arabia,9545
2026-08-08,09.9704,1.A,Non-alloy & other alloy hot rolled sheets/strips,Switzerland,5329
2026-08-08,09.9812,1.A,Non-alloy & other alloy hot rolled sheets/strips,Kazakhstan,2349
2026-08-08,09.9703,1.A,Non-alloy & other alloy hot rolled sheets/strips,North Macedonia,1119
2026-08-08,09.9600,1.A,Non-alloy & other alloy hot rolled sheets/strips,Other countries,0
2026-08-08,09.9700,1.A,Non-alloy & other alloy hot rolled sheets/strips,FTA Quota – Other countries,0
2026-08-08,09.9813,1.B,Non-alloy & other alloy hot rolled sheets/strips (7212 60),United Kingdom,330
2026-08-08,09.9814,1.B,Non-alloy & other alloy hot rolled sheets/strips (7212 60),United States,0
2026-08-08,09.9815,1.B,Non-alloy & other alloy hot rolled sheets/strips (7212 60),Japan,114
2026-08-08,09.9816,1.B,Non-alloy & other alloy hot rolled sheets/strips (7212 60),China,20
2026-08-08,09.9501,1.B,Non-alloy & other alloy hot rolled sheets/strips (7212 60),FTA Quota – CSQ,107
2026-08-08,09.9601,1.B,Non-alloy & other alloy hot rolled sheets/strips (7212 60),Other countries,40
2026-08-08,09.9706,1.B,Non-alloy & other alloy hot rolled sheets/strips (7212 60),FTA Quota – Other countries,49
2026-08-08,09.9817,2,Non-alloy & other alloy cold rolled sheets,Taiwan,33542
2026-08-08,09.9818,2,Non-alloy & other alloy cold rolled sheets,India,58878
2026-08-08,09.9819,2,Non-alloy & other alloy cold rolled sheets,Korea,23247
2026-08-08,09.9820,2,Non-alloy & other alloy cold rolled sheets,Türkiye,39476
2026-08-08,09.9821,2,Non-alloy & other alloy cold rolled sheets,United Kingdom,19601
2026-08-08,09.9822,2,Non-alloy & other alloy cold rolled sheets,Japan,29076
2026-08-08,09.9823,2,Non-alloy & other alloy cold rolled sheets,Ukraine,5629
2026-08-08,09.9502,2,Non-alloy & other alloy cold rolled sheets,FTA Quota – CSQ,33671
2026-08-08,09.9602,2,Non-alloy & other alloy cold rolled sheets,Other countries,0
2026-08-08,09.9707,2,Non-alloy & other alloy cold rolled sheets,FTA Quota – Other countries,16124
2026-08-08,09.9709,2,Non-alloy & other alloy cold rolled sheets,Egypt,818
2026-08-08,09.9710,2,Non-alloy & other alloy cold rolled sheets,Switzerland,429
2026-08-08,09.9708,2,Non-alloy & other alloy cold rolled sheets,Brazil,0
2026-08-08,09.9824,3.A,Electrical sheets (non grain-oriented),Japan,78
2026-08-08,09.9825,3.A,Electrical sheets (non grain-oriented),United Kingdom,20
2026-08-08,09.9826,3.A,Electrical sheets (non grain-oriented),China,5
2026-08-08,09.9827,3.A,Electrical sheets (non grain-oriented),Türkiye,9
2026-08-08,09.9503,3.A,Electrical sheets (non grain-oriented),FTA Quota – CSQ,29
2026-08-08,09.9603,3.A,Electrical sheets (non grain-oriented),Other countries,7
2026-08-08,09.9711,3.A,Electrical sheets (non grain-oriented),FTA Quota – Other countries,0
2026-08-08,09.9828,3.B,Electrical sheets (grain-oriented),China,0
2026-08-08,09.9829,3.B,Electrical sheets (grain-oriented),Taiwan,3916
2026-08-08,09.9830,3.B,Electrical sheets (grain-oriented),Korea,12523
2026-08-08,09.9831,3.B,Electrical sheets (grain-oriented),Viet Nam,6925
2026-08-08,09.9504,3.B,Electrical sheets (grain-oriented),FTA Quota – CSQ,4217
2026-08-08,09.9604,3.B,Electrical sheets (grain-oriented),Other countries,1477
2026-08-08,09.9712,3.B,Electrical sheets (grain-oriented),FTA Quota – Other countries,4078
2026-08-08,09.9713,3.B,Electrical sheets (grain-oriented),Japan,554
2026-08-08,09.9832,4.A,Metallic coated sheets,Viet Nam,97727
2026-08-08,09.9833,4.A,Metallic coated sheets,Taiwan,14985
2026-08-08,09.9834,4.A,Metallic coated sheets,Türkiye,0
2026-08-08,09.9835,4.A,Metallic coated sheets,India,48504
2026-08-08,09.9836,4.A,Metallic coated sheets,Korea,9070
2026-08-08,09.9505,4.A,Metallic coated sheets,FTA Quota – CSQ,0
2026-08-08,09.9605,4.A,Metallic coated sheets,Other countries,0
2026-08-08,09.9714,4.A,Metallic coated sheets,FTA Quota – Other countries,2983
2026-08-08,09.9718,4.A,Metallic coated sheets,United Kingdom,2223
2026-08-08,09.9716,4.A,Metallic coated sheets,Japan,71
2026-08-08,09.9715,4.A,Metallic coated sheets,Egypt,2744
2026-08-08,09.9717,4.A,Metallic coated sheets,South Africa,3036
2026-08-08,09.9837,4.B,Metallic coated sheets (automotive),Korea,34625
2026-08-08,09.9838,4.B,Metallic coated sheets (automotive),China,0
2026-08-08,09.9839,4.B,Metallic coated sheets (automotive),United Kingdom,33110
2026-08-08,09.9840,4.B,Metallic coated sheets (automotive),Türkiye,0
2026-08-08,09.9841,4.B,Metallic coated sheets (automotive),India,24536
2026-08-08,09.9506,4.B,Metallic coated sheets (automotive),FTA Quota – CSQ,0
2026-08-08,09.9606,4.B,Metallic coated sheets (automotive),Other countries,0
2026-08-08,09.9719,4.B,Metallic coated sheets (automotive),FTA Quota – Other countries,4504
2026-08-08,09.9720,4.B,Metallic coated sheets (automotive),Egypt,1664
2026-08-08,09.9721,4.B,Metallic coated sheets (automotive),Switzerland,28
2026-08-08,09.9842,5,Organic coated sheets,India,0
2026-08-08,09.9843,5,Organic coated sheets,Korea,0
2026-08-08,09.9844,5,Organic coated sheets,Viet Nam,4427
2026-08-08,09.9845,5,Organic coated sheets,Türkiye,0
2026-08-08,09.9846,5,Organic coated sheets,Taiwan,154
2026-08-08,09.9847,5,Organic coated sheets,United Kingdom,5141
2026-08-08,09.9507,5,Organic coated sheets,FTA Quota – CSQ,0
2026-08-08,09.9607,5,Organic coated sheets,Other countries,994
2026-08-08,09.9722,5,Organic coated sheets,FTA Quota – Other countries,1531
2026-08-08,09.9723,5,Organic coated sheets,North Macedonia,0
2026-08-08,09.9848,6,Tin mill products,China,31093
2026-08-08,09.9849,6,Tin mill products,Serbia,10128
2026-08-08,09.9850,6,Tin mill products,United Kingdom,10102
2026-08-08,09.9851,6,Tin mill products,Türkiye,11591
2026-08-08,09.9852,6,Tin mill products,Korea,7434
2026-08-08,09.9853,6,Tin mill products,India,5914
2026-08-08,09.9508,6,Tin mill products,FTA Quota – CSQ,11255
2026-08-08,09.9608,6,Tin mill products,Other countries,361
2026-08-08,09.9724,6,Tin mill products,FTA Quota – Other countries,5251
2026-08-08,09.9725,6,Tin mill products,Japan,0
2026-08-08,09.9726,6,Tin mill products,Singapore,21
2026-08-08,09.9854,7,Non-alloy & other alloy quarto plates,Korea,0
2026-08-08,09.9855,7,Non-alloy & other alloy quarto plates,Indonesia,18581
2026-08-08,09.9856,7,Non-alloy & other alloy quarto plates,India,47306
2026-08-08,09.9857,7,Non-alloy & other alloy quarto plates,Japan,17479
2026-08-08,09.9858,7,Non-alloy & other alloy quarto plates,North Macedonia,6057
2026-08-08,09.9859,7,Non-alloy & other alloy quarto plates,United Kingdom,3215
2026-08-08,09.9509,7,Non-alloy & other alloy quarto plates,FTA Quota – CSQ,22682
2026-08-08,09.9609,7,Non-alloy & other alloy quarto plates,Other countries,9276
2026-08-08,09.9727,7,Non-alloy & other alloy quarto plates,FTA Quota – Other countries,7138
2026-08-08,09.9728,7,Non-alloy & other alloy quarto plates,Türkiye,87
2026-08-08,09.9491,7,Non-alloy & other alloy quarto plates,United Kingdom (to Northern Ireland from other parts of the United Kingdom),3986
2026-08-08,09.9860,8,Stainless hot rolled sheets and strips,Taiwan,2085
2026-08-08,09.9861,8,Stainless hot rolled sheets and strips,Indonesia,8955
2026-08-08,09.9862,8,Stainless hot rolled sheets and strips,India,4115
2026-08-08,09.9863,8,Stainless hot rolled sheets and strips,China,2252
2026-08-08,09.9864,8,Stainless hot rolled sheets and strips,Korea,2082
2026-08-08,09.9865,8,Stainless hot rolled sheets and strips,Türkiye,3430
2026-08-08,09.9866,8,Stainless hot rolled sheets and strips,South Africa,2275
2026-08-08,09.9510,8,Stainless hot rolled sheets and strips,FTA Quota – CSQ,2806
2026-08-08,09.9610,8,Stainless hot rolled sheets and strips,Other countries,431
2026-08-08,09.9729,8,Stainless hot rolled sheets and strips,FTA Quota – Other countries,407
2026-08-08,09.9492,8,Stainless hot rolled sheets and strips,United Kingdom (to Northern Ireland from other parts of the United Kingdom),13
2026-08-08,09.9867,9,Stainless cold rolled sheets and strips,Taiwan,10616
2026-08-08,09.9868,9,Stainless cold rolled sheets and strips,China,8853
2026-08-08,09.9869,9,Stainless cold rolled sheets and strips,Korea,15812
2026-08-08,09.9870,9,Stainless cold rolled sheets and strips,Türkiye,9168
2026-08-08,09.9871,9,Stainless cold rolled sheets and strips,South Africa,7850
2026-08-08,09.9872,9,Stainless cold rolled sheets and strips,Viet Nam,7208
2026-08-08,09.9873,9,Stainless cold rolled sheets and strips,India,6383
2026-08-08,09.9511,9,Stainless cold rolled sheets and strips,FTA Quota – CSQ,9935
2026-08-08,09.9611,9,Stainless cold rolled sheets and strips,Other countries,3268
2026-08-08,09.9730,9,Stainless cold rolled sheets and strips,FTA Quota – Other countries,4974
2026-08-08,09.9731,9,Stainless cold rolled sheets and strips,Switzerland,179
2026-08-08,09.9493,9,Stainless cold rolled sheets and strips,United Kingdom (to Northern Ireland from other parts of the United Kingdom),30
2026-08-08,09.9874,10,Stainless hot rolled quarto plates,China,865
2026-08-08,09.9875,10,Stainless hot rolled quarto plates,India,679
2026-08-08,09.9876,10,Stainless hot rolled quarto plates,Korea,405
2026-08-08,09.9877,10,Stainless hot rolled quarto plates,South Africa,424
2026-08-08,09.9512,10,Stainless hot rolled quarto plates,FTA Quota – CSQ,279
2026-08-08,09.9612,10,Stainless hot rolled quarto plates,Other countries,161
2026-08-08,09.9732,10,Stainless hot rolled quarto plates,FTA Quota – Other countries,270
2026-08-08,09.9878,12,Non-alloy & other alloy merchant bars & light sections,China,15901
2026-08-08,09.9879,12,Non-alloy & other alloy merchant bars & light sections,Türkiye,36877
2026-08-08,09.9880,12,Non-alloy & other alloy merchant bars & light sections,United Kingdom,18357
2026-08-08,09.9881,12,Non-alloy & other alloy merchant bars & light sections,Switzerland,16273
2026-08-08,09.9882,12,Non-alloy & other alloy merchant bars & light sections,Korea,7863
2026-08-08,09.9883,12,Non-alloy & other alloy merchant bars & light sections,North Macedonia,6761
2026-08-08,09.9513,12,Non-alloy & other alloy merchant bars & light sections,FTA Quota – CSQ,14063
2026-08-08,09.9613,12,Non-alloy & other alloy merchant bars & light sections,Other countries,3959
2026-08-08,09.9733,12,Non-alloy & other alloy merchant bars & light sections,FTA Quota – Other countries,10507
2026-08-08,09.9734,12,Non-alloy & other alloy merchant bars & light sections,Brazil,2840
2026-08-08,09.9735,12,Non-alloy & other alloy merchant bars & light sections,Egypt,1070
2026-08-08,09.9884,13,Rebars,Türkiye,0
2026-08-08,09.9885,13,Rebars,Egypt,24779
2026-08-08,09.9886,13,Rebars,Algeria,8480
2026-08-08,09.9887,13,Rebars,Moldova,7865
2026-08-08,09.9888,13,Rebars,China,4892
2026-08-08,09.9889,13,Rebars,Ukraine,7298
2026-08-08,09.9514,13,Rebars,FTA Quota – CSQ,0
2026-08-08,09.9614,13,Rebars,Other countries,13203
2026-08-08,09.9736,13,Rebars,FTA Quota – Other countries,9575
2026-08-08,09.9494,13,Rebars,United Kingdom (to Northern Ireland from other parts of the United Kingdom),2154
2026-08-08,09.9890,14,Stainless bars and light sections,India,0
2026-08-08,09.9891,14,Stainless bars and light sections,Switzerland,852
2026-08-08,09.9892,14,Stainless bars and light sections,United Kingdom,1151
2026-08-08,09.9893,14,Stainless bars and light sections,China,422
2026-08-08,09.9515,14,Stainless bars and light sections,FTA Quota – CSQ,0
2026-08-08,09.9615,14,Stainless bars and light sections,Other countries,279
2026-08-08,09.9737,14,Stainless bars and light sections,FTA Quota – Other countries,508
2026-08-08,09.9894,15,Stainless wire rod,India,2278
2026-08-08,09.9895,15,Stainless wire rod,Taiwan,293
2026-08-08,09.9896,15,Stainless wire rod,Korea,676
2026-08-08,09.9897,15,Stainless wire rod,United Kingdom,636
2026-08-08,09.9898,15,Stainless wire rod,China,340
2026-08-08,09.9899,15,Stainless wire rod,Japan,14
2026-08-08,09.9516,15,Stainless wire rod,FTA Quota – CSQ,810
2026-08-08,09.9616,15,Stainless wire rod,Other countries,131
2026-08-08,09.9738,15,Stainless wire rod,FTA Quota – Other countries,91
2026-08-08,09.9900,16,Non-alloy & other alloy wire rod,Türkiye,0
2026-08-08,09.9901,16,Non-alloy & other alloy wire rod,Malaysia,21671
2026-08-08,09.9902,16,Non-alloy & other alloy wire rod,United Kingdom,35874
2026-08-08,09.9903,16,Non-alloy & other alloy wire rod,Ukraine,10420
2026-08-08,09.9904,16,Non-alloy & other alloy wire rod,Switzerland,10928
2026-08-08,09.9905,16,Non-alloy & other alloy wire rod,Viet Nam,15389
2026-08-08,09.9906,16,Non-alloy & other alloy wire rod,Moldova,19277
2026-08-08,09.9907,16,Non-alloy & other alloy wire rod,Egypt,2166
2026-08-08,09.9517,16,Non-alloy & other alloy wire rod,FTA Quota – CSQ,0
2026-08-08,09.9617,16,Non-alloy & other alloy wire rod,Other countries,37262
2026-08-08,09.9739,16,Non-alloy & other alloy wire rod,FTA Quota – Other countries,29419
2026-08-08,09.9740,16,Non-alloy & other alloy wire rod,Korea,2685
2026-08-08,09.9741,16,Non-alloy & other alloy wire rod,Japan,1007
2026-08-08,09.9908,17,"Angles, shapes and sections of iron/non-alloy steel",Türkiye,703
2026-08-08,09.9909,17,"Angles, shapes and sections of iron/non-alloy steel",United Kingdom,4524
2026-08-08,09.9910,17,"Angles, shapes and sections of iron/non-alloy steel",Switzerland,2590
2026-08-08,09.9911,17,"Angles, shapes and sections of iron/non-alloy steel",United Arab Emirates,1491
2026-08-08,09.9518,17,"Angles, shapes and sections of iron/non-alloy steel",FTA Quota – CSQ,3032
2026-08-08,09.9618,17,"Angles, shapes and sections of iron/non-alloy steel",Other countries,2170
2026-08-08,09.9742,17,"Angles, shapes and sections of iron/non-alloy steel",FTA Quota – Other countries,1026
2026-08-08,09.9743,17,"Angles, shapes and sections of iron/non-alloy steel",Korea,1250
2026-08-08,09.9495,17,"Angles, shapes and sections of iron/non-alloy steel",United Kingdom (to Northern Ireland from other parts of the United Kingdom),12041
2026-08-08,09.9912,18,Sheet piling,China,0
2026-08-08,09.9913,18,Sheet piling,United Arab Emirates,2
2026-08-08,09.9914,18,Sheet piling,United Kingdom,1635
2026-08-08,09.9519,18,Sheet piling,FTA Quota – CSQ,1234
2026-08-08,09.9619,18,Sheet piling,Other countries,0
2026-08-08,09.9744,18,Sheet piling,FTA Quota – Other countries,1392
2026-08-08,09.9915,19,Railway material,United Kingdom,1394
2026-08-08,09.9916,19,Railway material,Türkiye,164
2026-08-08,09.9917,19,Railway material,China,0
2026-08-08,09.9520,19,Railway material,FTA Quota – CSQ,286
2026-08-08,09.9620,19,Railway material,Other countries,160
2026-08-08,09.9745,19,Railway material,FTA Quota – Other countries,147
2026-08-08,09.9918,20,Gas pipes,Türkiye,0
2026-08-08,09.9919,20,Gas pipes,India,0
2026-08-08,09.9920,20,Gas pipes,United Arab Emirates,2474
2026-08-08,09.9921,20,Gas pipes,North Macedonia,71
2026-08-08,09.9922,20,Gas pipes,United Kingdom,1821
2026-08-08,09.9521,20,Gas pipes,FTA Quota – CSQ,0
2026-08-08,09.9621,20,Gas pipes,Other countries,62
2026-08-08,09.9746,20,Gas pipes,FTA Quota – Other countries,1285
2026-08-08,09.9923,21,Hollow sections,Türkiye,0
2026-08-08,09.9924,21,Hollow sections,United Kingdom,12698
2026-08-08,09.9925,21,Hollow sections,North Macedonia,0
2026-08-08,09.9926,21,Hollow sections,China,0
2026-08-08,09.9927,21,Hollow sections,Ukraine,0
2026-08-08,09.9522,21,Hollow sections,FTA Quota – CSQ,0
2026-08-08,09.9622,21,Hollow sections,Other countries,0
2026-08-08,09.9747,21,Hollow sections,FTA Quota – Other countries,0
2026-08-08,09.9748,21,Hollow sections,Switzerland,483
2026-08-08,09.9928,22,Seamless stainless tubes and pipes,India,0
2026-08-08,09.9929,22,Seamless stainless tubes and pipes,Ukraine,662
2026-08-08,09.9930,22,Seamless stainless tubes and pipes,China,91
2026-08-08,09.9931,22,Seamless stainless tubes and pipes,Korea,434
2026-08-08,09.9523,22,Seamless stainless tubes and pipes,FTA Quota – CSQ,0
2026-08-08,09.9623,22,Seamless stainless tubes and pipes,Other countries,0
2026-08-08,09.9749,22,Seamless stainless tubes and pipes,FTA Quota – Other countries,169
2026-08-08,09.9750,22,Seamless stainless tubes and pipes,Japan,0
2026-08-08,09.9932,24,Other seamless tubes,China,0
2026-08-08,09.9933,24,Other seamless tubes,Ukraine,4813
2026-08-08,09.9934,24,Other seamless tubes,Brazil,5430
2026-08-08,09.9524,24,Other seamless tubes,FTA Quota – CSQ,3052
2026-08-08,09.9624,24,Other seamless tubes,Other countries,4079
2026-08-08,09.9751,24,Other seamless tubes,FTA Quota – Other countries,9155
2026-08-08,09.9752,24,Other seamless tubes,Argentina,1002
2026-08-08,09.9753,24,Other seamless tubes,Singapore,111
2026-08-08,09.9935,25.A,Large welded tubes,Türkiye,1947
2026-08-08,09.9936,25.A,Large welded tubes,Israel,834
2026-08-08,09.9937,25.A,Large welded tubes,China,0
2026-08-08,09.9938,25.A,Large welded tubes,India,0
2026-08-08,09.9525,25.A,Large welded tubes,FTA Quota – CSQ,1283
2026-08-08,09.9625,25.A,Large welded tubes,Other countries,425
2026-08-08,09.9754,25.A,Large welded tubes,FTA Quota – Other countries,584
2026-08-08,09.9496,25.A,Large welded tubes,United Kingdom (to Northern Ireland from other parts of the United Kingdom),14
2026-08-08,09.9939,25.B,Large welded tubes (line pipe),Türkiye,4201
2026-08-08,09.9940,25.B,Large welded tubes (line pipe),China,0
2026-08-08,09.9941,25.B,Large welded tubes (line pipe),United Kingdom,1409
2026-08-08,09.9942,25.B,Large welded tubes (line pipe),Algeria,0
2026-08-08,09.9526,25.B,Large welded tubes (line pipe),FTA Quota – CSQ,2030
2026-08-08,09.9626,25.B,Large welded tubes (line pipe),Other countries,0
2026-08-08,09.9755,25.B,Large welded tubes (line pipe),FTA Quota – Other countries,1166
2026-08-08,09.9756,25.B,Large welded tubes (line pipe),Singapore,21
2026-08-08,09.9943,26,Other welded tubes,Türkiye,0
2026-08-08,09.9944,26,Other welded tubes,Switzerland,10858
2026-08-08,09.9945,26,Other welded tubes,China,0
2026-08-08,09.9946,26,Other welded tubes,India,0
2026-08-08,09.9947,26,Other welded tubes,United Kingdom,2710
2026-08-08,09.9948,26,Other welded tubes,Taiwan,0
2026-08-08,09.9527,26,Other welded tubes,FTA Quota – CSQ,0
2026-08-08,09.9627,26,Other welded tubes,Other countries,1375
2026-08-08,09.9757,26,Other welded tubes,FTA Quota – Other countries,2104
2026-08-08,09.9758,26,Other welded tubes,Singapore,0
2026-08-08,09.9949,27,Non-alloy & alloy cold finished bars,China,875
2026-08-08,09.9950,27,Non-alloy & alloy cold finished bars,Türkiye,3045
2026-08-08,09.9951,27,Non-alloy & alloy cold finished bars,Switzerland,3006
2026-08-08,09.9952,27,Non-alloy & alloy cold finished bars,Ukraine,1282
2026-08-08,09.9528,27,Non-alloy & alloy cold finished bars,FTA Quota – CSQ,1491
2026-08-08,09.9628,27,Non-alloy & alloy cold finished bars,Other countries,736
2026-08-08,09.9759,27,Non-alloy & alloy cold finished bars,FTA Quota – Other countries,1702
2026-08-08,09.9953,27,Non-alloy & alloy cold finished bars,China,0
2026-08-08,09.9954,27,Non-alloy & alloy cold finished bars,Türkiye,1583
2026-08-08,09.9955,27,Non-alloy & alloy cold finished bars,Ukraine,10455
2026-08-08,09.9529,27,Non-alloy & alloy cold finished bars,FTA Quota – CSQ,4496
2026-08-08,09.9629,27,Non-alloy & alloy cold finished bars,Other countries,0
2026-08-08,09.9760,27,Non-alloy & alloy cold finished bars,FTA Quota – Other countries,7418
2026-08-08,09.9497,27,Non-alloy & alloy cold finished bars,United Kingdom (to Northern Ireland from other parts of the United Kingdom),158
2026-08-09,09.9801,1.A,Non-alloy & other alloy hot rolled sheets/strips,Türkiye,0
2026-08-09,09.9802,1.A,Non-alloy & other alloy hot rolled sheets/strips,Japan,117559
2026-08-09,09.9803,1.A,Non-alloy & other alloy hot rolled sheets/strips,India,46360
2026-08-09,09.9804,1.A,Non-alloy & other alloy hot rolled sheets/strips,Taiwan,67237
2026-08-09,09.9805,1.A,Non-alloy & other alloy hot rolled sheets/strips,Ukraine,55212
2026-08-09,09.9806,1.A,Non-alloy & other alloy hot rolled sheets/strips,Korea,59864
2026-08-09,09.9807,1.A,Non-alloy & other alloy hot rolled sheets/strips,Viet Nam,80564
2026-08-09,09.9808,1.A,Non-alloy & other alloy hot rolled sheets/strips,Egypt,99404
2026-08-09,09.9809,1.A,Non-alloy & other alloy hot rolled sheets/strips,Serbia,41460
2026-08-09,09.9500,1.A,Non-alloy & other alloy hot rolled sheets/strips,FTA Quota – CSQ,0
2026-08-09,09.9701,1.A,Non-alloy & other alloy hot rolled sheets/strips,Brazil,42444
2026-08-09,09.9705,1.A,Non-alloy & other alloy hot rolled sheets/strips,United Kingdom,36070
2026-08-09,09.9702,1.A,Non-alloy & other alloy hot rolled sheets/strips,Indonesia,0
2026-08-09,09.9810,1.A,Non-alloy & other alloy hot rolled sheets/strips,Australia,11695
2026-08-09,09.9811,1.A,Non-alloy & other alloy hot rolled sheets/strips,Saudi Arabia,9545
2026-08-09,09.9704,1.A,Non-alloy & other alloy hot rolled sheets/strips,Switzerland,5329
2026-08-09,09.9812,1.A,Non-alloy & other alloy hot rolled sheets/strips,Kazakhstan,2349
2026-08-09,09.9703,1.A,Non-alloy & other alloy hot rolled sheets/strips,North Macedonia,1119
2026-08-09,09.9600,1.A,Non-alloy & other alloy hot rolled sheets/strips,Other countries,0
2026-08-09,09.9700,1.A,Non-alloy & other alloy hot rolled sheets/strips,FTA Quota – Other countries,0
2026-08-09,09.9813,1.B,Non-alloy & other alloy hot rolled sheets/strips (7212 60),United Kingdom,330
2026-08-09,09.9814,1.B,Non-alloy & other alloy hot rolled sheets/strips (7212 60),United States,0
2026-08-09,09.9815,1.B,Non-alloy & other alloy hot rolled sheets/strips (7212 60),Japan,114
2026-08-09,09.9816,1.B,Non-alloy & other alloy hot rolled sheets/strips (7212 60),China,20
2026-08-09,09.9501,1.B,Non-alloy & other alloy hot rolled sheets/strips (7212 60),FTA Quota – CSQ,107
2026-08-09,09.9601,1.B,Non-alloy & other alloy hot rolled sheets/strips (7212 60),Other countries,40
2026-08-09,09.9706,1.B,Non-alloy & other alloy hot rolled sheets/strips (7212 60),FTA Quota – Other countries,49
2026-08-09,09.9817,2,Non-alloy & other alloy cold rolled sheets,Taiwan,33542
2026-08-09,09.9818,2,Non-alloy & other alloy cold rolled sheets,India,58878
2026-08-09,09.9819,2,Non-alloy & other alloy cold rolled sheets,Korea,23247
2026-08-09,09.9820,2,Non-alloy & other alloy cold rolled sheets,Türkiye,39476
2026-08-09,09.9821,2,Non-alloy & other alloy cold rolled sheets,United Kingdom,19601
2026-08-09,09.9822,2,Non-alloy & other alloy cold rolled sheets,Japan,29076
2026-08-09,09.9823,2,Non-alloy & other alloy cold rolled sheets,Ukraine,5629
2026-08-09,09.9502,2,Non-alloy & other alloy cold rolled sheets,FTA Quota – CSQ,33671
2026-08-09,09.9602,2,Non-alloy & other alloy cold rolled sheets,Other countries,0
2026-08-09,09.9707,2,Non-alloy & other alloy cold rolled sheets,FTA Quota – Other countries,16124
2026-08-09,09.9709,2,Non-alloy & other alloy cold rolled sheets,Egypt,818
2026-08-09,09.9710,2,Non-alloy & other alloy cold rolled sheets,Switzerland,429
2026-08-09,09.9708,2,Non-alloy & other alloy cold rolled sheets,Brazil,0
2026-08-09,09.9824,3.A,Electrical sheets (non grain-oriented),Japan,78
2026-08-09,09.9825,3.A,Electrical sheets (non grain-oriented),United Kingdom,20
2026-08-09,09.9826,3.A,Electrical sheets (non grain-oriented),China,5
2026-08-09,09.9827,3.A,Electrical sheets (non grain-oriented),Türkiye,9
2026-08-09,09.9503,3.A,Electrical sheets (non grain-oriented),FTA Quota – CSQ,29
2026-08-09,09.9603,3.A,Electrical sheets (non grain-oriented),Other countries,7
2026-08-09,09.9711,3.A,Electrical sheets (non grain-oriented),FTA Quota – Other countries,0
2026-08-09,09.9828,3.B,Electrical sheets (grain-oriented),China,0
2026-08-09,09.9829,3.B,Electrical sheets (grain-oriented),Taiwan,3916
2026-08-09,09.9830,3.B,Electrical sheets (grain-oriented),Korea,12523
2026-08-09,09.9831,3.B,Electrical sheets (grain-oriented),Viet Nam,6925
2026-08-09,09.9504,3.B,Electrical sheets (grain-oriented),FTA Quota – CSQ,4217
2026-08-09,09.9604,3.B,Electrical sheets (grain-oriented),Other countries,1477
2026-08-09,09.9712,3.B,Electrical sheets (grain-oriented),FTA Quota – Other countries,4078
2026-08-09,09.9713,3.B,Electrical sheets (grain-oriented),Japan,554
2026-08-09,09.9832,4.A,Metallic coated sheets,Viet Nam,97727
2026-08-09,09.9833,4.A,Metallic coated sheets,Taiwan,14985
2026-08-09,09.9834,4.A,Metallic coated sheets,Türkiye,0
2026-08-09,09.9835,4.A,Metallic coated sheets,India,48504
2026-08-09,09.9836,4.A,Metallic coated sheets,Korea,9070
2026-08-09,09.9505,4.A,Metallic coated sheets,FTA Quota – CSQ,0
2026-08-09,09.9605,4.A,Metallic coated sheets,Other countries,0
2026-08-09,09.9714,4.A,Metallic coated sheets,FTA Quota – Other countries,2983
2026-08-09,09.9718,4.A,Metallic coated sheets,United Kingdom,2223
2026-08-09,09.9716,4.A,Metallic coated sheets,Japan,71
2026-08-09,09.9715,4.A,Metallic coated sheets,Egypt,2744
2026-08-09,09.9717,4.A,Metallic coated sheets,South Africa,3036
2026-08-09,09.9837,4.B,Metallic coated sheets (automotive),Korea,34625
2026-08-09,09.9838,4.B,Metallic coated sheets (automotive),China,0
2026-08-09,09.9839,4.B,Metallic coated sheets (automotive),United Kingdom,33110
2026-08-09,09.9840,4.B,Metallic coated sheets (automotive),Türkiye,0
2026-08-09,09.9841,4.B,Metallic coated sheets (automotive),India,24536
2026-08-09,09.9506,4.B,Metallic coated sheets (automotive),FTA Quota – CSQ,0
2026-08-09,09.9606,4.B,Metallic coated sheets (automotive),Other countries,0
2026-08-09,09.9719,4.B,Metallic coated sheets (automotive),FTA Quota – Other countries,4504
2026-08-09,09.9720,4.B,Metallic coated sheets (automotive),Egypt,1664
2026-08-09,09.9721,4.B,Metallic coated sheets (automotive),Switzerland,28
2026-08-09,09.9842,5,Organic coated sheets,India,0
2026-08-09,09.9843,5,Organic coated sheets,Korea,0
2026-08-09,09.9844,5,Organic coated sheets,Viet Nam,4427
2026-08-09,09.9845,5,Organic coated sheets,Türkiye,0
2026-08-09,09.9846,5,Organic coated sheets,Taiwan,154
2026-08-09,09.9847,5,Organic coated sheets,United Kingdom,5141
2026-08-09,09.9507,5,Organic coated sheets,FTA Quota – CSQ,0
2026-08-09,09.9607,5,Organic coated sheets,Other countries,994
2026-08-09,09.9722,5,Organic coated sheets,FTA Quota – Other countries,1531
2026-08-09,09.9723,5,Organic coated sheets,North Macedonia,0
2026-08-09,09.9848,6,Tin mill products,China,31093
2026-08-09,09.9849,6,Tin mill products,Serbia,10128
2026-08-09,09.9850,6,Tin mill products,United Kingdom,10102
2026-08-09,09.9851,6,Tin mill products,Türkiye,11591
2026-08-09,09.9852,6,Tin mill products,Korea,7434
2026-08-09,09.9853,6,Tin mill products,India,5914
2026-08-09,09.9508,6,Tin mill products,FTA Quota – CSQ,11255
2026-08-09,09.9608,6,Tin mill products,Other countries,361
2026-08-09,09.9724,6,Tin mill products,FTA Quota – Other countries,5251
2026-08-09,09.9725,6,Tin mill products,Japan,0
2026-08-09,09.9726,6,Tin mill products,Singapore,21
2026-08-09,09.9854,7,Non-alloy & other alloy quarto plates,Korea,0
2026-08-09,09.9855,7,Non-alloy & other alloy quarto plates,Indonesia,18581
2026-08-09,09.9856,7,Non-alloy & other alloy quarto plates,India,47306
2026-08-09,09.9857,7,Non-alloy & other alloy quarto plates,Japan,17479
2026-08-09,09.9858,7,Non-alloy & other alloy quarto plates,North Macedonia,6057
2026-08-09,09.9859,7,Non-alloy & other alloy quarto plates,United Kingdom,3215
2026-08-09,09.9509,7,Non-alloy & other alloy quarto plates,FTA Quota – CSQ,22682
2026-08-09,09.9609,7,Non-alloy & other alloy quarto plates,Other countries,9276
2026-08-09,09.9727,7,Non-alloy & other alloy quarto plates,FTA Quota – Other countries,7138
2026-08-09,09.9728,7,Non-alloy & other alloy quarto plates,Türkiye,87
2026-08-09,09.9491,7,Non-alloy & other alloy quarto plates,United Kingdom (to Northern Ireland from other parts of the United Kingdom),3986
2026-08-09,09.9860,8,Stainless hot rolled sheets and strips,Taiwan,2085
2026-08-09,09.9861,8,Stainless hot rolled sheets and strips,Indonesia,8955
2026-08-09,09.9862,8,Stainless hot rolled sheets and strips,India,4115
2026-08-09,09.9863,8,Stainless hot rolled sheets and strips,China,2252
2026-08-09,09.9864,8,Stainless hot rolled sheets and strips,Korea,2082
2026-08-09,09.9865,8,Stainless hot rolled sheets and strips,Türkiye,3430
2026-08-09,09.9866,8,Stainless hot rolled sheets and strips,South Africa,2275
2026-08-09,09.9510,8,Stainless hot rolled sheets and strips,FTA Quota – CSQ,2806
2026-08-09,09.9610,8,Stainless hot rolled sheets and strips,Other countries,431
2026-08-09,09.9729,8,Stainless hot rolled sheets and strips,FTA Quota – Other countries,407
2026-08-09,09.9492,8,Stainless hot rolled sheets and strips,United Kingdom (to Northern Ireland from other parts of the United Kingdom),13
2026-08-09,09.9867,9,Stainless cold rolled sheets and strips,Taiwan,10616
2026-08-09,09.9868,9,Stainless cold rolled sheets and strips,China,8853
2026-08-09,09.9869,9,Stainless cold rolled sheets and strips,Korea,15812
2026-08-09,09.9870,9,Stainless cold rolled sheets and strips,Türkiye,9168
2026-08-09,09.9871,9,Stainless cold rolled sheets and strips,South Africa,7850
2026-08-09,09.9872,9,Stainless cold rolled sheets and strips,Viet Nam,7208
2026-08-09,09.9873,9,Stainless cold rolled sheets and strips,India,6383
2026-08-09,09.9511,9,Stainless cold rolled sheets and strips,FTA Quota – CSQ,9935
2026-08-09,09.9611,9,Stainless cold rolled sheets and strips,Other countries,3268
2026-08-09,09.9730,9,Stainless cold rolled sheets and strips,FTA Quota – Other countries,4974
2026-08-09,09.9731,9,Stainless cold rolled sheets and strips,Switzerland,179
2026-08-09,09.9493,9,Stainless cold rolled sheets and strips,United Kingdom (to Northern Ireland from other parts of the United Kingdom),30
2026-08-09,09.9874,10,Stainless hot rolled quarto plates,China,865
2026-08-09,09.9875,10,Stainless hot rolled quarto plates,India,679
2026-08-09,09.9876,10,Stainless hot rolled quarto plates,Korea,405
2026-08-09,09.9877,10,Stainless hot rolled quarto plates,South Africa,424
2026-08-09,09.9512,10,Stainless hot rolled quarto plates,FTA Quota – CSQ,279
2026-08-09,09.9612,10,Stainless hot rolled quarto plates,Other countries,161
2026-08-09,09.9732,10,Stainless hot rolled quarto plates,FTA Quota – Other countries,270
2026-08-09,09.9878,12,Non-alloy & other alloy merchant bars & light sections,China,15901
2026-08-09,09.9879,12,Non-alloy & other alloy merchant bars & light sections,Türkiye,36877
2026-08-09,09.9880,12,Non-alloy & other alloy merchant bars & light sections,United Kingdom,18357
2026-08-09,09.9881,12,Non-alloy & other alloy merchant bars & light sections,Switzerland,16273
2026-08-09,09.9882,12,Non-alloy & other alloy merchant bars & light sections,Korea,7863
2026-08-09,09.9883,12,Non-alloy & other alloy merchant bars & light sections,North Macedonia,6761
2026-08-09,09.9513,12,Non-alloy & other alloy merchant bars & light sections,FTA Quota – CSQ,14063
2026-08-09,09.9613,12,Non-alloy & other alloy merchant bars & light sections,Other countries,3959
2026-08-09,09.9733,12,Non-alloy & other alloy merchant bars & light sections,FTA Quota – Other countries,10507
2026-08-09,09.9734,12,Non-alloy & other alloy merchant bars & light sections,Brazil,2840
2026-08-09,09.9735,12,Non-alloy & other alloy merchant bars & light sections,Egypt,1070
2026-08-09,09.9884,13,Rebars,Türkiye,0
2026-08-09,09.9885,13,Rebars,Egypt,24779
2026-08-09,09.9886,13,Rebars,Algeria,8480
2026-08-09,09.9887,13,Rebars,Moldova,7865
2026-08-09,09.9888,13,Rebars,China,4892
2026-08-09,09.9889,13,Rebars,Ukraine,7298
2026-08-09,09.9514,13,Rebars,FTA Quota – CSQ,0
2026-08-09,09.9614,13,Rebars,Other countries,13203
2026-08-09,09.9736,13,Rebars,FTA Quota – Other countries,9575
2026-08-09,09.9494,13,Rebars,United Kingdom (to Northern Ireland from other parts of the United Kingdom),2154
2026-08-09,09.9890,14,Stainless bars and light sections,India,0
2026-08-09,09.9891,14,Stainless bars and light sections,Switzerland,852
2026-08-09,09.9892,14,Stainless bars and light sections,United Kingdom,1151
2026-08-09,09.9893,14,Stainless bars and light sections,China,422
2026-08-09,09.9515,14,Stainless bars and light sections,FTA Quota – CSQ,0
2026-08-09,09.9615,14,Stainless bars and light sections,Other countries,279
2026-08-09,09.9737,14,Stainless bars and light sections,FTA Quota – Other countries,508
2026-08-09,09.9894,15,Stainless wire rod,India,2278
2026-08-09,09.9895,15,Stainless wire rod,Taiwan,293
2026-08-09,09.9896,15,Stainless wire rod,Korea,676
2026-08-09,09.9897,15,Stainless wire rod,United Kingdom,636
2026-08-09,09.9898,15,Stainless wire rod,China,340
2026-08-09,09.9899,15,Stainless wire rod,Japan,14
2026-08-09,09.9516,15,Stainless wire rod,FTA Quota – CSQ,810
2026-08-09,09.9616,15,Stainless wire rod,Other countries,131
2026-08-09,09.9738,15,Stainless wire rod,FTA Quota – Other countries,91
2026-08-09,09.9900,16,Non-alloy & other alloy wire rod,Türkiye,0
2026-08-09,09.9901,16,Non-alloy & other alloy wire rod,Malaysia,21671
2026-08-09,09.9902,16,Non-alloy & other alloy wire rod,United Kingdom,35874
2026-08-09,09.9903,16,Non-alloy & other alloy wire rod,Ukraine,10420
2026-08-09,09.9904,16,Non-alloy & other alloy wire rod,Switzerland,10928
2026-08-09,09.9905,16,Non-alloy & other alloy wire rod,Viet Nam,15389
2026-08-09,09.9906,16,Non-alloy & other alloy wire rod,Moldova,19277
2026-08-09,09.9907,16,Non-alloy & other alloy wire rod,Egypt,2166
2026-08-09,09.9517,16,Non-alloy & other alloy wire rod,FTA Quota – CSQ,0
2026-08-09,09.9617,16,Non-alloy & other alloy wire rod,Other countries,37262
2026-08-09,09.9739,16,Non-alloy & other alloy wire rod,FTA Quota – Other countries,29419
2026-08-09,09.9740,16,Non-alloy & other alloy wire rod,Korea,2685
2026-08-09,09.9741,16,Non-alloy & other alloy wire rod,Japan,1007
2026-08-09,09.9908,17,"Angles, shapes and sections of iron/non-alloy steel",Türkiye,703
2026-08-09,09.9909,17,"Angles, shapes and sections of iron/non-alloy steel",United Kingdom,4524
2026-08-09,09.9910,17,"Angles, shapes and sections of iron/non-alloy steel",Switzerland,2590
2026-08-09,09.9911,17,"Angles, shapes and sections of iron/non-alloy steel",United Arab Emirates,1491
2026-08-09,09.9518,17,"Angles, shapes and sections of iron/non-alloy steel",FTA Quota – CSQ,3032
2026-08-09,09.9618,17,"Angles, shapes and sections of iron/non-alloy steel",Other countries,2170
2026-08-09,09.9742,17,"Angles, shapes and sections of iron/non-alloy steel",FTA Quota – Other countries,1026
2026-08-09,09.9743,17,"Angles, shapes and sections of iron/non-alloy steel",Korea,1250
2026-08-09,09.9495,17,"Angles, shapes and sections of iron/non-alloy steel",United Kingdom (to Northern Ireland from other parts of the United Kingdom),12041
2026-08-09,09.9912,18,Sheet piling,China,0
2026-08-09,09.9913,18,Sheet piling,United Arab Emirates,2
2026-08-09,09.9914,18,Sheet piling,United Kingdom,1635
2026-08-09,09.9519,18,Sheet piling,FTA Quota – CSQ,1234
2026-08-09,09.9619,18,Sheet piling,Other countries,0
2026-08-09,09.9744,18,Sheet piling,FTA Quota – Other countries,1392
2026-08-09,09.9915,19,Railway material,United Kingdom,1394
2026-08-09,09.9916,19,Railway material,Türkiye,164
2026-08-09,09.9917,19,Railway material,China,0
2026-08-09,09.9520,19,Railway material,FTA Quota – CSQ,286
2026-08-09,09.9620,19,Railway material,Other countries,160
2026-08-09,09.9745,19,Railway material,FTA Quota – Other countries,147
2026-08-09,09.9918,20,Gas pipes,Türkiye,0
2026-08-09,09.9919,20,Gas pipes,India,0
2026-08-09,09.9920,20,Gas pipes,United Arab Emirates,2474
2026-08-09,09.9921,20,Gas pipes,North Macedonia,71
2026-08-09,09.9922,20,Gas pipes,United Kingdom,1821
2026-08-09,09.9521,20,Gas pipes,FTA Quota – CSQ,0
2026-08-09,09.9621,20,Gas pipes,Other countries,62
2026-08-09,09.9746,20,Gas pipes,FTA Quota – Other countries,1285
2026-08-09,09.9923,21,Hollow sections,Türkiye,0
2026-08-09,09.9924,21,Hollow sections,United Kingdom,12698
2026-08-09,09.9925,21,Hollow sections,North Macedonia,0
2026-08-09,09.9926,21,Hollow sections,China,0
2026-08-09,09.9927,21,Hollow sections,Ukraine,0
2026-08-09,09.9522,21,Hollow sections,FTA Quota – CSQ,0
2026-08-09,09.9622,21,Hollow sections,Other countries,0
2026-08-09,09.9747,21,Hollow sections,FTA Quota – Other countries,0
2026-08-09,09.9748,21,Hollow sections,Switzerland,483
2026-08-09,09.9928,22,Seamless stainless tubes and pipes,India,0
2026-08-09,09.9929,22,Seamless stainless tubes and pipes,Ukraine,662
2026-08-09,09.9930,22,Seamless stainless tubes and pipes,China,91
2026-08-09,09.9931,22,Seamless stainless tubes and pipes,Korea,434
2026-08-09,09.9523,22,Seamless stainless tubes and pipes,FTA Quota – CSQ,0
2026-08-09,09.9623,22,Seamless stainless tubes and pipes,Other countries,0
2026-08-09,09.9749,22,Seamless stainless tubes and pipes,FTA Quota – Other countries,169
2026-08-09,09.9750,22,Seamless stainless tubes and pipes,Japan,0
2026-08-09,09.9932,24,Other seamless tubes,China,0
2026-08-09,09.9933,24,Other seamless tubes,Ukraine,4813
2026-08-09,09.9934,24,Other seamless tubes,Brazil,5430
2026-08-09,09.9524,24,Other seamless tubes,FTA Quota – CSQ,3052
2026-08-09,09.9624,24,Other seamless tubes,Other countries,4079
2026-08-09,09.9751,24,Other seamless tubes,FTA Quota – Other countries,9155
2026-08-09,09.9752,24,Other seamless tubes,Argentina,1002
2026-08-09,09.9753,24,Other seamless tubes,Singapore,111
2026-08-09,09.9935,25.A,Large welded tubes,Türkiye,1947
2026-08-09,09.9936,25.A,Large welded tubes,Israel,834
2026-08-09,09.9937,25.A,Large welded tubes,China,0
2026-08-09,09.9938,25.A,Large welded tubes,India,0
2026-08-09,09.9525,25.A,Large welded tubes,FTA Quota – CSQ,1283
2026-08-09,09.9625,25.A,Large welded tubes,Other countries,425
2026-08-09,09.9754,25.A,Large welded tubes,FTA Quota – Other countries,584
2026-08-09,09.9496,25.A,Large welded tubes,United Kingdom (to Northern Ireland from other parts of the United Kingdom),14
2026-08-09,09.9939,25.B,Large welded tubes (line pipe),Türkiye,4201
2026-08-09,09.9940,25.B,Large welded tubes (line pipe),China,0
2026-08-09,09.9941,25.B,Large welded tubes (line pipe),United Kingdom,1409
2026-08-09,09.9942,25.B,Large welded tubes (line pipe),Algeria,0
2026-08-09,09.9526,25.B,Large welded tubes (line pipe),FTA Quota – CSQ,2030
2026-08-09,09.9626,25.B,Large welded tubes (line pipe),Other countries,0
2026-08-09,09.9755,25.B,Large welded tubes (line pipe),FTA Quota – Other countries,1166
2026-08-09,09.9756,25.B,Large welded tubes (line pipe),Singapore,21
2026-08-09,09.9943,26,Other welded tubes,Türkiye,0
2026-08-09,09.9944,26,Other welded tubes,Switzerland,10858
2026-08-09,09.9945,26,Other welded tubes,China,0
2026-08-09,09.9946,26,Other welded tubes,India,0
2026-08-09,09.9947,26,Other welded tubes,United Kingdom,2710
2026-08-09,09.9948,26,Other welded tubes,Taiwan,0
2026-08-09,09.9527,26,Other welded tubes,FTA Quota – CSQ,0
2026-08-09,09.9627,26,Other welded tubes,Other countries,1375
2026-08-09,09.9757,26,Other welded tubes,FTA Quota – Other countries,2104
2026-08-09,09.9758,26,Other welded tubes,Singapore,0
2026-08-09,09.9949,27,Non-alloy & alloy cold finished bars,China,875
2026-08-09,09.9950,27,Non-alloy & alloy cold finished bars,Türkiye,3045
2026-08-09,09.9951,27,Non-alloy & alloy cold finished bars,Switzerland,3006
2026-08-09,09.9952,27,Non-alloy & alloy cold finished bars,Ukraine,1282
2026-08-09,09.9528,27,Non-alloy & alloy cold finished bars,FTA Quota – CSQ,1491
2026-08-09,09.9628,27,Non-alloy & alloy cold finished bars,Other countries,736
2026-08-09,09.9759,27,Non-alloy & alloy cold finished bars,FTA Quota – Other countries,1702
2026-08-09,09.9953,27,Non-alloy & alloy cold finished bars,China,0
2026-08-09,09.9954,27,Non-alloy & alloy cold finished bars,Türkiye,1583
2026-08-09,09.9955,27,Non-alloy & alloy cold finished bars,Ukraine,10455
2026-08-09,09.9529,27,Non-alloy & alloy cold finished bars,FTA Quota – CSQ,4496
2026-08-09,09.9629,27,Non-alloy & alloy cold finished bars,Other countries,0
2026-08-09,09.9760,27,Non-alloy & alloy cold finished bars,FTA Quota – Other countries,7418
2026-08-09,09.9497,27,Non-alloy & alloy cold finished bars,United Kingdom (to Northern Ireland from other parts of the United Kingdom),158
2026-08-10,09.9801,1.A,Non-alloy & other alloy hot rolled sheets/strips,Türkiye,0
2026-08-10,09.9802,1.A,Non-alloy & other alloy hot rolled sheets/strips,Japan,117559
2026-08-10,09.9803,1.A,Non-alloy & other alloy hot rolled sheets/strips,India,43766
2026-08-10,09.9804,1.A,Non-alloy & other alloy hot rolled sheets/strips,Taiwan,67237
2026-08-10,09.9805,1.A,Non-alloy & other alloy hot rolled sheets/strips,Ukraine,54749
2026-08-10,09.9806,1.A,Non-alloy & other alloy hot rolled sheets/strips,Korea,59842
2026-08-10,09.9807,1.A,Non-alloy & other alloy hot rolled sheets/strips,Viet Nam,80564
2026-08-10,09.9808,1.A,Non-alloy & other alloy hot rolled sheets/strips,Egypt,99402
2026-08-10,09.9809,1.A,Non-alloy & other alloy hot rolled sheets/strips,Serbia,41257
2026-08-10,09.9500,1.A,Non-alloy & other alloy hot rolled sheets/strips,FTA Quota – CSQ,0
2026-08-10,09.9701,1.A,Non-alloy & other alloy hot rolled sheets/strips,Brazil,42429
2026-08-10,09.9705,1.A,Non-alloy & other alloy hot rolled sheets/strips,United Kingdom,36042
2026-08-10,09.9702,1.A,Non-alloy & other alloy hot rolled sheets/strips,Indonesia,0
2026-08-10,09.9810,1.A,Non-alloy & other alloy hot rolled sheets/strips,Australia,11679
2026-08-10,09.9811,1.A,Non-alloy & other alloy hot rolled sheets/strips,Saudi Arabia,9545
2026-08-10,09.9704,1.A,Non-alloy & other alloy hot rolled sheets/strips,Switzerland,5321
2026-08-10,09.9812,1.A,Non-alloy & other alloy hot rolled sheets/strips,Kazakhstan,2349
2026-08-10,09.9703,1.A,Non-alloy & other alloy hot rolled sheets/strips,North Macedonia,1103
2026-08-10,09.9600,1.A,Non-alloy & other alloy hot rolled sheets/strips,Other countries,0
2026-08-10,09.9700,1.A,Non-alloy & other alloy hot rolled sheets/strips,FTA Quota – Other countries,0
2026-08-10,09.9813,1.B,Non-alloy & other alloy hot rolled sheets/strips (7212 60),United Kingdom,330
2026-08-10,09.9814,1.B,Non-alloy & other alloy hot rolled sheets/strips (7212 60),United States,0
2026-08-10,09.9815,1.B,Non-alloy & other alloy hot rolled sheets/strips (7212 60),Japan,114
2026-08-10,09.9816,1.B,Non-alloy & other alloy hot rolled sheets/strips (7212 60),China,20
2026-08-10,09.9501,1.B,Non-alloy & other alloy hot rolled sheets/strips (7212 60),FTA Quota – CSQ,107
2026-08-10,09.9601,1.B,Non-alloy & other alloy hot rolled sheets/strips (7212 60),Other countries,40
2026-08-10,09.9706,1.B,Non-alloy & other alloy hot rolled sheets/strips (7212 60),FTA Quota – Other countries,49
2026-08-10,09.9817,2,Non-alloy & other alloy cold rolled sheets,Taiwan,33542
2026-08-10,09.9818,2,Non-alloy & other alloy cold rolled sheets,India,56968
2026-08-10,09.9819,2,Non-alloy & other alloy cold rolled sheets,Korea,23244
2026-08-10,09.9820,2,Non-alloy & other alloy cold rolled sheets,Türkiye,39116
2026-08-10,09.9821,2,Non-alloy & other alloy cold rolled sheets,United Kingdom,19601
2026-08-10,09.9822,2,Non-alloy & other alloy cold rolled sheets,Japan,29035
2026-08-10,09.9823,2,Non-alloy & other alloy cold rolled sheets,Ukraine,5452
2026-08-10,09.9502,2,Non-alloy & other alloy cold rolled sheets,FTA Quota – CSQ,33671
2026-08-10,09.9602,2,Non-alloy & other alloy cold rolled sheets,Other countries,0
2026-08-10,09.9707,2,Non-alloy & other alloy cold rolled sheets,FTA Quota – Other countries,15736
2026-08-10,09.9709,2,Non-alloy & other alloy cold rolled sheets,Egypt,818
2026-08-10,09.9710,2,Non-alloy & other alloy cold rolled sheets,Switzerland,428
2026-08-10,09.9708,2,Non-alloy & other alloy cold rolled sheets,Brazil,0
2026-08-10,09.9824,3.A,Electrical sheets (non grain-oriented),Japan,78
2026-08-10,09.9825,3.A,Electrical sheets (non grain-oriented),United Kingdom,20
2026-08-10,09.9826,3.A,Electrical sheets (non grain-oriented),China,5
2026-08-10,09.9827,3.A,Electrical sheets (non grain-oriented),Türkiye,9
2026-08-10,09.9503,3.A,Electrical sheets (non grain-oriented),FTA Quota – CSQ,29
2026-08-10,09.9603,3.A,Electrical sheets (non grain-oriented),Other countries,7
2026-08-10,09.9711,3.A,Electrical sheets (non grain-oriented),FTA Quota – Other countries,0
2026-08-10,09.9828,3.B,Electrical sheets (grain-oriented),China,0
2026-08-10,09.9829,3.B,Electrical sheets (grain-oriented),Taiwan,3916
2026-08-10,09.9830,3.B,Electrical sheets (grain-oriented),Korea,12523
2026-08-10,09.9831,3.B,Electrical sheets (grain-oriented),Viet Nam,6925
2026-08-10,09.9504,3.B,Electrical sheets (grain-oriented),FTA Quota – CSQ,4217
2026-08-10,09.9604,3.B,Electrical sheets (grain-oriented),Other countries,1477
2026-08-10,09.9712,3.B,Electrical sheets (grain-oriented),FTA Quota – Other countries,4078
2026-08-10,09.9713,3.B,Electrical sheets (grain-oriented),Japan,554
2026-08-10,09.9832,4.A,Metallic coated sheets,Viet Nam,97695
2026-08-10,09.9833,4.A,Metallic coated sheets,Taiwan,14955
2026-08-10,09.9834,4.A,Metallic coated sheets,Türkiye,0
2026-08-10,09.9835,4.A,Metallic coated sheets,India,46297
2026-08-10,09.9836,4.A,Metallic coated sheets,Korea,9066
2026-08-10,09.9505,4.A,Metallic coated sheets,FTA Quota – CSQ,0
2026-08-10,09.9605,4.A,Metallic coated sheets,Other countries,0
2026-08-10,09.9714,4.A,Metallic coated sheets,FTA Quota – Other countries,2981
2026-08-10,09.9718,4.A,Metallic coated sheets,United Kingdom,1981
2026-08-10,09.9716,4.A,Metallic coated sheets,Japan,71
2026-08-10,09.9715,4.A,Metallic coated sheets,Egypt,2713
2026-08-10,09.9717,4.A,Metallic coated sheets,South Africa,3036
2026-08-10,09.9837,4.B,Metallic coated sheets (automotive),Korea,34529
2026-08-10,09.9838,4.B,Metallic coated sheets (automotive),China,0
2026-08-10,09.9839,4.B,Metallic coated sheets (automotive),United Kingdom,32987
2026-08-10,09.9840,4.B,Metallic coated sheets (automotive),Türkiye,0
2026-08-10,09.9841,4.B,Metallic coated sheets (automotive),India,24411
2026-08-10,09.9506,4.B,Metallic coated sheets (automotive),FTA Quota – CSQ,0
2026-08-10,09.9606,4.B,Metallic coated sheets (automotive),Other countries,0
2026-08-10,09.9719,4.B,Metallic coated sheets (automotive),FTA Quota – Other countries,4457
2026-08-10,09.9720,4.B,Metallic coated sheets (automotive),Egypt,1658
2026-08-10,09.9721,4.B,Metallic coated sheets (automotive),Switzerland,28
2026-08-10,09.9842,5,Organic coated sheets,India,0
2026-08-10,09.9843,5,Organic coated sheets,Korea,0
2026-08-10,09.9844,5,Organic coated sheets,Viet Nam,4426
2026-08-10,09.9845,5,Organic coated sheets,Türkiye,0
2026-08-10,09.9846,5,Organic coated sheets,Taiwan,154
2026-08-10,09.9847,5,Organic coated sheets,United Kingdom,5040
2026-08-10,09.9507,5,Organic coated sheets,FTA Quota – CSQ,0
2026-08-10,09.9607,5,Organic coated sheets,Other countries,799
2026-08-10,09.9722,5,Organic coated sheets,FTA Quota – Other countries,1508
2026-08-10,09.9723,5,Organic coated sheets,North Macedonia,0
2026-08-10,09.9848,6,Tin mill products,China,30947
2026-08-10,09.9849,6,Tin mill products,Serbia,10104
2026-08-10,09.9850,6,Tin mill products,United Kingdom,10000
2026-08-10,09.9851,6,Tin mill products,Türkiye,11591
2026-08-10,09.9852,6,Tin mill products,Korea,7314
2026-08-10,09.9853,6,Tin mill products,India,5914
2026-08-10,09.9508,6,Tin mill products,FTA Quota – CSQ,11255
2026-08-10,09.9608,6,Tin mill products,Other countries,361
2026-08-10,09.9724,6,Tin mill products,FTA Quota – Other countries,5230
2026-08-10,09.9725,6,Tin mill products,Japan,0
2026-08-10,09.9726,6,Tin mill products,Singapore,21
2026-08-10,09.9854,7,Non-alloy & other alloy quarto plates,Korea,0
2026-08-10,09.9855,7,Non-alloy & other alloy quarto plates,Indonesia,18581
2026-08-10,09.9856,7,Non-alloy & other alloy quarto plates,India,39131
2026-08-10,09.9857,7,Non-alloy & other alloy quarto plates,Japan,17479
2026-08-10,09.9858,7,Non-alloy & other alloy quarto plates,North Macedonia,5758
2026-08-10,09.9859,7,Non-alloy & other alloy quarto plates,United Kingdom,3129
2026-08-10,09.9509,7,Non-alloy & other alloy quarto plates,FTA Quota – CSQ,22682
2026-08-10,09.9609,7,Non-alloy & other alloy quarto plates,Other countries,6515
2026-08-10,09.9727,7,Non-alloy & other alloy quarto plates,FTA Quota – Other countries,7138
2026-08-10,09.9728,7,Non-alloy & other alloy quarto plates,Türkiye,87
2026-08-10,09.9491,7,Non-alloy & other alloy quarto plates,United Kingdom (to Northern Ireland from other parts of the United Kingdom),3858
2026-08-10,09.9860,8,Stainless hot rolled sheets and strips,Taiwan,2085
2026-08-10,09.9861,8,Stainless hot rolled sheets and strips,Indonesia,8955
2026-08-10,09.9862,8,Stainless hot rolled sheets and strips,India,3761
2026-08-10,09.9863,8,Stainless hot rolled sheets and strips,China,2229
2026-08-10,09.9864,8,Stainless hot rolled sheets and strips,Korea,2082
2026-08-10,09.9865,8,Stainless hot rolled sheets and strips,Türkiye,3430
2026-08-10,09.9866,8,Stainless hot rolled sheets and strips,South Africa,2275
2026-08-10,09.9510,8,Stainless hot rolled sheets and strips,FTA Quota – CSQ,2806
2026-08-10,09.9610,8,Stainless hot rolled sheets and strips,Other countries,431
2026-08-10,09.9729,8,Stainless hot rolled sheets and strips,FTA Quota – Other countries,407
2026-08-10,09.9492,8,Stainless hot rolled sheets and strips,United Kingdom (to Northern Ireland from other parts of the United Kingdom),13
2026-08-10,09.9867,9,Stainless cold rolled sheets and strips,Taiwan,8501
2026-08-10,09.9868,9,Stainless cold rolled sheets and strips,China,7074
2026-08-10,09.9869,9,Stainless cold rolled sheets and strips,Korea,15740
2026-08-10,09.9870,9,Stainless cold rolled sheets and strips,Türkiye,9128
2026-08-10,09.9871,9,Stainless cold rolled sheets and strips,South Africa,7850
2026-08-10,09.9872,9,Stainless cold rolled sheets and strips,Viet Nam,7208
2026-08-10,09.9873,9,Stainless cold rolled sheets and strips,India,6356
2026-08-10,09.9511,9,Stainless cold rolled sheets and strips,FTA Quota – CSQ,9935
2026-08-10,09.9611,9,Stainless cold rolled sheets and strips,Other countries,3196
2026-08-10,09.9730,9,Stainless cold rolled sheets and strips,FTA Quota – Other countries,4931
2026-08-10,09.9731,9,Stainless cold rolled sheets and strips,Switzerland,179
2026-08-10,09.9493,9,Stainless cold rolled sheets and strips,United Kingdom (to Northern Ireland from other parts of the United Kingdom),30
2026-08-10,09.9874,10,Stainless hot rolled quarto plates,China,865
2026-08-10,09.9875,10,Stainless hot rolled quarto plates,India,678
2026-08-10,09.9876,10,Stainless hot rolled quarto plates,Korea,405
2026-08-10,09.9877,10,Stainless hot rolled quarto plates,South Africa,424
2026-08-10,09.9512,10,Stainless hot rolled quarto plates,FTA Quota – CSQ,279
2026-08-10,09.9612,10,Stainless hot rolled quarto plates,Other countries,161
2026-08-10,09.9732,10,Stainless hot rolled quarto plates,FTA Quota – Other countries,270
2026-08-10,09.9878,12,Non-alloy & other alloy merchant bars & light sections,China,15438
2026-08-10,09.9879,12,Non-alloy & other alloy merchant bars & light sections,Türkiye,35664
2026-08-10,09.9880,12,Non-alloy & other alloy merchant bars & light sections,United Kingdom,18152
2026-08-10,09.9881,12,Non-alloy & other alloy merchant bars & light sections,Switzerland,16268
2026-08-10,09.9882,12,Non-alloy & other alloy merchant bars & light sections,Korea,7863
2026-08-10,09.9883,12,Non-alloy & other alloy merchant bars & light sections,North Macedonia,6666
2026-08-10,09.9513,12,Non-alloy & other alloy merchant bars & light sections,FTA Quota – CSQ,14063
2026-08-10,09.9613,12,Non-alloy & other alloy merchant bars & light sections,Other countries,3892
2026-08-10,09.9733,12,Non-alloy & other alloy merchant bars & light sections,FTA Quota – Other countries,10507
2026-08-10,09.9734,12,Non-alloy & other alloy merchant bars & light sections,Brazil,2838
2026-08-10,09.9735,12,Non-alloy & other alloy merchant bars & light sections,Egypt,1070
2026-08-10,09.9884,13,Rebars,Türkiye,0
2026-08-10,09.9885,13,Rebars,Egypt,24779
2026-08-10,09.9886,13,Rebars,Algeria,8480
2026-08-10,09.9887,13,Rebars,Moldova,7865
2026-08-10,09.9888,13,Rebars,China,4892
2026-08-10,09.9889,13,Rebars,Ukraine,7277
2026-08-10,09.9514,13,Rebars,FTA Quota – CSQ,0
2026-08-10,09.9614,13,Rebars,Other countries,13148
2026-08-10,09.9736,13,Rebars,FTA Quota – Other countries,9575
2026-08-10,09.9494,13,Rebars,United Kingdom (to Northern Ireland from other parts of the United Kingdom),2081
2026-08-10,09.9890,14,Stainless bars and light sections,India,0
2026-08-10,09.9891,14,Stainless bars and light sections,Switzerland,804
2026-08-10,09.9892,14,Stainless bars and light sections,United Kingdom,1142
2026-08-10,09.9893,14,Stainless bars and light sections,China,420
2026-08-10,09.9515,14,Stainless bars and light sections,FTA Quota – CSQ,0
2026-08-10,09.9615,14,Stainless bars and light sections,Other countries,243
2026-08-10,09.9737,14,Stainless bars and light sections,FTA Quota – Other countries,508
2026-08-10,09.9894,15,Stainless wire rod,India,2278
2026-08-10,09.9895,15,Stainless wire rod,Taiwan,293
2026-08-10,09.9896,15,Stainless wire rod,Korea,676
2026-08-10,09.9897,15,Stainless wire rod,United Kingdom,635
2026-08-10,09.9898,15,Stainless wire rod,China,340
2026-08-10,09.9899,15,Stainless wire rod,Japan,14
2026-08-10,09.9516,15,Stainless wire rod,FTA Quota – CSQ,810
2026-08-10,09.9616,15,Stainless wire rod,Other countries,131
2026-08-10,09.9738,15,Stainless wire rod,FTA Quota – Other countries,91
2026-08-10,09.9900,16,Non-alloy & other alloy wire rod,Türkiye,0
2026-08-10,09.9901,16,Non-alloy & other alloy wire rod,Malaysia,21671
2026-08-10,09.9902,16,Non-alloy & other alloy wire rod,United Kingdom,35571
2026-08-10,09.9903,16,Non-alloy & other alloy wire rod,Ukraine,10358
2026-08-10,09.9904,16,Non-alloy & other alloy wire rod,Switzerland,10613
2026-08-10,09.9905,16,Non-alloy & other alloy wire rod,Viet Nam,15389
2026-08-10,09.9906,16,Non-alloy & other alloy wire rod,Moldova,19233
2026-08-10,09.9907,16,Non-alloy & other alloy wire rod,Egypt,2166
2026-08-10,09.9517,16,Non-alloy & other alloy wire rod,FTA Quota – CSQ,0
2026-08-10,09.9617,16,Non-alloy & other alloy wire rod,Other countries,37262
2026-08-10,09.9739,16,Non-alloy & other alloy wire rod,FTA Quota – Other countries,29419
2026-08-10,09.9740,16,Non-alloy & other alloy wire rod,Korea,2685
2026-08-10,09.9741,16,Non-alloy & other alloy wire rod,Japan,1007
2026-08-10,09.9908,17,"Angles, shapes and sections of iron/non-alloy steel",Türkiye,653
2026-08-10,09.9909,17,"Angles, shapes and sections of iron/non-alloy steel",United Kingdom,4475
2026-08-10,09.9910,17,"Angles, shapes and sections of iron/non-alloy steel",Switzerland,2590
2026-08-10,09.9911,17,"Angles, shapes and sections of iron/non-alloy steel",United Arab Emirates,1491
2026-08-10,09.9518,17,"Angles, shapes and sections of iron/non-alloy steel",FTA Quota – CSQ,3032
2026-08-10,09.9618,17,"Angles, shapes and sections of iron/non-alloy steel",Other countries,2170
2026-08-10,09.9742,17,"Angles, shapes and sections of iron/non-alloy steel",FTA Quota – Other countries,1026
2026-08-10,09.9743,17,"Angles, shapes and sections of iron/non-alloy steel",Korea,1250
2026-08-10,09.9495,17,"Angles, shapes and sections of iron/non-alloy steel",United Kingdom (to Northern Ireland from other parts of the United Kingdom),11892
2026-08-10,09.9912,18,Sheet piling,China,0
2026-08-10,09.9913,18,Sheet piling,United Arab Emirates,2
2026-08-10,09.9914,18,Sheet piling,United Kingdom,1635
2026-08-10,09.9519,18,Sheet piling,FTA Quota – CSQ,1234
2026-08-10,09.9619,18,Sheet piling,Other countries,0
2026-08-10,09.9744,18,Sheet piling,FTA Quota – Other countries,1392
2026-08-10,09.9915,19,Railway material,United Kingdom,1394
2026-08-10,09.9916,19,Railway material,Türkiye,160
2026-08-10,09.9917,19,Railway material,China,0
2026-08-10,09.9520,19,Railway material,FTA Quota – CSQ,286
2026-08-10,09.9620,19,Railway material,Other countries,159
2026-08-10,09.9745,19,Railway material,FTA Quota – Other countries,140
2026-08-10,09.9918,20,Gas pipes,Türkiye,0
2026-08-10,09.9919,20,Gas pipes,India,0
2026-08-10,09.9920,20,Gas pipes,United Arab Emirates,2474
2026-08-10,09.9921,20,Gas pipes,North Macedonia,71
2026-08-10,09.9922,20,Gas pipes,United Kingdom,1821
2026-08-10,09.9521,20,Gas pipes,FTA Quota – CSQ,0
2026-08-10,09.9621,20,Gas pipes,Other countries,62
2026-08-10,09.9746,20,Gas pipes,FTA Quota – Other countries,1241
2026-08-10,09.9923,21,Hollow sections,Türkiye,0
2026-08-10,09.9924,21,Hollow sections,United Kingdom,12649
2026-08-10,09.9925,21,Hollow sections,North Macedonia,0
2026-08-10,09.9926,21,Hollow sections,China,0
2026-08-10,09.9927,21,Hollow sections,Ukraine,0
2026-08-10,09.9522,21,Hollow sections,FTA Quota – CSQ,0
2026-08-10,09.9622,21,Hollow sections,Other countries,0
2026-08-10,09.9747,21,Hollow sections,FTA Quota – Other countries,0
2026-08-10,09.9748,21,Hollow sections,Switzerland,483
2026-08-10,09.9928,22,Seamless stainless tubes and pipes,India,0
2026-08-10,09.9929,22,Seamless stainless tubes and pipes,Ukraine,625
2026-08-10,09.9930,22,Seamless stainless tubes and pipes,China,86
2026-08-10,09.9931,22,Seamless stainless tubes and pipes,Korea,434
2026-08-10,09.9523,22,Seamless stainless tubes and pipes,FTA Quota – CSQ,0
2026-08-10,09.9623,22,Seamless stainless tubes and pipes,Other countries,0
2026-08-10,09.9749,22,Seamless stainless tubes and pipes,FTA Quota – Other countries,27
2026-08-10,09.9750,22,Seamless stainless tubes and pipes,Japan,0
2026-08-10,09.9932,24,Other seamless tubes,China,0
2026-08-10,09.9933,24,Other seamless tubes,Ukraine,4660
2026-08-10,09.9934,24,Other seamless tubes,Brazil,5430
2026-08-10,09.9524,24,Other seamless tubes,FTA Quota – CSQ,3052
2026-08-10,09.9624,24,Other seamless tubes,Other countries,3780
2026-08-10,09.9751,24,Other seamless tubes,FTA Quota – Other countries,9135
2026-08-10,09.9752,24,Other seamless tubes,Argentina,1002
2026-08-10,09.9753,24,Other seamless tubes,Singapore,111
2026-08-10,09.9935,25.A,Large welded tubes,Türkiye,1947
2026-08-10,09.9936,25.A,Large welded tubes,Israel,834
2026-08-10,09.9937,25.A,Large welded tubes,China,0
2026-08-10,09.9938,25.A,Large welded tubes,India,0
2026-08-10,09.9525,25.A,Large welded tubes,FTA Quota – CSQ,1229
2026-08-10,09.9625,25.A,Large welded tubes,Other countries,425
2026-08-10,09.9754,25.A,Large welded tubes,FTA Quota – Other countries,584
2026-08-10,09.9496,25.A,Large welded tubes,United Kingdom (to Northern Ireland from other parts of the United Kingdom),14
2026-08-10,09.9939,25.B,Large welded tubes (line pipe),Türkiye,4201
2026-08-10,09.9940,25.B,Large welded tubes (line pipe),China,0
2026-08-10,09.9941,25.B,Large welded tubes (line pipe),United Kingdom,1408
2026-08-10,09.9942,25.B,Large welded tubes (line pipe),Algeria,0
2026-08-10,09.9526,25.B,Large welded tubes (line pipe),FTA Quota – CSQ,2030
2026-08-10,09.9626,25.B,Large welded tubes (line pipe),Other countries,0
2026-08-10,09.9755,25.B,Large welded tubes (line pipe),FTA Quota – Other countries,1166
2026-08-10,09.9756,25.B,Large welded tubes (line pipe),Singapore,21
2026-08-10,09.9943,26,Other welded tubes,Türkiye,0
2026-08-10,09.9944,26,Other welded tubes,Switzerland,10827
2026-08-10,09.9945,26,Other welded tubes,China,0
2026-08-10,09.9946,26,Other welded tubes,India,0
2026-08-10,09.9947,26,Other welded tubes,United Kingdom,2657
2026-08-10,09.9948,26,Other welded tubes,Taiwan,0
2026-08-10,09.9527,26,Other welded tubes,FTA Quota – CSQ,0
2026-08-10,09.9627,26,Other welded tubes,Other countries,1239
2026-08-10,09.9757,26,Other welded tubes,FTA Quota – Other countries,2103
2026-08-10,09.9758,26,Other welded tubes,Singapore,0
2026-08-10,09.9949,27,Non-alloy & alloy cold finished bars,China,829
2026-08-10,09.9950,27,Non-alloy & alloy cold finished bars,Türkiye,2925
2026-08-10,09.9951,27,Non-alloy & alloy cold finished bars,Switzerland,2967
2026-08-10,09.9952,27,Non-alloy & alloy cold finished bars,Ukraine,1282
2026-08-10,09.9528,27,Non-alloy & alloy cold finished bars,FTA Quota – CSQ,1491
2026-08-10,09.9628,27,Non-alloy & alloy cold finished bars,Other countries,680
2026-08-10,09.9759,27,Non-alloy & alloy cold finished bars,FTA Quota – Other countries,1702
2026-08-10,09.9953,27,Non-alloy & alloy cold finished bars,China,0
2026-08-10,09.9954,27,Non-alloy & alloy cold finished bars,Türkiye,1271
2026-08-10,09.9955,27,Non-alloy & alloy cold finished bars,Ukraine,10087
2026-08-10,09.9529,27,Non-alloy & alloy cold finished bars,FTA Quota – CSQ,4496
2026-08-10,09.9629,27,Non-alloy & alloy cold finished bars,Other countries,0
2026-08-10,09.9760,27,Non-alloy & alloy cold finished bars,FTA Quota – Other countries,7296
2026-08-10,09.9497,27,Non-alloy & alloy cold finished bars,United Kingdom (to Northern Ireland from other parts of the United Kingdom),158
2026-08-11,09.9801,1.A,Non-alloy & other alloy hot rolled sheets/strips,Türkiye,0
2026-08-11,09.9802,1.A,Non-alloy & other alloy hot rolled sheets/strips,Japan,117559
2026-08-11,09.9803,1.A,Non-alloy & other alloy hot rolled sheets/strips,India,43766
2026-08-11,09.9804,1.A,Non-alloy & other alloy hot rolled sheets/strips,Taiwan,67237
2026-08-11,09.9805,1.A,Non-alloy & other alloy hot rolled sheets/strips,Ukraine,54548
2026-08-11,09.9806,1.A,Non-alloy & other alloy hot rolled sheets/strips,Korea,59842
2026-08-11,09.9807,1.A,Non-alloy & other alloy hot rolled sheets/strips,Viet Nam,80564
2026-08-11,09.9808,1.A,Non-alloy & other alloy hot rolled sheets/strips,Egypt,99402
2026-08-11,09.9809,1.A,Non-alloy & other alloy hot rolled sheets/strips,Serbia,40706
2026-08-11,09.9500,1.A,Non-alloy & other alloy hot rolled sheets/strips,FTA Quota – CSQ,0
2026-08-11,09.9701,1.A,Non-alloy & other alloy hot rolled sheets/strips,Brazil,42429
2026-08-11,09.9705,1.A,Non-alloy & other alloy hot rolled sheets/strips,United Kingdom,36012
2026-08-11,09.9702,1.A,Non-alloy & other alloy hot rolled sheets/strips,Indonesia,0
2026-08-11,09.9810,1.A,Non-alloy & other alloy hot rolled sheets/strips,Australia,11679
2026-08-11,09.9811,1.A,Non-alloy & other alloy hot rolled sheets/strips,Saudi Arabia,9545
2026-08-11,09.9704,1.A,Non-alloy & other alloy hot rolled sheets/strips,Switzerland,5321
2026-08-11,09.9812,1.A,Non-alloy & other alloy hot rolled sheets/strips,Kazakhstan,2349
2026-08-11,09.9703,1.A,Non-alloy & other alloy hot rolled sheets/strips,North Macedonia,1072
2026-08-11,09.9600,1.A,Non-alloy & other alloy hot rolled sheets/strips,Other countries,0
2026-08-11,09.9700,1.A,Non-alloy & other alloy hot rolled sheets/strips,FTA Quota – Other countries,0
2026-08-11,09.9813,1.B,Non-alloy & other alloy hot rolled sheets/strips (7212 60),United Kingdom,314
2026-08-11,09.9814,1.B,Non-alloy & other alloy hot rolled sheets/strips (7212 60),United States,0
2026-08-11,09.9815,1.B,Non-alloy & other alloy hot rolled sheets/strips (7212 60),Japan,114
2026-08-11,09.9816,1.B,Non-alloy & other alloy hot rolled sheets/strips (7212 60),China,20
2026-08-11,09.9501,1.B,Non-alloy & other alloy hot rolled sheets/strips (7212 60),FTA Quota – CSQ,107
2026-08-11,09.9601,1.B,Non-alloy & other alloy hot rolled sheets/strips (7212 60),Other countries,40
2026-08-11,09.9706,1.B,Non-alloy & other alloy hot rolled sheets/strips (7212 60),FTA Quota – Other countries,49
2026-08-11,09.9817,2,Non-alloy & other alloy cold rolled sheets,Taiwan,33523
2026-08-11,09.9818,2,Non-alloy & other alloy cold rolled sheets,India,50910
2026-08-11,09.9819,2,Non-alloy & other alloy cold rolled sheets,Korea,23244
2026-08-11,09.9820,2,Non-alloy & other alloy cold rolled sheets,Türkiye,38934
2026-08-11,09.9821,2,Non-alloy & other alloy cold rolled sheets,United Kingdom,19601
2026-08-11,09.9822,2,Non-alloy & other alloy cold rolled sheets,Japan,29035
2026-08-11,09.9823,2,Non-alloy & other alloy cold rolled sheets,Ukraine,5266
2026-08-11,09.9502,2,Non-alloy & other alloy cold rolled sheets,FTA Quota – CSQ,33671
2026-08-11,09.9602,2,Non-alloy & other alloy cold rolled sheets,Other countries,0
2026-08-11,09.9707,2,Non-alloy & other alloy cold rolled sheets,FTA Quota – Other countries,15370
2026-08-11,09.9709,2,Non-alloy & other alloy cold rolled sheets,Egypt,818
2026-08-11,09.9710,2,Non-alloy & other alloy cold rolled sheets,Switzerland,426
2026-08-11,09.9708,2,Non-alloy & other alloy cold rolled sheets,Brazil,0
2026-08-11,09.9824,3.A,Electrical sheets (non grain-oriented),Japan,78
2026-08-11,09.9825,3.A,Electrical sheets (non grain-oriented),United Kingdom,20
2026-08-11,09.9826,3.A,Electrical sheets (non grain-oriented),China,5
2026-08-11,09.9827,3.A,Electrical sheets (non grain-oriented),Türkiye,9
2026-08-11,09.9503,3.A,Electrical sheets (non grain-oriented),FTA Quota – CSQ,29
2026-08-11,09.9603,3.A,Electrical sheets (non grain-oriented),Other countries,7
2026-08-11,09.9711,3.A,Electrical sheets (non grain-oriented),FTA Quota – Other countries,5
2026-08-11,09.9828,3.B,Electrical sheets (grain-oriented),China,0
2026-08-11,09.9829,3.B,Electrical sheets (grain-oriented),Taiwan,3916
2026-08-11,09.9830,3.B,Electrical sheets (grain-oriented),Korea,12523
2026-08-11,09.9831,3.B,Electrical sheets (grain-oriented),Viet Nam,6925
2026-08-11,09.9504,3.B,Electrical sheets (grain-oriented),FTA Quota – CSQ,4217
2026-08-11,09.9604,3.B,Electrical sheets (grain-oriented),Other countries,1477
2026-08-11,09.9712,3.B,Electrical sheets (grain-oriented),FTA Quota – Other countries,4078
2026-08-11,09.9713,3.B,Electrical sheets (grain-oriented),Japan,554
2026-08-11,09.9832,4.A,Metallic coated sheets,Viet Nam,97695
2026-08-11,09.9833,4.A,Metallic coated sheets,Taiwan,14903
2026-08-11,09.9834,4.A,Metallic coated sheets,Türkiye,0
2026-08-11,09.9835,4.A,Metallic coated sheets,India,39448
2026-08-11,09.9836,4.A,Metallic coated sheets,Korea,9008
2026-08-11,09.9505,4.A,Metallic coated sheets,FTA Quota – CSQ,0
2026-08-11,09.9605,4.A,Metallic coated sheets,Other countries,0
2026-08-11,09.9714,4.A,Metallic coated sheets,FTA Quota – Other countries,2978
2026-08-11,09.9718,4.A,Metallic coated sheets,United Kingdom,1689
2026-08-11,09.9716,4.A,Metallic coated sheets,Japan,71
2026-08-11,09.9715,4.A,Metallic coated sheets,Egypt,2665
2026-08-11,09.9717,4.A,Metallic coated sheets,South Africa,3036
2026-08-11,09.9837,4.B,Metallic coated sheets (automotive),Korea,34367
2026-08-11,09.9838,4.B,Metallic coated sheets (automotive),China,0
2026-08-11,09.9839,4.B,Metallic coated sheets (automotive),United Kingdom,32880
2026-08-11,09.9840,4.B,Metallic coated sheets (automotive),Türkiye,0
2026-08-11,09.9841,4.B,Metallic coated sheets (automotive),India,24411
2026-08-11,09.9506,4.B,Metallic coated sheets (automotive),FTA Quota – CSQ,0
2026-08-11,09.9606,4.B,Metallic coated sheets (automotive),Other countries,0
2026-08-11,09.9719,4.B,Metallic coated sheets (automotive),FTA Quota – Other countries,4256
2026-08-11,09.9720,4.B,Metallic coated sheets (automotive),Egypt,1658
2026-08-11,09.9721,4.B,Metallic coated sheets (automotive),Switzerland,28
2026-08-11,09.9842,5,Organic coated sheets,India,0
2026-08-11,09.9843,5,Organic coated sheets,Korea,0
2026-08-11,09.9844,5,Organic coated sheets,Viet Nam,4426
2026-08-11,09.9845,5,Organic coated sheets,Türkiye,0
2026-08-11,09.9846,5,Organic coated sheets,Taiwan,154
2026-08-11,09.9847,5,Organic coated sheets,United Kingdom,4855
2026-08-11,09.9507,5,Organic coated sheets,FTA Quota – CSQ,0
2026-08-11,09.9607,5,Organic coated sheets,Other countries,503
2026-08-11,09.9722,5,Organic coated sheets,FTA Quota – Other countries,1505
2026-08-11,09.9723,5,Organic coated sheets,North Macedonia,0
2026-08-11,09.9848,6,Tin mill products,China,30579
2026-08-11,09.9849,6,Tin mill products,Serbia,10076
2026-08-11,09.9850,6,Tin mill products,United Kingdom,9744
2026-08-11,09.9851,6,Tin mill products,Türkiye,11591
2026-08-11,09.9852,6,Tin mill products,Korea,7314
2026-08-11,09.9853,6,Tin mill products,India,5914
2026-08-11,09.9508,6,Tin mill products,FTA Quota – CSQ,11255
2026-08-11,09.9608,6,Tin mill products,Other countries,326
2026-08-11,09.9724,6,Tin mill products,FTA Quota – Other countries,5230
2026-08-11,09.9725,6,Tin mill products,Japan,0
2026-08-11,09.9726,6,Tin mill products,Singapore,21
2026-08-11,09.9854,7,Non-alloy & other alloy quarto plates,Korea,0
2026-08-11,09.9855,7,Non-alloy & other alloy quarto plates,Indonesia,18581
2026-08-11,09.9856,7,Non-alloy & other alloy quarto plates,India,39131
2026-08-11,09.9857,7,Non-alloy & other alloy quarto plates,Japan,17441
2026-08-11,09.9858,7,Non-alloy & other alloy quarto plates,North Macedonia,5688
2026-08-11,09.9859,7,Non-alloy & other alloy quarto plates,United Kingdom,3072
2026-08-11,09.9509,7,Non-alloy & other alloy quarto plates,FTA Quota – CSQ,22405
2026-08-11,09.9609,7,Non-alloy & other alloy quarto plates,Other countries,6497
2026-08-11,09.9727,7,Non-alloy & other alloy quarto plates,FTA Quota – Other countries,7138
2026-08-11,09.9728,7,Non-alloy & other alloy quarto plates,Türkiye,87
2026-08-11,09.9491,7,Non-alloy & other alloy quarto plates,United Kingdom (to Northern Ireland from other parts of the United Kingdom),3834
2026-08-11,09.9860,8,Stainless hot rolled sheets and strips,Taiwan,2085
2026-08-11,09.9861,8,Stainless hot rolled sheets and strips,Indonesia,8955
2026-08-11,09.9862,8,Stainless hot rolled sheets and strips,India,3670
2026-08-11,09.9863,8,Stainless hot rolled sheets and strips,China,2229
2026-08-11,09.9864,8,Stainless hot rolled sheets and strips,Korea,2082
2026-08-11,09.9865,8,Stainless hot rolled sheets and strips,Türkiye,3430
2026-08-11,09.9866,8,Stainless hot rolled sheets and strips,South Africa,2275
2026-08-11,09.9510,8,Stainless hot rolled sheets and strips,FTA Quota – CSQ,2806
2026-08-11,09.9610,8,Stainless hot rolled sheets and strips,Other countries,429
2026-08-11,09.9729,8,Stainless hot rolled sheets and strips,FTA Quota – Other countries,396
2026-08-11,09.9492,8,Stainless hot rolled sheets and strips,United Kingdom (to Northern Ireland from other parts of the United Kingdom),13
2026-08-11,09.9867,9,Stainless cold rolled sheets and strips,Taiwan,8128
2026-08-11,09.9868,9,Stainless cold rolled sheets and strips,China,7074
2026-08-11,09.9869,9,Stainless cold rolled sheets and strips,Korea,15740
2026-08-11,09.9870,9,Stainless cold rolled sheets and strips,Türkiye,9086
2026-08-11,09.9871,9,Stainless cold rolled sheets and strips,South Africa,7850
2026-08-11,09.9872,9,Stainless cold rolled sheets and strips,Viet Nam,7208
2026-08-11,09.9873,9,Stainless cold rolled sheets and strips,India,6303
2026-08-11,09.9511,9,Stainless cold rolled sheets and strips,FTA Quota – CSQ,9935
2026-08-11,09.9611,9,Stainless cold rolled sheets and strips,Other countries,3185
2026-08-11,09.9730,9,Stainless cold rolled sheets and strips,FTA Quota – Other countries,4883
2026-08-11,09.9731,9,Stainless cold rolled sheets and strips,Switzerland,178
2026-08-11,09.9493,9,Stainless cold rolled sheets and strips,United Kingdom (to Northern Ireland from other parts of the United Kingdom),29
2026-08-11,09.9874,10,Stainless hot rolled quarto plates,China,865
2026-08-11,09.9875,10,Stainless hot rolled quarto plates,India,678
2026-08-11,09.9876,10,Stainless hot rolled quarto plates,Korea,405
2026-08-11,09.9877,10,Stainless hot rolled quarto plates,South Africa,424
2026-08-11,09.9512,10,Stainless hot rolled quarto plates,FTA Quota – CSQ,279
2026-08-11,09.9612,10,Stainless hot rolled quarto plates,Other countries,160
2026-08-11,09.9732,10,Stainless hot rolled quarto plates,FTA Quota – Other countries,270
2026-08-11,09.9878,12,Non-alloy & other alloy merchant bars & light sections,China,15425
2026-08-11,09.9879,12,Non-alloy & other alloy merchant bars & light sections,Türkiye,35391
2026-08-11,09.9880,12,Non-alloy & other alloy merchant bars & light sections,United Kingdom,17717
2026-08-11,09.9881,12,Non-alloy & other alloy merchant bars & light sections,Switzerland,16243
2026-08-11,09.9882,12,Non-alloy & other alloy merchant bars & light sections,Korea,7824
2026-08-11,09.9883,12,Non-alloy & other alloy merchant bars & light sections,North Macedonia,6598
2026-08-11,09.9513,12,Non-alloy & other alloy merchant bars & light sections,FTA Quota – CSQ,14063
2026-08-11,09.9613,12,Non-alloy & other alloy merchant bars & light sections,Other countries,3716
2026-08-11,09.9733,12,Non-alloy & other alloy merchant bars & light sections,FTA Quota – Other countries,10488
2026-08-11,09.9734,12,Non-alloy & other alloy merchant bars & light sections,Brazil,2838
2026-08-11,09.9735,12,Non-alloy & other alloy merchant bars & light sections,Egypt,700
2026-08-11,09.9884,13,Rebars,Türkiye,0
2026-08-11,09.9885,13,Rebars,Egypt,24779
2026-08-11,09.9886,13,Rebars,Algeria,8480
2026-08-11,09.9887,13,Rebars,Moldova,7865
2026-08-11,09.9888,13,Rebars,China,4892
2026-08-11,09.9889,13,Rebars,Ukraine,7149
2026-08-11,09.9514,13,Rebars,FTA Quota – CSQ,0
2026-08-11,09.9614,13,Rebars,Other countries,13071
2026-08-11,09.9736,13,Rebars,FTA Quota – Other countries,9575
2026-08-11,09.9494,13,Rebars,United Kingdom (to Northern Ireland from other parts of the United Kingdom),2081
2026-08-11,09.9890,14,Stainless bars and light sections,India,0
2026-08-11,09.9891,14,Stainless bars and light sections,Switzerland,783
2026-08-11,09.9892,14,Stainless bars and light sections,United Kingdom,1138
2026-08-11,09.9893,14,Stainless bars and light sections,China,410
2026-08-11,09.9515,14,Stainless bars and light sections,FTA Quota – CSQ,0
2026-08-11,09.9615,14,Stainless bars and light sections,Other countries,218
2026-08-11,09.9737,14,Stainless bars and light sections,FTA Quota – Other countries,506
2026-08-11,09.9894,15,Stainless wire rod,India,2278
2026-08-11,09.9895,15,Stainless wire rod,Taiwan,293
2026-08-11,09.9896,15,Stainless wire rod,Korea,676
2026-08-11,09.9897,15,Stainless wire rod,United Kingdom,635
2026-08-11,09.9898,15,Stainless wire rod,China,340
2026-08-11,09.9899,15,Stainless wire rod,Japan,14
2026-08-11,09.9516,15,Stainless wire rod,FTA Quota – CSQ,810
2026-08-11,09.9616,15,Stainless wire rod,Other countries,131
2026-08-11,09.9738,15,Stainless wire rod,FTA Quota – Other countries,91
2026-08-11,09.9900,16,Non-alloy & other alloy wire rod,Türkiye,0
2026-08-11,09.9901,16,Non-alloy & other alloy wire rod,Malaysia,21671
2026-08-11,09.9902,16,Non-alloy & other alloy wire rod,United Kingdom,35372
2026-08-11,09.9903,16,Non-alloy & other alloy wire rod,Ukraine,10271
2026-08-11,09.9904,16,Non-alloy & other alloy wire rod,Switzerland,10275
2026-08-11,09.9905,16,Non-alloy & other alloy wire rod,Viet Nam,15389
2026-08-11,09.9906,16,Non-alloy & other alloy wire rod,Moldova,19211
2026-08-11,09.9907,16,Non-alloy & other alloy wire rod,Egypt,2166
2026-08-11,09.9517,16,Non-alloy & other alloy wire rod,FTA Quota – CSQ,0
2026-08-11,09.9617,16,Non-alloy & other alloy wire rod,Other countries,37258
2026-08-11,09.9739,16,Non-alloy & other alloy wire rod,FTA Quota – Other countries,29419
2026-08-11,09.9740,16,Non-alloy & other alloy wire rod,Korea,2685
2026-08-11,09.9741,16,Non-alloy & other alloy wire rod,Japan,1007
2026-08-11,09.9908,17,"Angles, shapes and sections of iron/non-alloy steel",Türkiye,653
2026-08-11,09.9909,17,"Angles, shapes and sections of iron/non-alloy steel",United Kingdom,4425
2026-08-11,09.9910,17,"Angles, shapes and sections of iron/non-alloy steel",Switzerland,2590
2026-08-11,09.9911,17,"Angles, shapes and sections of iron/non-alloy steel",United Arab Emirates,1491
2026-08-11,09.9518,17,"Angles, shapes and sections of iron/non-alloy steel",FTA Quota – CSQ,3032
2026-08-11,09.9618,17,"Angles, shapes and sections of iron/non-alloy steel",Other countries,2169
2026-08-11,09.9742,17,"Angles, shapes and sections of iron/non-alloy steel",FTA Quota – Other countries,1026
2026-08-11,09.9743,17,"Angles, shapes and sections of iron/non-alloy steel",Korea,1250
2026-08-11,09.9495,17,"Angles, shapes and sections of iron/non-alloy steel",United Kingdom (to Northern Ireland from other parts of the United Kingdom),11861
2026-08-11,09.9912,18,Sheet piling,China,0
2026-08-11,09.9913,18,Sheet piling,United Arab Emirates,2
2026-08-11,09.9914,18,Sheet piling,United Kingdom,1635
2026-08-11,09.9519,18,Sheet piling,FTA Quota – CSQ,1234
2026-08-11,09.9619,18,Sheet piling,Other countries,0
2026-08-11,09.9744,18,Sheet piling,FTA Quota – Other countries,1392
2026-08-11,09.9915,19,Railway material,United Kingdom,1344
2026-08-11,09.9916,19,Railway material,Türkiye,154
2026-08-11,09.9917,19,Railway material,China,0
2026-08-11,09.9520,19,Railway material,FTA Quota – CSQ,286
2026-08-11,09.9620,19,Railway material,Other countries,159
2026-08-11,09.9745,19,Railway material,FTA Quota – Other countries,140
2026-08-11,09.9918,20,Gas pipes,Türkiye,0
2026-08-11,09.9919,20,Gas pipes,India,0
2026-08-11,09.9920,20,Gas pipes,United Arab Emirates,2472
2026-08-11,09.9921,20,Gas pipes,North Macedonia,53
2026-08-11,09.9922,20,Gas pipes,United Kingdom,1797
2026-08-11,09.9521,20,Gas pipes,FTA Quota – CSQ,0
2026-08-11,09.9621,20,Gas pipes,Other countries,18
2026-08-11,09.9746,20,Gas pipes,FTA Quota – Other countries,1241
2026-08-11,09.9923,21,Hollow sections,Türkiye,0
2026-08-11,09.9924,21,Hollow sections,United Kingdom,12447
2026-08-11,09.9925,21,Hollow sections,North Macedonia,0
2026-08-11,09.9926,21,Hollow sections,China,0
2026-08-11,09.9927,21,Hollow sections,Ukraine,0
2026-08-11,09.9522,21,Hollow sections,FTA Quota – CSQ,0
2026-08-11,09.9622,21,Hollow sections,Other countries,0
2026-08-11,09.9747,21,Hollow sections,FTA Quota – Other countries,0
2026-08-11,09.9748,21,Hollow sections,Switzerland,481
2026-08-11,09.9928,22,Seamless stainless tubes and pipes,India,0
2026-08-11,09.9929,22,Seamless stainless tubes and pipes,Ukraine,597
2026-08-11,09.9930,22,Seamless stainless tubes and pipes,China,86
2026-08-11,09.9931,22,Seamless stainless tubes and pipes,Korea,434
2026-08-11,09.9523,22,Seamless stainless tubes and pipes,FTA Quota – CSQ,0
2026-08-11,09.9623,22,Seamless stainless tubes and pipes,Other countries,0
2026-08-11,09.9749,22,Seamless stainless tubes and pipes,FTA Quota – Other countries,27
2026-08-11,09.9750,22,Seamless stainless tubes and pipes,Japan,0
2026-08-11,09.9932,24,Other seamless tubes,China,0
2026-08-11,09.9933,24,Other seamless tubes,Ukraine,4478
2026-08-11,09.9934,24,Other seamless tubes,Brazil,5430
2026-08-11,09.9524,24,Other seamless tubes,FTA Quota – CSQ,3052
2026-08-11,09.9624,24,Other seamless tubes,Other countries,3735
2026-08-11,09.9751,24,Other seamless tubes,FTA Quota – Other countries,9112
2026-08-11,09.9752,24,Other seamless tubes,Argentina,1002
2026-08-11,09.9753,24,Other seamless tubes,Singapore,111
2026-08-11,09.9935,25.A,Large welded tubes,Türkiye,1947
2026-08-11,09.9936,25.A,Large welded tubes,Israel,834
2026-08-11,09.9937,25.A,Large welded tubes,China,0
2026-08-11,09.9938,25.A,Large welded tubes,India,0
2026-08-11,09.9525,25.A,Large welded tubes,FTA Quota – CSQ,1113
2026-08-11,09.9625,25.A,Large welded tubes,Other countries,425
2026-08-11,09.9754,25.A,Large welded tubes,FTA Quota – Other countries,584
2026-08-11,09.9496,25.A,Large welded tubes,United Kingdom (to Northern Ireland from other parts of the United Kingdom),14
2026-08-11,09.9939,25.B,Large welded tubes (line pipe),Türkiye,4184
2026-08-11,09.9940,25.B,Large welded tubes (line pipe),China,0
2026-08-11,09.9941,25.B,Large welded tubes (line pipe),United Kingdom,1408
2026-08-11,09.9942,25.B,Large welded tubes (line pipe),Algeria,0
2026-08-11,09.9526,25.B,Large welded tubes (line pipe),FTA Quota – CSQ,2030
2026-08-11,09.9626,25.B,Large welded tubes (line pipe),Other countries,0
2026-08-11,09.9755,25.B,Large welded tubes (line pipe),FTA Quota – Other countries,1159
2026-08-11,09.9756,25.B,Large welded tubes (line pipe),Singapore,21
2026-08-11,09.9943,26,Other welded tubes,Türkiye,0
2026-08-11,09.9944,26,Other welded tubes,Switzerland,10767
2026-08-11,09.9945,26,Other welded tubes,China,0
2026-08-11,09.9946,26,Other welded tubes,India,0
2026-08-11,09.9947,26,Other welded tubes,United Kingdom,2611
2026-08-11,09.9948,26,Other welded tubes,Taiwan,0
2026-08-11,09.9527,26,Other welded tubes,FTA Quota – CSQ,0
2026-08-11,09.9627,26,Other welded tubes,Other countries,757
2026-08-11,09.9757,26,Other welded tubes,FTA Quota – Other countries,1955
2026-08-11,09.9758,26,Other welded tubes,Singapore,0
2026-08-11,09.9949,27,Non-alloy & alloy cold finished bars,China,714
2026-08-11,09.9950,27,Non-alloy & alloy cold finished bars,Türkiye,2664
2026-08-11,09.9951,27,Non-alloy & alloy cold finished bars,Switzerland,2853
2026-08-11,09.9952,27,Non-alloy & alloy cold finished bars,Ukraine,1282
2026-08-11,09.9528,27,Non-alloy & alloy cold finished bars,FTA Quota – CSQ,1491
2026-08-11,09.9628,27,Non-alloy & alloy cold finished bars,Other countries,662
2026-08-11,09.9759,27,Non-alloy & alloy cold finished bars,FTA Quota – Other countries,1659
2026-08-11,09.9953,27,Non-alloy & alloy cold finished bars,China,0
2026-08-11,09.9954,27,Non-alloy & alloy cold finished bars,Türkiye,1201
2026-08-11,09.9955,27,Non-alloy & alloy cold finished bars,Ukraine,9838
2026-08-11,09.9529,27,Non-alloy & alloy cold finished bars,FTA Quota – CSQ,4496
2026-08-11,09.9629,27,Non-alloy & alloy cold finished bars,Other countries,0
2026-08-11,09.9760,27,Non-alloy & alloy cold finished bars,FTA Quota – Other countries,7137
2026-08-11,09.9497,27,Non-alloy & alloy cold finished bars,United Kingdom (to Northern Ireland from other parts of the United Kingdom),156
2026-08-12,09.9801,1.A,Non-alloy & other alloy hot rolled sheets/strips,Türkiye,0
2026-08-12,09.9802,1.A,Non-alloy & other alloy hot rolled sheets/strips,Japan,117559
2026-08-12,09.9803,1.A,Non-alloy & other alloy hot rolled sheets/strips,India,43766
2026-08-12,09.9804,1.A,Non-alloy & other alloy hot rolled sheets/strips,Taiwan,62693
2026-08-12,09.9805,1.A,Non-alloy & other alloy hot rolled sheets/strips,Ukraine,52845
2026-08-12,09.9806,1.A,Non-alloy & other alloy hot rolled sheets/strips,Korea,59466
2026-08-12,09.9807,1.A,Non-alloy & other alloy hot rolled sheets/strips,Viet Nam,46573
2026-08-12,09.9808,1.A,Non-alloy & other alloy hot rolled sheets/strips,Egypt,99402
2026-08-12,09.9809,1.A,Non-alloy & other alloy hot rolled sheets/strips,Serbia,39327
2026-08-12,09.9500,1.A,Non-alloy & other alloy hot rolled sheets/strips,FTA Quota – CSQ,0
2026-08-12,09.9701,1.A,Non-alloy & other alloy hot rolled sheets/strips,Brazil,42429
2026-08-12,09.9705,1.A,Non-alloy & other alloy hot rolled sheets/strips,United Kingdom,35979
2026-08-12,09.9702,1.A,Non-alloy & other alloy hot rolled sheets/strips,Indonesia,0
2026-08-12,09.9810,1.A,Non-alloy & other alloy hot rolled sheets/strips,Australia,11679
2026-08-12,09.9811,1.A,Non-alloy & other alloy hot rolled sheets/strips,Saudi Arabia,9545
2026-08-12,09.9704,1.A,Non-alloy & other alloy hot rolled sheets/strips,Switzerland,5319
2026-08-12,09.9812,1.A,Non-alloy & other alloy hot rolled sheets/strips,Kazakhstan,2349
2026-08-12,09.9703,1.A,Non-alloy & other alloy hot rolled sheets/strips,North Macedonia,1065
2026-08-12,09.9600,1.A,Non-alloy & other alloy hot rolled sheets/strips,Other countries,0
2026-08-12,09.9700,1.A,Non-alloy & other alloy hot rolled sheets/strips,FTA Quota – Other countries,0
2026-08-12,09.9813,1.B,Non-alloy & other alloy hot rolled sheets/strips (7212 60),United Kingdom,270
2026-08-12,09.9814,1.B,Non-alloy & other alloy hot rolled sheets/strips (7212 60),United States,0
2026-08-12,09.9815,1.B,Non-alloy & other alloy hot rolled sheets/strips (7212 60),Japan,114
2026-08-12,09.9816,1.B,Non-alloy & other alloy hot rolled sheets/strips (7212 60),China,20
2026-08-12,09.9501,1.B,Non-alloy & other alloy hot rolled sheets/strips (7212 60),FTA Quota – CSQ,107
2026-08-12,09.9601,1.B,Non-alloy & other alloy hot rolled sheets/strips (7212 60),Other countries,40
2026-08-12,09.9706,1.B,Non-alloy & other alloy hot rolled sheets/strips (7212 60),FTA Quota – Other countries,49
2026-08-12,09.9817,2,Non-alloy & other alloy cold rolled sheets,Taiwan,33523
2026-08-12,09.9818,2,Non-alloy & other alloy cold rolled sheets,India,50895
2026-08-12,09.9819,2,Non-alloy & other alloy cold rolled sheets,Korea,22343
2026-08-12,09.9820,2,Non-alloy & other alloy cold rolled sheets,Türkiye,38030
2026-08-12,09.9821,2,Non-alloy & other alloy cold rolled sheets,United Kingdom,19589
2026-08-12,09.9822,2,Non-alloy & other alloy cold rolled sheets,Japan,29015
2026-08-12,09.9823,2,Non-alloy & other alloy cold rolled sheets,Ukraine,4835
2026-08-12,09.9502,2,Non-alloy & other alloy cold rolled sheets,FTA Quota – CSQ,33671
2026-08-12,09.9602,2,Non-alloy & other alloy cold rolled sheets,Other countries,0
2026-08-12,09.9707,2,Non-alloy & other alloy cold rolled sheets,FTA Quota – Other countries,14565
2026-08-12,09.9709,2,Non-alloy & other alloy cold rolled sheets,Egypt,441
2026-08-12,09.9710,2,Non-alloy & other alloy cold rolled sheets,Switzerland,422
2026-08-12,09.9708,2,Non-alloy & other alloy cold rolled sheets,Brazil,0
2026-08-12,09.9824,3.A,Electrical sheets (non grain-oriented),Japan,78
2026-08-12,09.9825,3.A,Electrical sheets (non grain-oriented),United Kingdom,20
2026-08-12,09.9826,3.A,Electrical sheets (non grain-oriented),China,5
2026-08-12,09.9827,3.A,Electrical sheets (non grain-oriented),Türkiye,9
2026-08-12,09.9503,3.A,Electrical sheets (non grain-oriented),FTA Quota – CSQ,29
2026-08-12,09.9603,3.A,Electrical sheets (non grain-oriented),Other countries,7
2026-08-12,09.9711,3.A,Electrical sheets (non grain-oriented),FTA Quota – Other countries,5
2026-08-12,09.9828,3.B,Electrical sheets (grain-oriented),China,0
2026-08-12,09.9829,3.B,Electrical sheets (grain-oriented),Taiwan,3916
2026-08-12,09.9830,3.B,Electrical sheets (grain-oriented),Korea,11396
2026-08-12,09.9831,3.B,Electrical sheets (grain-oriented),Viet Nam,6925
2026-08-12,09.9504,3.B,Electrical sheets (grain-oriented),FTA Quota – CSQ,4217
2026-08-12,09.9604,3.B,Electrical sheets (grain-oriented),Other countries,1477
2026-08-12,09.9712,3.B,Electrical sheets (grain-oriented),FTA Quota – Other countries,4078
2026-08-12,09.9713,3.B,Electrical sheets (grain-oriented),Japan,554
2026-08-12,09.9832,4.A,Metallic coated sheets,Viet Nam,97695
2026-08-12,09.9833,4.A,Metallic coated sheets,Taiwan,12542
2026-08-12,09.9834,4.A,Metallic coated sheets,Türkiye,0
2026-08-12,09.9835,4.A,Metallic coated sheets,India,39394
2026-08-12,09.9836,4.A,Metallic coated sheets,Korea,8769
2026-08-12,09.9505,4.A,Metallic coated sheets,FTA Quota – CSQ,0
2026-08-12,09.9605,4.A,Metallic coated sheets,Other countries,0
2026-08-12,09.9714,4.A,Metallic coated sheets,FTA Quota – Other countries,0
2026-08-12,09.9718,4.A,Metallic coated sheets,United Kingdom,1519
2026-08-12,09.9716,4.A,Metallic coated sheets,Japan,71
2026-08-12,09.9715,4.A,Metallic coated sheets,Egypt,2665
2026-08-12,09.9717,4.A,Metallic coated sheets,South Africa,3036
2026-08-12,09.9837,4.B,Metallic coated sheets (automotive),Korea,33932
2026-08-12,09.9838,4.B,Metallic coated sheets (automotive),China,0
2026-08-12,09.9839,4.B,Metallic coated sheets (automotive),United Kingdom,32821
2026-08-12,09.9840,4.B,Metallic coated sheets (automotive),Türkiye,0
2026-08-12,09.9841,4.B,Metallic coated sheets (automotive),India,23474
2026-08-12,09.9506,4.B,Metallic coated sheets (automotive),FTA Quota – CSQ,0
2026-08-12,09.9606,4.B,Metallic coated sheets (automotive),Other countries,0
2026-08-12,09.9719,4.B,Metallic coated sheets (automotive),FTA Quota – Other countries,3266
2026-08-12,09.9720,4.B,Metallic coated sheets (automotive),Egypt,1641
2026-08-12,09.9721,4.B,Metallic coated sheets (automotive),Switzerland,0
2026-08-12,09.9842,5,Organic coated sheets,India,0
2026-08-12,09.9843,5,Organic coated sheets,Korea,0
2026-08-12,09.9844,5,Organic coated sheets,Viet Nam,4422
2026-08-12,09.9845,5,Organic coated sheets,Türkiye,0
2026-08-12,09.9846,5,Organic coated sheets,Taiwan,95
2026-08-12,09.9847,5,Organic coated sheets,United Kingdom,4693
2026-08-12,09.9507,5,Organic coated sheets,FTA Quota – CSQ,0
2026-08-12,09.9607,5,Organic coated sheets,Other countries,0
2026-08-12,09.9722,5,Organic coated sheets,FTA Quota – Other countries,1503
2026-08-12,09.9723,5,Organic coated sheets,North Macedonia,0
2026-08-12,09.9848,6,Tin mill products,China,30449
2026-08-12,09.9849,6,Tin mill products,Serbia,9878
2026-08-12,09.9850,6,Tin mill products,United Kingdom,9595
2026-08-12,09.9851,6,Tin mill products,Türkiye,11574
2026-08-12,09.9852,6,Tin mill products,Korea,7314
2026-08-12,09.9853,6,Tin mill products,India,5914
2026-08-12,09.9508,6,Tin mill products,FTA Quota – CSQ,11255
2026-08-12,09.9608,6,Tin mill products,Other countries,0
2026-08-12,09.9724,6,Tin mill products,FTA Quota – Other countries,5230
2026-08-12,09.9725,6,Tin mill products,Japan,0
2026-08-12,09.9726,6,Tin mill products,Singapore,21
2026-08-12,09.9854,7,Non-alloy & other alloy quarto plates,Korea,0
2026-08-12,09.9855,7,Non-alloy & other alloy quarto plates,Indonesia,18581
2026-08-12,09.9856,7,Non-alloy & other alloy quarto plates,India,39131
2026-08-12,09.9857,7,Non-alloy & other alloy quarto plates,Japan,17441
2026-08-12,09.9858,7,Non-alloy & other alloy quarto plates,North Macedonia,4824
2026-08-12,09.9859,7,Non-alloy & other alloy quarto plates,United Kingdom,2871
2026-08-12,09.9509,7,Non-alloy & other alloy quarto plates,FTA Quota – CSQ,13992
2026-08-12,09.9609,7,Non-alloy & other alloy quarto plates,Other countries,0
2026-08-12,09.9727,7,Non-alloy & other alloy quarto plates,FTA Quota – Other countries,7138
2026-08-12,09.9728,7,Non-alloy & other alloy quarto plates,Türkiye,87
2026-08-12,09.9491,7,Non-alloy & other alloy quarto plates,United Kingdom (to Northern Ireland from other parts of the United Kingdom),3682
2026-08-12,09.9860,8,Stainless hot rolled sheets and strips,Taiwan,2085
2026-08-12,09.9861,8,Stainless hot rolled sheets and strips,Indonesia,8955
2026-08-12,09.9862,8,Stainless hot rolled sheets and strips,India,3670
2026-08-12,09.9863,8,Stainless hot rolled sheets and strips,China,2222
2026-08-12,09.9864,8,Stainless hot rolled sheets and strips,Korea,2082
2026-08-12,09.9865,8,Stainless hot rolled sheets and strips,Türkiye,3430
2026-08-12,09.9866,8,Stainless hot rolled sheets and strips,South Africa,2125
2026-08-12,09.9510,8,Stainless hot rolled sheets and strips,FTA Quota – CSQ,2806
2026-08-12,09.9610,8,Stainless hot rolled sheets and strips,Other countries,421
2026-08-12,09.9729,8,Stainless hot rolled sheets and strips,FTA Quota – Other countries,379
2026-08-12,09.9492,8,Stainless hot rolled sheets and strips,United Kingdom (to Northern Ireland from other parts of the United Kingdom),13
2026-08-12,09.9867,9,Stainless cold rolled sheets and strips,Taiwan,7747
2026-08-12,09.9868,9,Stainless cold rolled sheets and strips,China,7072
2026-08-12,09.9869,9,Stainless cold rolled sheets and strips,Korea,15408
2026-08-12,09.9870,9,Stainless cold rolled sheets and strips,Türkiye,8588
2026-08-12,09.9871,9,Stainless cold rolled sheets and strips,South Africa,7850
2026-08-12,09.9872,9,Stainless cold rolled sheets and strips,Viet Nam,6492
2026-08-12,09.9873,9,Stainless cold rolled sheets and strips,India,6214
2026-08-12,09.9511,9,Stainless cold rolled sheets and strips,FTA Quota – CSQ,9935
2026-08-12,09.9611,9,Stainless cold rolled sheets and strips,Other countries,3101
2026-08-12,09.9730,9,Stainless cold rolled sheets and strips,FTA Quota – Other countries,4801
2026-08-12,09.9731,9,Stainless cold rolled sheets and strips,Switzerland,146
2026-08-12,09.9493,9,Stainless cold rolled sheets and strips,United Kingdom (to Northern Ireland from other parts of the United Kingdom),29
2026-08-12,09.9874,10,Stainless hot rolled quarto plates,China,865
2026-08-12,09.9875,10,Stainless hot rolled quarto plates,India,678
2026-08-12,09.9876,10,Stainless hot rolled quarto plates,Korea,405
2026-08-12,09.9877,10,Stainless hot rolled quarto plates,South Africa,397
2026-08-12,09.9512,10,Stainless hot rolled quarto plates,FTA Quota – CSQ,279
2026-08-12,09.9612,10,Stainless hot rolled quarto plates,Other countries,158
2026-08-12,09.9732,10,Stainless hot rolled quarto plates,FTA Quota – Other countries,250
2026-08-12,09.9878,12,Non-alloy & other alloy merchant bars & light sections,China,14810
2026-08-12,09.9879,12,Non-alloy & other alloy merchant bars & light sections,Türkiye,33839
2026-08-12,09.9880,12,Non-alloy & other alloy merchant bars & light sections,United Kingdom,16929
2026-08-12,09.9881,12,Non-alloy & other alloy merchant bars & light sections,Switzerland,16207
2026-08-12,09.9882,12,Non-alloy & other alloy merchant bars & light sections,Korea,7472
2026-08-12,09.9883,12,Non-alloy & other alloy merchant bars & light sections,North Macedonia,6455
2026-08-12,09.9513,12,Non-alloy & other alloy merchant bars & light sections,FTA Quota – CSQ,14063
2026-08-12,09.9613,12,Non-alloy & other alloy merchant bars & light sections,Other countries,1381
2026-08-12,09.9733,12,Non-alloy & other alloy merchant bars & light sections,FTA Quota – Other countries,10474
2026-08-12,09.9734,12,Non-alloy & other alloy merchant bars & light sections,Brazil,2838
2026-08-12,09.9735,12,Non-alloy & other alloy merchant bars & light sections,Egypt,700
2026-08-12,09.9884,13,Rebars,Türkiye,0
2026-08-12,09.9885,13,Rebars,Egypt,24779
2026-08-12,09.9886,13,Rebars,Algeria,8480
2026-08-12,09.9887,13,Rebars,Moldova,7580
2026-08-12,09.9888,13,Rebars,China,4892
2026-08-12,09.9889,13,Rebars,Ukraine,6961
2026-08-12,09.9514,13,Rebars,FTA Quota – CSQ,0
2026-08-12,09.9614,13,Rebars,Other countries,13071
2026-08-12,09.9736,13,Rebars,FTA Quota – Other countries,9575
2026-08-12,09.9494,13,Rebars,United Kingdom (to Northern Ireland from other parts of the United Kingdom),2030
2026-08-12,09.9890,14,Stainless bars and light sections,India,0
2026-08-12,09.9891,14,Stainless bars and light sections,Switzerland,768
2026-08-12,09.9892,14,Stainless bars and light sections,United Kingdom,1134
2026-08-12,09.9893,14,Stainless bars and light sections,China,410
2026-08-12,09.9515,14,Stainless bars and light sections,FTA Quota – CSQ,0
2026-08-12,09.9615,14,Stainless bars and light sections,Other countries,193
2026-08-12,09.9737,14,Stainless bars and light sections,FTA Quota – Other countries,486
2026-08-12,09.9894,15,Stainless wire rod,India,2030
2026-08-12,09.9895,15,Stainless wire rod,Taiwan,293
2026-08-12,09.9896,15,Stainless wire rod,Korea,676
2026-08-12,09.9897,15,Stainless wire rod,United Kingdom,635
2026-08-12,09.9898,15,Stainless wire rod,China,340
2026-08-12,09.9899,15,Stainless wire rod,Japan,14
2026-08-12,09.9516,15,Stainless wire rod,FTA Quota – CSQ,810
2026-08-12,09.9616,15,Stainless wire rod,Other countries,131
2026-08-12,09.9738,15,Stainless wire rod,FTA Quota – Other countries,91
2026-08-12,09.9900,16,Non-alloy & other alloy wire rod,Türkiye,0
2026-08-12,09.9901,16,Non-alloy & other alloy wire rod,Malaysia,21671
2026-08-12,09.9902,16,Non-alloy & other alloy wire rod,United Kingdom,35022
2026-08-12,09.9903,16,Non-alloy & other alloy wire rod,Ukraine,10097
2026-08-12,09.9904,16,Non-alloy & other alloy wire rod,Switzerland,10079
2026-08-12,09.9905,16,Non-alloy & other alloy wire rod,Viet Nam,15389
2026-08-12,09.9906,16,Non-alloy & other alloy wire rod,Moldova,18467
2026-08-12,09.9907,16,Non-alloy & other alloy wire rod,Egypt,2166
2026-08-12,09.9517,16,Non-alloy & other alloy wire rod,FTA Quota – CSQ,0
2026-08-12,09.9617,16,Non-alloy & other alloy wire rod,Other countries,37073
2026-08-12,09.9739,16,Non-alloy & other alloy wire rod,FTA Quota – Other countries,29419
2026-08-12,09.9740,16,Non-alloy & other alloy wire rod,Korea,2685
2026-08-12,09.9741,16,Non-alloy & other alloy wire rod,Japan,871
2026-08-12,09.9908,17,"Angles, shapes and sections of iron/non-alloy steel",Türkiye,653
2026-08-12,09.9909,17,"Angles, shapes and sections of iron/non-alloy steel",United Kingdom,4400
2026-08-12,09.9910,17,"Angles, shapes and sections of iron/non-alloy steel",Switzerland,2590
2026-08-12,09.9911,17,"Angles, shapes and sections of iron/non-alloy steel",United Arab Emirates,1491
2026-08-12,09.9518,17,"Angles, shapes and sections of iron/non-alloy steel",FTA Quota – CSQ,3032
2026-08-12,09.9618,17,"Angles, shapes and sections of iron/non-alloy steel",Other countries,2169
2026-08-12,09.9742,17,"Angles, shapes and sections of iron/non-alloy steel",FTA Quota – Other countries,1026
2026-08-12,09.9743,17,"Angles, shapes and sections of iron/non-alloy steel",Korea,1250
2026-08-12,09.9495,17,"Angles, shapes and sections of iron/non-alloy steel",United Kingdom (to Northern Ireland from other parts of the United Kingdom),11861
2026-08-12,09.9912,18,Sheet piling,China,0
2026-08-12,09.9913,18,Sheet piling,United Arab Emirates,2
2026-08-12,09.9914,18,Sheet piling,United Kingdom,1635
2026-08-12,09.9519,18,Sheet piling,FTA Quota – CSQ,1234
2026-08-12,09.9619,18,Sheet piling,Other countries,0
2026-08-12,09.9744,18,Sheet piling,FTA Quota – Other countries,1391
2026-08-12,09.9915,19,Railway material,United Kingdom,1327
2026-08-12,09.9916,19,Railway material,Türkiye,98
2026-08-12,09.9917,19,Railway material,China,0
2026-08-12,09.9520,19,Railway material,FTA Quota – CSQ,286
2026-08-12,09.9620,19,Railway material,Other countries,156
2026-08-12,09.9745,19,Railway material,FTA Quota – Other countries,140
2026-08-12,09.9918,20,Gas pipes,Türkiye,0
2026-08-12,09.9919,20,Gas pipes,India,0
2026-08-12,09.9920,20,Gas pipes,United Arab Emirates,2472
2026-08-12,09.9921,20,Gas pipes,North Macedonia,53
2026-08-12,09.9922,20,Gas pipes,United Kingdom,1797
2026-08-12,09.9521,20,Gas pipes,FTA Quota – CSQ,0
2026-08-12,09.9621,20,Gas pipes,Other countries,5
2026-08-12,09.9746,20,Gas pipes,FTA Quota – Other countries,1185
2026-08-12,09.9923,21,Hollow sections,Türkiye,0
2026-08-12,09.9924,21,Hollow sections,United Kingdom,12375
2026-08-12,09.9925,21,Hollow sections,North Macedonia,0
2026-08-12,09.9926,21,Hollow sections,China,0
2026-08-12,09.9927,21,Hollow sections,Ukraine,0
2026-08-12,09.9522,21,Hollow sections,FTA Quota – CSQ,0
2026-08-12,09.9622,21,Hollow sections,Other countries,0
2026-08-12,09.9747,21,Hollow sections,FTA Quota – Other countries,0
2026-08-12,09.9748,21,Hollow sections,Switzerland,480
2026-08-12,09.9928,22,Seamless stainless tubes and pipes,India,0
2026-08-12,09.9929,22,Seamless stainless tubes and pipes,Ukraine,541
2026-08-12,09.9930,22,Seamless stainless tubes and pipes,China,83
2026-08-12,09.9931,22,Seamless stainless tubes and pipes,Korea,429
2026-08-12,09.9523,22,Seamless stainless tubes and pipes,FTA Quota – CSQ,0
2026-08-12,09.9623,22,Seamless stainless tubes and pipes,Other countries,0
2026-08-12,09.9749,22,Seamless stainless tubes and pipes,FTA Quota – Other countries,25
2026-08-12,09.9750,22,Seamless stainless tubes and pipes,Japan,0
2026-08-12,09.9932,24,Other seamless tubes,China,0
2026-08-12,09.9933,24,Other seamless tubes,Ukraine,3733
2026-08-12,09.9934,24,Other seamless tubes,Brazil,5368
2026-08-12,09.9524,24,Other seamless tubes,FTA Quota – CSQ,3052
2026-08-12,09.9624,24,Other seamless tubes,Other countries,3706
2026-08-12,09.9751,24,Other seamless tubes,FTA Quota – Other countries,9069
2026-08-12,09.9752,24,Other seamless tubes,Argentina,1002
2026-08-12,09.9753,24,Other seamless tubes,Singapore,111
2026-08-12,09.9935,25.A,Large welded tubes,Türkiye,1947
2026-08-12,09.9936,25.A,Large welded tubes,Israel,834
2026-08-12,09.9937,25.A,Large welded tubes,China,0
2026-08-12,09.9938,25.A,Large welded tubes,India,0
2026-08-12,09.9525,25.A,Large welded tubes,FTA Quota – CSQ,1113
2026-08-12,09.9625,25.A,Large welded tubes,Other countries,425
2026-08-12,09.9754,25.A,Large welded tubes,FTA Quota – Other countries,584
2026-08-12,09.9496,25.A,Large welded tubes,United Kingdom (to Northern Ireland from other parts of the United Kingdom),14
2026-08-12,09.9939,25.B,Large welded tubes (line pipe),Türkiye,4164
2026-08-12,09.9940,25.B,Large welded tubes (line pipe),China,0
2026-08-12,09.9941,25.B,Large welded tubes (line pipe),United Kingdom,1408
2026-08-12,09.9942,25.B,Large welded tubes (line pipe),Algeria,0
2026-08-12,09.9526,25.B,Large welded tubes (line pipe),FTA Quota – CSQ,2030
2026-08-12,09.9626,25.B,Large welded tubes (line pipe),Other countries,0
2026-08-12,09.9755,25.B,Large welded tubes (line pipe),FTA Quota – Other countries,1153
2026-08-12,09.9756,25.B,Large welded tubes (line pipe),Singapore,21
2026-08-12,09.9943,26,Other welded tubes,Türkiye,0
2026-08-12,09.9944,26,Other welded tubes,Switzerland,10711
2026-08-12,09.9945,26,Other welded tubes,China,0
2026-08-12,09.9946,26,Other welded tubes,India,0
2026-08-12,09.9947,26,Other welded tubes,United Kingdom,2591
2026-08-12,09.9948,26,Other welded tubes,Taiwan,0
2026-08-12,09.9527,26,Other welded tubes,FTA Quota – CSQ,0
2026-08-12,09.9627,26,Other welded tubes,Other countries,618
2026-08-12,09.9757,26,Other welded tubes,FTA Quota – Other countries,1908
2026-08-12,09.9758,26,Other welded tubes,Singapore,0
2026-08-12,09.9949,27,Non-alloy & alloy cold finished bars,China,1109
2026-08-12,09.9950,27,Non-alloy & alloy cold finished bars,Türkiye,2530
2026-08-12,09.9951,27,Non-alloy & alloy cold finished bars,Switzerland,2852
2026-08-12,09.9952,27,Non-alloy & alloy cold finished bars,Ukraine,1282
2026-08-12,09.9528,27,Non-alloy & alloy cold finished bars,FTA Quota – CSQ,1491
2026-08-12,09.9628,27,Non-alloy & alloy cold finished bars,Other countries,573
2026-08-12,09.9759,27,Non-alloy & alloy cold finished bars,FTA Quota – Other countries,1655
2026-08-12,09.9953,27,Non-alloy & alloy cold finished bars,China,0
2026-08-12,09.9954,27,Non-alloy & alloy cold finished bars,Türkiye,270
2026-08-12,09.9955,27,Non-alloy & alloy cold finished bars,Ukraine,8940
2026-08-12,09.9529,27,Non-alloy & alloy cold finished bars,FTA Quota – CSQ,4496
2026-08-12,09.9629,27,Non-alloy & alloy cold finished bars,Other countries,0
2026-08-12,09.9760,27,Non-alloy & alloy cold finished bars,FTA Quota – Other countries,6871
2026-08-12,09.9497,27,Non-alloy & alloy cold finished bars,United Kingdom (to Northern Ireland from other parts of the United Kingdom),156
2026-08-13,09.9801,1.A,Non-alloy & other alloy hot rolled sheets/strips,Türkiye,0
2026-08-13,09.9802,1.A,Non-alloy & other alloy hot rolled sheets/strips,Japan,117559
2026-08-13,09.9803,1.A,Non-alloy & other alloy hot rolled sheets/strips,India,43766
2026-08-13,09.9804,1.A,Non-alloy & other alloy hot rolled sheets/strips,Taiwan,62693
2026-08-13,09.9805,1.A,Non-alloy & other alloy hot rolled sheets/strips,Ukraine,50165
2026-08-13,09.9806,1.A,Non-alloy & other alloy hot rolled sheets/strips,Korea,58258
2026-08-13,09.9807,1.A,Non-alloy & other alloy hot rolled sheets/strips,Viet Nam,46573
2026-08-13,09.9808,1.A,Non-alloy & other alloy hot rolled sheets/strips,Egypt,99402
2026-08-13,09.9809,1.A,Non-alloy & other alloy hot rolled sheets/strips,Serbia,39280
2026-08-13,09.9500,1.A,Non-alloy & other alloy hot rolled sheets/strips,FTA Quota – CSQ,0
2026-08-13,09.9701,1.A,Non-alloy & other alloy hot rolled sheets/strips,Brazil,42429
2026-08-13,09.9705,1.A,Non-alloy & other alloy hot rolled sheets/strips,United Kingdom,35957
2026-08-13,09.9702,1.A,Non-alloy & other alloy hot rolled sheets/strips,Indonesia,0
2026-08-13,09.9810,1.A,Non-alloy & other alloy hot rolled sheets/strips,Australia,11679
2026-08-13,09.9811,1.A,Non-alloy & other alloy hot rolled sheets/strips,Saudi Arabia,9545
2026-08-13,09.9704,1.A,Non-alloy & other alloy hot rolled sheets/strips,Switzerland,5317
2026-08-13,09.9812,1.A,Non-alloy & other alloy hot rolled sheets/strips,Kazakhstan,2349
2026-08-13,09.9703,1.A,Non-alloy & other alloy hot rolled sheets/strips,North Macedonia,1000
2026-08-13,09.9600,1.A,Non-alloy & other alloy hot rolled sheets/strips,Other countries,0
2026-08-13,09.9700,1.A,Non-alloy & other alloy hot rolled sheets/strips,FTA Quota – Other countries,0
2026-08-13,09.9813,1.B,Non-alloy & other alloy hot rolled sheets/strips (7212 60),United Kingdom,270
2026-08-13,09.9814,1.B,Non-alloy & other alloy hot rolled sheets/strips (7212 60),United States,0
2026-08-13,09.9815,1.B,Non-alloy & other alloy hot rolled sheets/strips (7212 60),Japan,111
2026-08-13,09.9816,1.B,Non-alloy & other alloy hot rolled sheets/strips (7212 60),China,20
2026-08-13,09.9501,1.B,Non-alloy & other alloy hot rolled sheets/strips (7212 60),FTA Quota – CSQ,107
2026-08-13,09.9601,1.B,Non-alloy & other alloy hot rolled sheets/strips (7212 60),Other countries,40
2026-08-13,09.9706,1.B,Non-alloy & other alloy hot rolled sheets/strips (7212 60),FTA Quota – Other countries,49
2026-08-13,09.9817,2,Non-alloy & other alloy cold rolled sheets,Taiwan,33504
2026-08-13,09.9818,2,Non-alloy & other alloy cold rolled sheets,India,50891
2026-08-13,09.9819,2,Non-alloy & other alloy cold rolled sheets,Korea,21492
2026-08-13,09.9820,2,Non-alloy & other alloy cold rolled sheets,Türkiye,37782
2026-08-13,09.9821,2,Non-alloy & other alloy cold rolled sheets,United Kingdom,19589
2026-08-13,09.9822,2,Non-alloy & other alloy cold rolled sheets,Japan,28985
2026-08-13,09.9823,2,Non-alloy & other alloy cold rolled sheets,Ukraine,2908
2026-08-13,09.9502,2,Non-alloy & other alloy cold rolled sheets,FTA Quota – CSQ,33671
2026-08-13,09.9602,2,Non-alloy & other alloy cold rolled sheets,Other countries,0
2026-08-13,09.9707,2,Non-alloy & other alloy cold rolled sheets,FTA Quota – Other countries,8518
2026-08-13,09.9709,2,Non-alloy & other alloy cold rolled sheets,Egypt,441
2026-08-13,09.9710,2,Non-alloy & other alloy cold rolled sheets,Switzerland,420
2026-08-13,09.9708,2,Non-alloy & other alloy cold rolled sheets,Brazil,0
2026-08-13,09.9824,3.A,Electrical sheets (non grain-oriented),Japan,78
2026-08-13,09.9825,3.A,Electrical sheets (non grain-oriented),United Kingdom,20
2026-08-13,09.9826,3.A,Electrical sheets (non grain-oriented),China,5
2026-08-13,09.9827,3.A,Electrical sheets (non grain-oriented),Türkiye,9
2026-08-13,09.9503,3.A,Electrical sheets (non grain-oriented),FTA Quota – CSQ,29
2026-08-13,09.9603,3.A,Electrical sheets (non grain-oriented),Other countries,7
2026-08-13,09.9711,3.A,Electrical sheets (non grain-oriented),FTA Quota – Other countries,5
2026-08-13,09.9828,3.B,Electrical sheets (grain-oriented),China,0
2026-08-13,09.9829,3.B,Electrical sheets (grain-oriented),Taiwan,3916
2026-08-13,09.9830,3.B,Electrical sheets (grain-oriented),Korea,11375
2026-08-13,09.9831,3.B,Electrical sheets (grain-oriented),Viet Nam,6925
2026-08-13,09.9504,3.B,Electrical sheets (grain-oriented),FTA Quota – CSQ,4217
2026-08-13,09.9604,3.B,Electrical sheets (grain-oriented),Other countries,1477
2026-08-13,09.9712,3.B,Electrical sheets (grain-oriented),FTA Quota – Other countries,4078
2026-08-13,09.9713,3.B,Electrical sheets (grain-oriented),Japan,554
2026-08-13,09.9832,4.A,Metallic coated sheets,Viet Nam,97643
2026-08-13,09.9833,4.A,Metallic coated sheets,Taiwan,12182
2026-08-13,09.9834,4.A,Metallic coated sheets,Türkiye,0
2026-08-13,09.9835,4.A,Metallic coated sheets,India,39029
2026-08-13,09.9836,4.A,Metallic coated sheets,Korea,7858
2026-08-13,09.9505,4.A,Metallic coated sheets,FTA Quota – CSQ,0
2026-08-13,09.9605,4.A,Metallic coated sheets,Other countries,0
2026-08-13,09.9714,4.A,Metallic coated sheets,FTA Quota – Other countries,0
2026-08-13,09.9718,4.A,Metallic coated sheets,United Kingdom,1252
2026-08-13,09.9716,4.A,Metallic coated sheets,Japan,71
2026-08-13,09.9715,4.A,Metallic coated sheets,Egypt,2665
2026-08-13,09.9717,4.A,Metallic coated sheets,South Africa,3036
2026-08-13,09.9837,4.B,Metallic coated sheets (automotive),Korea,33682
2026-08-13,09.9838,4.B,Metallic coated sheets (automotive),China,0
2026-08-13,09.9839,4.B,Metallic coated sheets (automotive),United Kingdom,32739
2026-08-13,09.9840,4.B,Metallic coated sheets (automotive),Türkiye,0
2026-08-13,09.9841,4.B,Metallic coated sheets (automotive),India,23474
2026-08-13,09.9506,4.B,Metallic coated sheets (automotive),FTA Quota – CSQ,0
2026-08-13,09.9606,4.B,Metallic coated sheets (automotive),Other countries,0
2026-08-13,09.9719,4.B,Metallic coated sheets (automotive),FTA Quota – Other countries,2857
2026-08-13,09.9720,4.B,Metallic coated sheets (automotive),Egypt,1641
2026-08-13,09.9721,4.B,Metallic coated sheets (automotive),Switzerland,0
2026-08-13,09.9842,5,Organic coated sheets,India,0
2026-08-13,09.9843,5,Organic coated sheets,Korea,0
2026-08-13,09.9844,5,Organic coated sheets,Viet Nam,4422
2026-08-13,09.9845,5,Organic coated sheets,Türkiye,0
2026-08-13,09.9846,5,Organic coated sheets,Taiwan,95
2026-08-13,09.9847,5,Organic coated sheets,United Kingdom,4651
2026-08-13,09.9507,5,Organic coated sheets,FTA Quota – CSQ,0
2026-08-13,09.9607,5,Organic coated sheets,Other countries,0
2026-08-13,09.9722,5,Organic coated sheets,FTA Quota – Other countries,1497
2026-08-13,09.9723,5,Organic coated sheets,North Macedonia,0
2026-08-13,09.9848,6,Tin mill products,China,30338
2026-08-13,09.9849,6,Tin mill products,Serbia,9836
2026-08-13,09.9850,6,Tin mill products,United Kingdom,9417
2026-08-13,09.9851,6,Tin mill products,Türkiye,11574
2026-08-13,09.9852,6,Tin mill products,Korea,7274
2026-08-13,09.9853,6,Tin mill products,India,5914
2026-08-13,09.9508,6,Tin mill products,FTA Quota – CSQ,11255
2026-08-13,09.9608,6,Tin mill products,Other countries,0
2026-08-13,09.9724,6,Tin mill products,FTA Quota – Other countries,5210
2026-08-13,09.9725,6,Tin mill products,Japan,0
2026-08-13,09.9726,6,Tin mill products,Singapore,21
2026-08-13,09.9854,7,Non-alloy & other alloy quarto plates,Korea,0
2026-08-13,09.9855,7,Non-alloy & other alloy quarto plates,Indonesia,18577
2026-08-13,09.9856,7,Non-alloy & other alloy quarto plates,India,39131
2026-08-13,09.9857,7,Non-alloy & other alloy quarto plates,Japan,17441
2026-08-13,09.9858,7,Non-alloy & other alloy quarto plates,North Macedonia,4348
2026-08-13,09.9859,7,Non-alloy & other alloy quarto plates,United Kingdom,2750
2026-08-13,09.9509,7,Non-alloy & other alloy quarto plates,FTA Quota – CSQ,13992
2026-08-13,09.9609,7,Non-alloy & other alloy quarto plates,Other countries,0
2026-08-13,09.9727,7,Non-alloy & other alloy quarto plates,FTA Quota – Other countries,7137
2026-08-13,09.9728,7,Non-alloy & other alloy quarto plates,Türkiye,87
2026-08-13,09.9491,7,Non-alloy & other alloy quarto plates,United Kingdom (to Northern Ireland from other parts of the United Kingdom),3682
2026-08-13,09.9860,8,Stainless hot rolled sheets and strips,Taiwan,2085
2026-08-13,09.9861,8,Stainless hot rolled sheets and strips,Indonesia,8955
2026-08-13,09.9862,8,Stainless hot rolled sheets and strips,India,3670
2026-08-13,09.9863,8,Stainless hot rolled sheets and strips,China,2222
2026-08-13,09.9864,8,Stainless hot rolled sheets and strips,Korea,2082
2026-08-13,09.9865,8,Stainless hot rolled sheets and strips,Türkiye,3430
2026-08-13,09.9866,8,Stainless hot rolled sheets and strips,South Africa,1946
2026-08-13,09.9510,8,Stainless hot rolled sheets and strips,FTA Quota – CSQ,2806
2026-08-13,09.9610,8,Stainless hot rolled sheets and strips,Other countries,421
2026-08-13,09.9729,8,Stainless hot rolled sheets and strips,FTA Quota – Other countries,379
2026-08-13,09.9492,8,Stainless hot rolled sheets and strips,United Kingdom (to Northern Ireland from other parts of the United Kingdom),13
2026-08-13,09.9867,9,Stainless cold rolled sheets and strips,Taiwan,7549
2026-08-13,09.9868,9,Stainless cold rolled sheets and strips,China,7072
2026-08-13,09.9869,9,Stainless cold rolled sheets and strips,Korea,15151
2026-08-13,09.9870,9,Stainless cold rolled sheets and strips,Türkiye,8438
2026-08-13,09.9871,9,Stainless cold rolled sheets and strips,South Africa,7803
2026-08-13,09.9872,9,Stainless cold rolled sheets and strips,Viet Nam,6247
2026-08-13,09.9873,9,Stainless cold rolled sheets and strips,India,6196
2026-08-13,09.9511,9,Stainless cold rolled sheets and strips,FTA Quota – CSQ,9935
2026-08-13,09.9611,9,Stainless cold rolled sheets and strips,Other countries,3013
2026-08-13,09.9730,9,Stainless cold rolled sheets and strips,FTA Quota – Other countries,4795
2026-08-13,09.9731,9,Stainless cold rolled sheets and strips,Switzerland,139
2026-08-13,09.9493,9,Stainless cold rolled sheets and strips,United Kingdom (to Northern Ireland from other parts of the United Kingdom),29
2026-08-13,09.9874,10,Stainless hot rolled quarto plates,China,865
2026-08-13,09.9875,10,Stainless hot rolled quarto plates,India,678
2026-08-13,09.9876,10,Stainless hot rolled quarto plates,Korea,405
2026-08-13,09.9877,10,Stainless hot rolled quarto plates,South Africa,276
2026-08-13,09.9512,10,Stainless hot rolled quarto plates,FTA Quota – CSQ,279
2026-08-13,09.9612,10,Stainless hot rolled quarto plates,Other countries,156
2026-08-13,09.9732,10,Stainless hot rolled quarto plates,FTA Quota – Other countries,250
2026-08-13,09.9878,12,Non-alloy & other alloy merchant bars & light sections,China,13889
2026-08-13,09.9879,12,Non-alloy & other alloy merchant bars & light sections,Türkiye,33503
2026-08-13,09.9880,12,Non-alloy & other alloy merchant bars & light sections,United Kingdom,16324
2026-08-13,09.9881,12,Non-alloy & other alloy merchant bars & light sections,Switzerland,16197
2026-08-13,09.9882,12,Non-alloy & other alloy merchant bars & light sections,Korea,7111
2026-08-13,09.9883,12,Non-alloy & other alloy merchant bars & light sections,North Macedonia,6408
2026-08-13,09.9513,12,Non-alloy & other alloy merchant bars & light sections,FTA Quota – CSQ,14063
2026-08-13,09.9613,12,Non-alloy & other alloy merchant bars & light sections,Other countries,1321
2026-08-13,09.9733,12,Non-alloy & other alloy merchant bars & light sections,FTA Quota – Other countries,10474
2026-08-13,09.9734,12,Non-alloy & other alloy merchant bars & light sections,Brazil,2838
2026-08-13,09.9735,12,Non-alloy & other alloy merchant bars & light sections,Egypt,700
2026-08-13,09.9884,13,Rebars,Türkiye,0
2026-08-13,09.9885,13,Rebars,Egypt,24779
2026-08-13,09.9886,13,Rebars,Algeria,8480
2026-08-13,09.9887,13,Rebars,Moldova,7580
2026-08-13,09.9888,13,Rebars,China,4892
2026-08-13,09.9889,13,Rebars,Ukraine,6693
2026-08-13,09.9514,13,Rebars,FTA Quota – CSQ,0
2026-08-13,09.9614,13,Rebars,Other countries,13071
2026-08-13,09.9736,13,Rebars,FTA Quota – Other countries,9575
2026-08-13,09.9494,13,Rebars,United Kingdom (to Northern Ireland from other parts of the United Kingdom),2030
2026-08-13,09.9890,14,Stainless bars and light sections,India,0
2026-08-13,09.9891,14,Stainless bars and light sections,Switzerland,766
2026-08-13,09.9892,14,Stainless bars and light sections,United Kingdom,1106
2026-08-13,09.9893,14,Stainless bars and light sections,China,403
2026-08-13,09.9515,14,Stainless bars and light sections,FTA Quota – CSQ,0
2026-08-13,09.9615,14,Stainless bars and light sections,Other countries,145
2026-08-13,09.9737,14,Stainless bars and light sections,FTA Quota – Other countries,472
2026-08-13,09.9894,15,Stainless wire rod,India,2016
2026-08-13,09.9895,15,Stainless wire rod,Taiwan,293
2026-08-13,09.9896,15,Stainless wire rod,Korea,676
2026-08-13,09.9897,15,Stainless wire rod,United Kingdom,635
2026-08-13,09.9898,15,Stainless wire rod,China,340
2026-08-13,09.9899,15,Stainless wire rod,Japan,14
2026-08-13,09.9516,15,Stainless wire rod,FTA Quota – CSQ,810
2026-08-13,09.9616,15,Stainless wire rod,Other countries,131
2026-08-13,09.9738,15,Stainless wire rod,FTA Quota – Other countries,91
2026-08-13,09.9900,16,Non-alloy & other alloy wire rod,Türkiye,0
2026-08-13,09.9901,16,Non-alloy & other alloy wire rod,Malaysia,21671
2026-08-13,09.9902,16,Non-alloy & other alloy wire rod,United Kingdom,34892
2026-08-13,09.9903,16,Non-alloy & other alloy wire rod,Ukraine,10051
2026-08-13,09.9904,16,Non-alloy & other alloy wire rod,Switzerland,9834
2026-08-13,09.9905,16,Non-alloy & other alloy wire rod,Viet Nam,15389
2026-08-13,09.9906,16,Non-alloy & other alloy wire rod,Moldova,17899
2026-08-13,09.9907,16,Non-alloy & other alloy wire rod,Egypt,2166
2026-08-13,09.9517,16,Non-alloy & other alloy wire rod,FTA Quota – CSQ,0
2026-08-13,09.9617,16,Non-alloy & other alloy wire rod,Other countries,37073
2026-08-13,09.9739,16,Non-alloy & other alloy wire rod,FTA Quota – Other countries,29419
2026-08-13,09.9740,16,Non-alloy & other alloy wire rod,Korea,2685
2026-08-13,09.9741,16,Non-alloy & other alloy wire rod,Japan,871
2026-08-13,09.9908,17,"Angles, shapes and sections of iron/non-alloy steel",Türkiye,653
2026-08-13,09.9909,17,"Angles, shapes and sections of iron/non-alloy steel",United Kingdom,4398
2026-08-13,09.9910,17,"Angles, shapes and sections of iron/non-alloy steel",Switzerland,2590
2026-08-13,09.9911,17,"Angles, shapes and sections of iron/non-alloy steel",United Arab Emirates,1491
2026-08-13,09.9518,17,"Angles, shapes and sections of iron/non-alloy steel",FTA Quota – CSQ,3032
2026-08-13,09.9618,17,"Angles, shapes and sections of iron/non-alloy steel",Other countries,2169
2026-08-13,09.9742,17,"Angles, shapes and sections of iron/non-alloy steel",FTA Quota – Other countries,1026
2026-08-13,09.9743,17,"Angles, shapes and sections of iron/non-alloy steel",Korea,1250
2026-08-13,09.9495,17,"Angles, shapes and sections of iron/non-alloy steel",United Kingdom (to Northern Ireland from other parts of the United Kingdom),11861
2026-08-13,09.9912,18,Sheet piling,China,0
2026-08-13,09.9913,18,Sheet piling,United Arab Emirates,2
2026-08-13,09.9914,18,Sheet piling,United Kingdom,1635
2026-08-13,09.9519,18,Sheet piling,FTA Quota – CSQ,1234
2026-08-13,09.9619,18,Sheet piling,Other countries,0
2026-08-13,09.9744,18,Sheet piling,FTA Quota – Other countries,1391
2026-08-13,09.9915,19,Railway material,United Kingdom,1285
2026-08-13,09.9916,19,Railway material,Türkiye,69
2026-08-13,09.9917,19,Railway material,China,0
2026-08-13,09.9520,19,Railway material,FTA Quota – CSQ,286
2026-08-13,09.9620,19,Railway material,Other countries,144
2026-08-13,09.9745,19,Railway material,FTA Quota – Other countries,140
2026-08-13,09.9918,20,Gas pipes,Türkiye,0
2026-08-13,09.9919,20,Gas pipes,India,0
2026-08-13,09.9920,20,Gas pipes,United Arab Emirates,2472
2026-08-13,09.9921,20,Gas pipes,North Macedonia,53
2026-08-13,09.9922,20,Gas pipes,United Kingdom,1797
2026-08-13,09.9521,20,Gas pipes,FTA Quota – CSQ,0
2026-08-13,09.9621,20,Gas pipes,Other countries,5
2026-08-13,09.9746,20,Gas pipes,FTA Quota – Other countries,1126
2026-08-13,09.9923,21,Hollow sections,Türkiye,0
2026-08-13,09.9924,21,Hollow sections,United Kingdom,12329
2026-08-13,09.9925,21,Hollow sections,North Macedonia,0
2026-08-13,09.9926,21,Hollow sections,China,0
2026-08-13,09.9927,21,Hollow sections,Ukraine,0
2026-08-13,09.9522,21,Hollow sections,FTA Quota – CSQ,0
2026-08-13,09.9622,21,Hollow sections,Other countries,0
2026-08-13,09.9747,21,Hollow sections,FTA Quota – Other countries,0
2026-08-13,09.9748,21,Hollow sections,Switzerland,453
2026-08-13,09.9928,22,Seamless stainless tubes and pipes,India,0
2026-08-13,09.9929,22,Seamless stainless tubes and pipes,Ukraine,499
2026-08-13,09.9930,22,Seamless stainless tubes and pipes,China,74
2026-08-13,09.9931,22,Seamless stainless tubes and pipes,Korea,429
2026-08-13,09.9523,22,Seamless stainless tubes and pipes,FTA Quota – CSQ,0
2026-08-13,09.9623,22,Seamless stainless tubes and pipes,Other countries,0
2026-08-13,09.9749,22,Seamless stainless tubes and pipes,FTA Quota – Other countries,25
2026-08-13,09.9750,22,Seamless stainless tubes and pipes,Japan,0
2026-08-13,09.9932,24,Other seamless tubes,China,0
2026-08-13,09.9933,24,Other seamless tubes,Ukraine,3387
2026-08-13,09.9934,24,Other seamless tubes,Brazil,5368
2026-08-13,09.9524,24,Other seamless tubes,FTA Quota – CSQ,3052
2026-08-13,09.9624,24,Other seamless tubes,Other countries,3642
2026-08-13,09.9751,24,Other seamless tubes,FTA Quota – Other countries,9014
2026-08-13,09.9752,24,Other seamless tubes,Argentina,1002
2026-08-13,09.9753,24,Other seamless tubes,Singapore,111
2026-08-13,09.9935,25.A,Large welded tubes,Türkiye,1947
2026-08-13,09.9936,25.A,Large welded tubes,Israel,834
2026-08-13,09.9937,25.A,Large welded tubes,China,0
2026-08-13,09.9938,25.A,Large welded tubes,India,0
2026-08-13,09.9525,25.A,Large welded tubes,FTA Quota – CSQ,1113
2026-08-13,09.9625,25.A,Large welded tubes,Other countries,425
2026-08-13,09.9754,25.A,Large welded tubes,FTA Quota – Other countries,584
2026-08-13,09.9496,25.A,Large welded tubes,United Kingdom (to Northern Ireland from other parts of the United Kingdom),14
2026-08-13,09.9939,25.B,Large welded tubes (line pipe),Türkiye,4164
2026-08-13,09.9940,25.B,Large welded tubes (line pipe),China,0
2026-08-13,09.9941,25.B,Large welded tubes (line pipe),United Kingdom,1408
2026-08-13,09.9942,25.B,Large welded tubes (line pipe),Algeria,0
2026-08-13,09.9526,25.B,Large welded tubes (line pipe),FTA Quota – CSQ,2030
2026-08-13,09.9626,25.B,Large welded tubes (line pipe),Other countries,0
2026-08-13,09.9755,25.B,Large welded tubes (line pipe),FTA Quota – Other countries,1153
2026-08-13,09.9756,25.B,Large welded tubes (line pipe),Singapore,21
2026-08-13,09.9943,26,Other welded tubes,Türkiye,0
2026-08-13,09.9944,26,Other welded tubes,Switzerland,10685
2026-08-13,09.9945,26,Other welded tubes,China,0
2026-08-13,09.9946,26,Other welded tubes,India,0
2026-08-13,09.9947,26,Other welded tubes,United Kingdom,2570
2026-08-13,09.9948,26,Other welded tubes,Taiwan,0
2026-08-13,09.9527,26,Other welded tubes,FTA Quota – CSQ,0
2026-08-13,09.9627,26,Other welded tubes,Other countries,578
2026-08-13,09.9757,26,Other welded tubes,FTA Quota – Other countries,1757
2026-08-13,09.9758,26,Other welded tubes,Singapore,0
2026-08-13,09.9949,27,Non-alloy & alloy cold finished bars,China,1109
2026-08-13,09.9950,27,Non-alloy & alloy cold finished bars,Türkiye,2494
2026-08-13,09.9951,27,Non-alloy & alloy cold finished bars,Switzerland,2767
2026-08-13,09.9952,27,Non-alloy & alloy cold finished bars,Ukraine,1282
2026-08-13,09.9528,27,Non-alloy & alloy cold finished bars,FTA Quota – CSQ,1491
2026-08-13,09.9628,27,Non-alloy & alloy cold finished bars,Other countries,464
2026-08-13,09.9759,27,Non-alloy & alloy cold finished bars,FTA Quota – Other countries,1610
2026-08-13,09.9953,27,Non-alloy & alloy cold finished bars,China,0
2026-08-13,09.9954,27,Non-alloy & alloy cold finished bars,Türkiye,117
2026-08-13,09.9955,27,Non-alloy & alloy cold finished bars,Ukraine,8537
2026-08-13,09.9529,27,Non-alloy & alloy cold finished bars,FTA Quota – CSQ,4496
2026-08-13,09.9629,27,Non-alloy & alloy cold finished bars,Other countries,0
2026-08-13,09.9760,27,Non-alloy & alloy cold finished bars,FTA Quota – Other countries,6790
2026-08-13,09.9497,27,Non-alloy & alloy cold finished bars,United Kingdom (to Northern Ireland from other parts of the United Kingdom),156
2026-08-14,09.9801,1.A,Non-alloy & other alloy hot rolled sheets/strips,Türkiye,0
2026-08-14,09.9802,1.A,Non-alloy & other alloy hot rolled sheets/strips,Japan,117559
2026-08-14,09.9803,1.A,Non-alloy & other alloy hot rolled sheets/strips,India,43766
2026-08-14,09.9804,1.A,Non-alloy & other alloy hot rolled sheets/strips,Taiwan,62693
2026-08-14,09.9805,1.A,Non-alloy & other alloy hot rolled sheets/strips,Ukraine,48448
2026-08-14,09.9806,1.A,Non-alloy & other alloy hot rolled sheets/strips,Korea,58211
2026-08-14,09.9807,1.A,Non-alloy & other alloy hot rolled sheets/strips,Viet Nam,46573
2026-08-14,09.9808,1.A,Non-alloy & other alloy hot rolled sheets/strips,Egypt,99402
2026-08-14,09.9809,1.A,Non-alloy & other alloy hot rolled sheets/strips,Serbia,39236
2026-08-14,09.9500,1.A,Non-alloy & other alloy hot rolled sheets/strips,FTA Quota – CSQ,0
2026-08-14,09.9701,1.A,Non-alloy & other alloy hot rolled sheets/strips,Brazil,42429
2026-08-14,09.9705,1.A,Non-alloy & other alloy hot rolled sheets/strips,United Kingdom,35956
2026-08-14,09.9702,1.A,Non-alloy & other alloy hot rolled sheets/strips,Indonesia,0
2026-08-14,09.9810,1.A,Non-alloy & other alloy hot rolled sheets/strips,Australia,11679
2026-08-14,09.9811,1.A,Non-alloy & other alloy hot rolled sheets/strips,Saudi Arabia,9545
2026-08-14,09.9704,1.A,Non-alloy & other alloy hot rolled sheets/strips,Switzerland,5311
2026-08-14,09.9812,1.A,Non-alloy & other alloy hot rolled sheets/strips,Kazakhstan,2349
2026-08-14,09.9703,1.A,Non-alloy & other alloy hot rolled sheets/strips,North Macedonia,985
2026-08-14,09.9600,1.A,Non-alloy & other alloy hot rolled sheets/strips,Other countries,0
2026-08-14,09.9700,1.A,Non-alloy & other alloy hot rolled sheets/strips,FTA Quota – Other countries,0
2026-08-14,09.9813,1.B,Non-alloy & other alloy hot rolled sheets/strips (7212 60),United Kingdom,246
2026-08-14,09.9814,1.B,Non-alloy & other alloy hot rolled sheets/strips (7212 60),United States,0
2026-08-14,09.9815,1.B,Non-alloy & other alloy hot rolled sheets/strips (7212 60),Japan,111
2026-08-14,09.9816,1.B,Non-alloy & other alloy hot rolled sheets/strips (7212 60),China,20
2026-08-14,09.9501,1.B,Non-alloy & other alloy hot rolled sheets/strips (7212 60),FTA Quota – CSQ,107
2026-08-14,09.9601,1.B,Non-alloy & other alloy hot rolled sheets/strips (7212 60),Other countries,40
2026-08-14,09.9706,1.B,Non-alloy & other alloy hot rolled sheets/strips (7212 60),FTA Quota – Other countries,49
2026-08-14,09.9817,2,Non-alloy & other alloy cold rolled sheets,Taiwan,33504
2026-08-14,09.9818,2,Non-alloy & other alloy cold rolled sheets,India,50891
2026-08-14,09.9819,2,Non-alloy & other alloy cold rolled sheets,Korea,21492
2026-08-14,09.9820,2,Non-alloy & other alloy cold rolled sheets,Türkiye,37224
2026-08-14,09.9821,2,Non-alloy & other alloy cold rolled sheets,United Kingdom,19589
2026-08-14,09.9822,2,Non-alloy & other alloy cold rolled sheets,Japan,28966
2026-08-14,09.9823,2,Non-alloy & other alloy cold rolled sheets,Ukraine,2603
2026-08-14,09.9502,2,Non-alloy & other alloy cold rolled sheets,FTA Quota – CSQ,33671
2026-08-14,09.9602,2,Non-alloy & other alloy cold rolled sheets,Other countries,0
2026-08-14,09.9707,2,Non-alloy & other alloy cold rolled sheets,FTA Quota – Other countries,8419
2026-08-14,09.9709,2,Non-alloy & other alloy cold rolled sheets,Egypt,441
2026-08-14,09.9710,2,Non-alloy & other alloy cold rolled sheets,Switzerland,392
2026-08-14,09.9708,2,Non-alloy & other alloy cold rolled sheets,Brazil,0
2026-08-14,09.9824,3.A,Electrical sheets (non grain-oriented),Japan,78
2026-08-14,09.9825,3.A,Electrical sheets (non grain-oriented),United Kingdom,20
2026-08-14,09.9826,3.A,Electrical sheets (non grain-oriented),China,5
2026-08-14,09.9827,3.A,Electrical sheets (non grain-oriented),Türkiye,9
2026-08-14,09.9503,3.A,Electrical sheets (non grain-oriented),FTA Quota – CSQ,29
2026-08-14,09.9603,3.A,Electrical sheets (non grain-oriented),Other countries,7
2026-08-14,09.9711,3.A,Electrical sheets (non grain-oriented),FTA Quota – Other countries,5
2026-08-14,09.9828,3.B,Electrical sheets (grain-oriented),China,0
2026-08-14,09.9829,3.B,Electrical sheets (grain-oriented),Taiwan,3916
2026-08-14,09.9830,3.B,Electrical sheets (grain-oriented),Korea,11375
2026-08-14,09.9831,3.B,Electrical sheets (grain-oriented),Viet Nam,6925
2026-08-14,09.9504,3.B,Electrical sheets (grain-oriented),FTA Quota – CSQ,4217
2026-08-14,09.9604,3.B,Electrical sheets (grain-oriented),Other countries,1477
2026-08-14,09.9712,3.B,Electrical sheets (grain-oriented),FTA Quota – Other countries,4078
2026-08-14,09.9713,3.B,Electrical sheets (grain-oriented),Japan,554
2026-08-14,09.9832,4.A,Metallic coated sheets,Viet Nam,97616
2026-08-14,09.9833,4.A,Metallic coated sheets,Taiwan,12157
2026-08-14,09.9834,4.A,Metallic coated sheets,Türkiye,0
2026-08-14,09.9835,4.A,Metallic coated sheets,India,37856
2026-08-14,09.9836,4.A,Metallic coated sheets,Korea,7858
2026-08-14,09.9505,4.A,Metallic coated sheets,FTA Quota – CSQ,0
2026-08-14,09.9605,4.A,Metallic coated sheets,Other countries,0
2026-08-14,09.9714,4.A,Metallic coated sheets,FTA Quota – Other countries,0
2026-08-14,09.9718,4.A,Metallic coated sheets,United Kingdom,1111
2026-08-14,09.9716,4.A,Metallic coated sheets,Japan,71
2026-08-14,09.9715,4.A,Metallic coated sheets,Egypt,2665
2026-08-14,09.9717,4.A,Metallic coated sheets,South Africa,3036
2026-08-14,09.9837,4.B,Metallic coated sheets (automotive),Korea,33682
2026-08-14,09.9838,4.B,Metallic coated sheets (automotive),China,0
2026-08-14,09.9839,4.B,Metallic coated sheets (automotive),United Kingdom,32715
2026-08-14,09.9840,4.B,Metallic coated sheets (automotive),Türkiye,0
2026-08-14,09.9841,4.B,Metallic coated sheets (automotive),India,23472
2026-08-14,09.9506,4.B,Metallic coated sheets (automotive),FTA Quota – CSQ,0
2026-08-14,09.9606,4.B,Metallic coated sheets (automotive),Other countries,0
2026-08-14,09.9719,4.B,Metallic coated sheets (automotive),FTA Quota – Other countries,2736
2026-08-14,09.9720,4.B,Metallic coated sheets (automotive),Egypt,1641
2026-08-14,09.9721,4.B,Metallic coated sheets (automotive),Switzerland,0
2026-08-14,09.9842,5,Organic coated sheets,India,0
2026-08-14,09.9843,5,Organic coated sheets,Korea,0
2026-08-14,09.9844,5,Organic coated sheets,Viet Nam,4422
2026-08-14,09.9845,5,Organic coated sheets,Türkiye,0
2026-08-14,09.9846,5,Organic coated sheets,Taiwan,95
2026-08-14,09.9847,5,Organic coated sheets,United Kingdom,4453
2026-08-14,09.9507,5,Organic coated sheets,FTA Quota – CSQ,0
2026-08-14,09.9607,5,Organic coated sheets,Other countries,0
2026-08-14,09.9722,5,Organic coated sheets,FTA Quota – Other countries,1490
2026-08-14,09.9723,5,Organic coated sheets,North Macedonia,0
2026-08-14,09.9848,6,Tin mill products,China,30338
2026-08-14,09.9849,6,Tin mill products,Serbia,9836
2026-08-14,09.9850,6,Tin mill products,United Kingdom,8983
2026-08-14,09.9851,6,Tin mill products,Türkiye,11574
2026-08-14,09.9852,6,Tin mill products,Korea,7274
2026-08-14,09.9853,6,Tin mill products,India,5914
2026-08-14,09.9508,6,Tin mill products,FTA Quota – CSQ,11255
2026-08-14,09.9608,6,Tin mill products,Other countries,0
2026-08-14,09.9724,6,Tin mill products,FTA Quota – Other countries,5168
2026-08-14,09.9725,6,Tin mill products,Japan,0
2026-08-14,09.9726,6,Tin mill products,Singapore,21
2026-08-14,09.9854,7,Non-alloy & other alloy quarto plates,Korea,0
2026-08-14,09.9855,7,Non-alloy & other alloy quarto plates,Indonesia,18577
2026-08-14,09.9856,7,Non-alloy & other alloy quarto plates,India,29648
2026-08-14,09.9857,7,Non-alloy & other alloy quarto plates,Japan,17441
2026-08-14,09.9858,7,Non-alloy & other alloy quarto plates,North Macedonia,4010
2026-08-14,09.9859,7,Non-alloy & other alloy quarto plates,United Kingdom,2620
2026-08-14,09.9509,7,Non-alloy & other alloy quarto plates,FTA Quota – CSQ,13967
2026-08-14,09.9609,7,Non-alloy & other alloy quarto plates,Other countries,0
2026-08-14,09.9727,7,Non-alloy & other alloy quarto plates,FTA Quota – Other countries,7090
2026-08-14,09.9728,7,Non-alloy & other alloy quarto plates,Türkiye,0
2026-08-14,09.9491,7,Non-alloy & other alloy quarto plates,United Kingdom (to Northern Ireland from other parts of the United Kingdom),3515
2026-08-14,09.9860,8,Stainless hot rolled sheets and strips,Taiwan,2085
2026-08-14,09.9861,8,Stainless hot rolled sheets and strips,Indonesia,8955
2026-08-14,09.9862,8,Stainless hot rolled sheets and strips,India,3666
2026-08-14,09.9863,8,Stainless hot rolled sheets and strips,China,2222
2026-08-14,09.9864,8,Stainless hot rolled sheets and strips,Korea,2082
2026-08-14,09.9865,8,Stainless hot rolled sheets and strips,Türkiye,3430
2026-08-14,09.9866,8,Stainless hot rolled sheets and strips,South Africa,1946
2026-08-14,09.9510,8,Stainless hot rolled sheets and strips,FTA Quota – CSQ,2806
2026-08-14,09.9610,8,Stainless hot rolled sheets and strips,Other countries,343
2026-08-14,09.9729,8,Stainless hot rolled sheets and strips,FTA Quota – Other countries,379
2026-08-14,09.9492,8,Stainless hot rolled sheets and strips,United Kingdom (to Northern Ireland from other parts of the United Kingdom),13
2026-08-14,09.9867,9,Stainless cold rolled sheets and strips,Taiwan,7053
2026-08-14,09.9868,9,Stainless cold rolled sheets and strips,China,7069
2026-08-14,09.9869,9,Stainless cold rolled sheets and strips,Korea,14946
2026-08-14,09.9870,9,Stainless cold rolled sheets and strips,Türkiye,8417
2026-08-14,09.9871,9,Stainless cold rolled sheets and strips,South Africa,7801
2026-08-14,09.9872,9,Stainless cold rolled sheets and strips,Viet Nam,6200
2026-08-14,09.9873,9,Stainless cold rolled sheets and strips,India,6196
2026-08-14,09.9511,9,Stainless cold rolled sheets and strips,FTA Quota – CSQ,9935
2026-08-14,09.9611,9,Stainless cold rolled sheets and strips,Other countries,2599
2026-08-14,09.9730,9,Stainless cold rolled sheets and strips,FTA Quota – Other countries,4752
2026-08-14,09.9731,9,Stainless cold rolled sheets and strips,Switzerland,135
2026-08-14,09.9493,9,Stainless cold rolled sheets and strips,United Kingdom (to Northern Ireland from other parts of the United Kingdom),29
2026-08-14,09.9874,10,Stainless hot rolled quarto plates,China,865
2026-08-14,09.9875,10,Stainless hot rolled quarto plates,India,678
2026-08-14,09.9876,10,Stainless hot rolled quarto plates,Korea,405
2026-08-14,09.9877,10,Stainless hot rolled quarto plates,South Africa,276
2026-08-14,09.9512,10,Stainless hot rolled quarto plates,FTA Quota – CSQ,279
2026-08-14,09.9612,10,Stainless hot rolled quarto plates,Other countries,156
2026-08-14,09.9732,10,Stainless hot rolled quarto plates,FTA Quota – Other countries,250
2026-08-14,09.9878,12,Non-alloy & other alloy merchant bars & light sections,China,13530
2026-08-14,09.9879,12,Non-alloy & other alloy merchant bars & light sections,Türkiye,33324
2026-08-14,09.9880,12,Non-alloy & other alloy merchant bars & light sections,United Kingdom,16061
2026-08-14,09.9881,12,Non-alloy & other alloy merchant bars & light sections,Switzerland,16170
2026-08-14,09.9882,12,Non-alloy & other alloy merchant bars & light sections,Korea,6695
2026-08-14,09.9883,12,Non-alloy & other alloy merchant bars & light sections,North Macedonia,6267
2026-08-14,09.9513,12,Non-alloy & other alloy merchant bars & light sections,FTA Quota – CSQ,14063
2026-08-14,09.9613,12,Non-alloy & other alloy merchant bars & light sections,Other countries,1212
2026-08-14,09.9733,12,Non-alloy & other alloy merchant bars & light sections,FTA Quota – Other countries,10474
2026-08-14,09.9734,12,Non-alloy & other alloy merchant bars & light sections,Brazil,2825
2026-08-14,09.9735,12,Non-alloy & other alloy merchant bars & light sections,Egypt,700
2026-08-14,09.9884,13,Rebars,Türkiye,0
2026-08-14,09.9885,13,Rebars,Egypt,24779
2026-08-14,09.9886,13,Rebars,Algeria,8480
2026-08-14,09.9887,13,Rebars,Moldova,7045
2026-08-14,09.9888,13,Rebars,China,4870
2026-08-14,09.9889,13,Rebars,Ukraine,6693
2026-08-14,09.9514,13,Rebars,FTA Quota – CSQ,0
2026-08-14,09.9614,13,Rebars,Other countries,13071
2026-08-14,09.9736,13,Rebars,FTA Quota – Other countries,9575
2026-08-14,09.9494,13,Rebars,United Kingdom (to Northern Ireland from other parts of the United Kingdom),1977
2026-08-14,09.9890,14,Stainless bars and light sections,India,0
2026-08-14,09.9891,14,Stainless bars and light sections,Switzerland,763
2026-08-14,09.9892,14,Stainless bars and light sections,United Kingdom,1105
2026-08-14,09.9893,14,Stainless bars and light sections,China,389
2026-08-14,09.9515,14,Stainless bars and light sections,FTA Quota – CSQ,0
2026-08-14,09.9615,14,Stainless bars and light sections,Other countries,119
2026-08-14,09.9737,14,Stainless bars and light sections,FTA Quota – Other countries,462
2026-08-14,09.9894,15,Stainless wire rod,India,2016
2026-08-14,09.9895,15,Stainless wire rod,Taiwan,293
2026-08-14,09.9896,15,Stainless wire rod,Korea,676
2026-08-14,09.9897,15,Stainless wire rod,United Kingdom,635
2026-08-14,09.9898,15,Stainless wire rod,China,340
2026-08-14,09.9899,15,Stainless wire rod,Japan,14
2026-08-14,09.9516,15,Stainless wire rod,FTA Quota – CSQ,810
2026-08-14,09.9616,15,Stainless wire rod,Other countries,131
2026-08-14,09.9738,15,Stainless wire rod,FTA Quota – Other countries,91
2026-08-14,09.9900,16,Non-alloy & other alloy wire rod,Türkiye,0
2026-08-14,09.9901,16,Non-alloy & other alloy wire rod,Malaysia,21671
2026-08-14,09.9902,16,Non-alloy & other alloy wire rod,United Kingdom,34778
2026-08-14,09.9903,16,Non-alloy & other alloy wire rod,Ukraine,10029
2026-08-14,09.9904,16,Non-alloy & other alloy wire rod,Switzerland,9493
2026-08-14,09.9905,16,Non-alloy & other alloy wire rod,Viet Nam,15389
2026-08-14,09.9906,16,Non-alloy & other alloy wire rod,Moldova,16823
2026-08-14,09.9907,16,Non-alloy & other alloy wire rod,Egypt,2166
2026-08-14,09.9517,16,Non-alloy & other alloy wire rod,FTA Quota – CSQ,0
2026-08-14,09.9617,16,Non-alloy & other alloy wire rod,Other countries,37057
2026-08-14,09.9739,16,Non-alloy & other alloy wire rod,FTA Quota – Other countries,29419
2026-08-14,09.9740,16,Non-alloy & other alloy wire rod,Korea,2685
2026-08-14,09.9741,16,Non-alloy & other alloy wire rod,Japan,871
2026-08-14,09.9908,17,"Angles, shapes and sections of iron/non-alloy steel",Türkiye,653
2026-08-14,09.9909,17,"Angles, shapes and sections of iron/non-alloy steel",United Kingdom,4345
2026-08-14,09.9910,17,"Angles, shapes and sections of iron/non-alloy steel",Switzerland,2590
2026-08-14,09.9911,17,"Angles, shapes and sections of iron/non-alloy steel",United Arab Emirates,1491
2026-08-14,09.9518,17,"Angles, shapes and sections of iron/non-alloy steel",FTA Quota – CSQ,3032
2026-08-14,09.9618,17,"Angles, shapes and sections of iron/non-alloy steel",Other countries,2169
2026-08-14,09.9742,17,"Angles, shapes and sections of iron/non-alloy steel",FTA Quota – Other countries,1026
2026-08-14,09.9743,17,"Angles, shapes and sections of iron/non-alloy steel",Korea,1245
2026-08-14,09.9495,17,"Angles, shapes and sections of iron/non-alloy steel",United Kingdom (to Northern Ireland from other parts of the United Kingdom),11791
2026-08-14,09.9912,18,Sheet piling,China,0
2026-08-14,09.9913,18,Sheet piling,United Arab Emirates,2
2026-08-14,09.9914,18,Sheet piling,United Kingdom,1635
2026-08-14,09.9519,18,Sheet piling,FTA Quota – CSQ,1234
2026-08-14,09.9619,18,Sheet piling,Other countries,0
2026-08-14,09.9744,18,Sheet piling,FTA Quota – Other countries,1391
2026-08-14,09.9915,19,Railway material,United Kingdom,1262
2026-08-14,09.9916,19,Railway material,Türkiye,69
2026-08-14,09.9917,19,Railway material,China,0
2026-08-14,09.9520,19,Railway material,FTA Quota – CSQ,286
2026-08-14,09.9620,19,Railway material,Other countries,144
2026-08-14,09.9745,19,Railway material,FTA Quota – Other countries,140
2026-08-14,09.9918,20,Gas pipes,Türkiye,0
2026-08-14,09.9919,20,Gas pipes,India,0
2026-08-14,09.9920,20,Gas pipes,United Arab Emirates,2472
2026-08-14,09.9921,20,Gas pipes,North Macedonia,53
2026-08-14,09.9922,20,Gas pipes,United Kingdom,1785
2026-08-14,09.9521,20,Gas pipes,FTA Quota – CSQ,0
2026-08-14,09.9621,20,Gas pipes,Other countries,1
2026-08-14,09.9746,20,Gas pipes,FTA Quota – Other countries,1058
2026-08-14,09.9923,21,Hollow sections,Türkiye,0
2026-08-14,09.9924,21,Hollow sections,United Kingdom,12229
2026-08-14,09.9925,21,Hollow sections,North Macedonia,0
2026-08-14,09.9926,21,Hollow sections,China,0
2026-08-14,09.9927,21,Hollow sections,Ukraine,0
2026-08-14,09.9522,21,Hollow sections,FTA Quota – CSQ,0
2026-08-14,09.9622,21,Hollow sections,Other countries,0
2026-08-14,09.9747,21,Hollow sections,FTA Quota – Other countries,0
2026-08-14,09.9748,21,Hollow sections,Switzerland,452
2026-08-14,09.9928,22,Seamless stainless tubes and pipes,India,0
2026-08-14,09.9929,22,Seamless stainless tubes and pipes,Ukraine,499
2026-08-14,09.9930,22,Seamless stainless tubes and pipes,China,73
2026-08-14,09.9931,22,Seamless stainless tubes and pipes,Korea,429
2026-08-14,09.9523,22,Seamless stainless tubes and pipes,FTA Quota – CSQ,0
2026-08-14,09.9623,22,Seamless stainless tubes and pipes,Other countries,0
2026-08-14,09.9749,22,Seamless stainless tubes and pipes,FTA Quota – Other countries,23
2026-08-14,09.9750,22,Seamless stainless tubes and pipes,Japan,0
2026-08-14,09.9932,24,Other seamless tubes,China,0
2026-08-14,09.9933,24,Other seamless tubes,Ukraine,2983
2026-08-14,09.9934,24,Other seamless tubes,Brazil,5361
2026-08-14,09.9524,24,Other seamless tubes,FTA Quota – CSQ,3052
2026-08-14,09.9624,24,Other seamless tubes,Other countries,3470
2026-08-14,09.9751,24,Other seamless tubes,FTA Quota – Other countries,8939
2026-08-14,09.9752,24,Other seamless tubes,Argentina,1002
2026-08-14,09.9753,24,Other seamless tubes,Singapore,111
2026-08-14,09.9935,25.A,Large welded tubes,Türkiye,1947
2026-08-14,09.9936,25.A,Large welded tubes,Israel,834
2026-08-14,09.9937,25.A,Large welded tubes,China,0
2026-08-14,09.9938,25.A,Large welded tubes,India,0
2026-08-14,09.9525,25.A,Large welded tubes,FTA Quota – CSQ,1113
2026-08-14,09.9625,25.A,Large welded tubes,Other countries,425
2026-08-14,09.9754,25.A,Large welded tubes,FTA Quota – Other countries,584
2026-08-14,09.9496,25.A,Large welded tubes,United Kingdom (to Northern Ireland from other parts of the United Kingdom),14
2026-08-14,09.9939,25.B,Large welded tubes (line pipe),Türkiye,4164
2026-08-14,09.9940,25.B,Large welded tubes (line pipe),China,0
2026-08-14,09.9941,25.B,Large welded tubes (line pipe),United Kingdom,1393
2026-08-14,09.9942,25.B,Large welded tubes (line pipe),Algeria,0
2026-08-14,09.9526,25.B,Large welded tubes (line pipe),FTA Quota – CSQ,2030
2026-08-14,09.9626,25.B,Large welded tubes (line pipe),Other countries,0
2026-08-14,09.9755,25.B,Large welded tubes (line pipe),FTA Quota – Other countries,1120
2026-08-14,09.9756,25.B,Large welded tubes (line pipe),Singapore,21
2026-08-14,09.9943,26,Other welded tubes,Türkiye,0
2026-08-14,09.9944,26,Other welded tubes,Switzerland,10656
2026-08-14,09.9945,26,Other welded tubes,China,0
2026-08-14,09.9946,26,Other welded tubes,India,0
2026-08-14,09.9947,26,Other welded tubes,United Kingdom,2558
2026-08-14,09.9948,26,Other welded tubes,Taiwan,0
2026-08-14,09.9527,26,Other welded tubes,FTA Quota – CSQ,0
2026-08-14,09.9627,26,Other welded tubes,Other countries,546
2026-08-14,09.9757,26,Other welded tubes,FTA Quota – Other countries,1750
2026-08-14,09.9758,26,Other welded tubes,Singapore,0
2026-08-14,09.9949,27,Non-alloy & alloy cold finished bars,China,1109
2026-08-14,09.9950,27,Non-alloy & alloy cold finished bars,Türkiye,2465
2026-08-14,09.9951,27,Non-alloy & alloy cold finished bars,Switzerland,2721
2026-08-14,09.9952,27,Non-alloy & alloy cold finished bars,Ukraine,1282
2026-08-14,09.9528,27,Non-alloy & alloy cold finished bars,FTA Quota – CSQ,1491
2026-08-14,09.9628,27,Non-alloy & alloy cold finished bars,Other countries,378
2026-08-14,09.9759,27,Non-alloy & alloy cold finished bars,FTA Quota – Other countries,1610
2026-08-14,09.9953,27,Non-alloy & alloy cold finished bars,China,0
2026-08-14,09.9954,27,Non-alloy & alloy cold finished bars,Türkiye,0
2026-08-14,09.9955,27,Non-alloy & alloy cold finished bars,Ukraine,8294
2026-08-14,09.9529,27,Non-alloy & alloy cold finished bars,FTA Quota – CSQ,4496
2026-08-14,09.9629,27,Non-alloy & alloy cold finished bars,Other countries,0
2026-08-14,09.9760,27,Non-alloy & alloy cold finished bars,FTA Quota – Other countries,6750
2026-08-14,09.9497,27,Non-alloy & alloy cold finished bars,United Kingdom (to Northern Ireland from other parts of the United Kingdom),156
2026-08-15,09.9801,1.A,Non-alloy & other alloy hot rolled sheets/strips,Türkiye,0
2026-08-15,09.9802,1.A,Non-alloy & other alloy hot rolled sheets/strips,Japan,117559
2026-08-15,09.9803,1.A,Non-alloy & other alloy hot rolled sheets/strips,India,43766
2026-08-15,09.9804,1.A,Non-alloy & other alloy hot rolled sheets/strips,Taiwan,62693
2026-08-15,09.9805,1.A,Non-alloy & other alloy hot rolled sheets/strips,Ukraine,48448
2026-08-15,09.9806,1.A,Non-alloy & other alloy hot rolled sheets/strips,Korea,58211
2026-08-15,09.9807,1.A,Non-alloy & other alloy hot rolled sheets/strips,Viet Nam,46573
2026-08-15,09.9808,1.A,Non-alloy & other alloy hot rolled sheets/strips,Egypt,99402
2026-08-15,09.9809,1.A,Non-alloy & other alloy hot rolled sheets/strips,Serbia,39236
2026-08-15,09.9500,1.A,Non-alloy & other alloy hot rolled sheets/strips,FTA Quota – CSQ,0
2026-08-15,09.9701,1.A,Non-alloy & other alloy hot rolled sheets/strips,Brazil,42429
2026-08-15,09.9705,1.A,Non-alloy & other alloy hot rolled sheets/strips,United Kingdom,35956
2026-08-15,09.9702,1.A,Non-alloy & other alloy hot rolled sheets/strips,Indonesia,0
2026-08-15,09.9810,1.A,Non-alloy & other alloy hot rolled sheets/strips,Australia,11679
2026-08-15,09.9811,1.A,Non-alloy & other alloy hot rolled sheets/strips,Saudi Arabia,9545
2026-08-15,09.9704,1.A,Non-alloy & other alloy hot rolled sheets/strips,Switzerland,5311
2026-08-15,09.9812,1.A,Non-alloy & other alloy hot rolled sheets/strips,Kazakhstan,2349
2026-08-15,09.9703,1.A,Non-alloy & other alloy hot rolled sheets/strips,North Macedonia,985
2026-08-15,09.9600,1.A,Non-alloy & other alloy hot rolled sheets/strips,Other countries,0
2026-08-15,09.9700,1.A,Non-alloy & other alloy hot rolled sheets/strips,FTA Quota – Other countries,0
2026-08-15,09.9813,1.B,Non-alloy & other alloy hot rolled sheets/strips (7212 60),United Kingdom,246
2026-08-15,09.9814,1.B,Non-alloy & other alloy hot rolled sheets/strips (7212 60),United States,0
2026-08-15,09.9815,1.B,Non-alloy & other alloy hot rolled sheets/strips (7212 60),Japan,111
2026-08-15,09.9816,1.B,Non-alloy & other alloy hot rolled sheets/strips (7212 60),China,20
2026-08-15,09.9501,1.B,Non-alloy & other alloy hot rolled sheets/strips (7212 60),FTA Quota – CSQ,107
2026-08-15,09.9601,1.B,Non-alloy & other alloy hot rolled sheets/strips (7212 60),Other countries,40
2026-08-15,09.9706,1.B,Non-alloy & other alloy hot rolled sheets/strips (7212 60),FTA Quota – Other countries,49
2026-08-15,09.9817,2,Non-alloy & other alloy cold rolled sheets,Taiwan,33504
2026-08-15,09.9818,2,Non-alloy & other alloy cold rolled sheets,India,50891
2026-08-15,09.9819,2,Non-alloy & other alloy cold rolled sheets,Korea,21492
2026-08-15,09.9820,2,Non-alloy & other alloy cold rolled sheets,Türkiye,37224
2026-08-15,09.9821,2,Non-alloy & other alloy cold rolled sheets,United Kingdom,19589
2026-08-15,09.9822,2,Non-alloy & other alloy cold rolled sheets,Japan,28966
2026-08-15,09.9823,2,Non-alloy & other alloy cold rolled sheets,Ukraine,2603
2026-08-15,09.9502,2,Non-alloy & other alloy cold rolled sheets,FTA Quota – CSQ,33671
2026-08-15,09.9602,2,Non-alloy & other alloy cold rolled sheets,Other countries,0
2026-08-15,09.9707,2,Non-alloy & other alloy cold rolled sheets,FTA Quota – Other countries,8419
2026-08-15,09.9709,2,Non-alloy & other alloy cold rolled sheets,Egypt,441
2026-08-15,09.9710,2,Non-alloy & other alloy cold rolled sheets,Switzerland,392
2026-08-15,09.9708,2,Non-alloy & other alloy cold rolled sheets,Brazil,0
2026-08-15,09.9824,3.A,Electrical sheets (non grain-oriented),Japan,78
2026-08-15,09.9825,3.A,Electrical sheets (non grain-oriented),United Kingdom,20
2026-08-15,09.9826,3.A,Electrical sheets (non grain-oriented),China,5
2026-08-15,09.9827,3.A,Electrical sheets (non grain-oriented),Türkiye,9
2026-08-15,09.9503,3.A,Electrical sheets (non grain-oriented),FTA Quota – CSQ,29
2026-08-15,09.9603,3.A,Electrical sheets (non grain-oriented),Other countries,7
2026-08-15,09.9711,3.A,Electrical sheets (non grain-oriented),FTA Quota – Other countries,5
2026-08-15,09.9828,3.B,Electrical sheets (grain-oriented),China,0
2026-08-15,09.9829,3.B,Electrical sheets (grain-oriented),Taiwan,3916
2026-08-15,09.9830,3.B,Electrical sheets (grain-oriented),Korea,11375
2026-08-15,09.9831,3.B,Electrical sheets (grain-oriented),Viet Nam,6925
2026-08-15,09.9504,3.B,Electrical sheets (grain-oriented),FTA Quota – CSQ,4217
2026-08-15,09.9604,3.B,Electrical sheets (grain-oriented),Other countries,1477
2026-08-15,09.9712,3.B,Electrical sheets (grain-oriented),FTA Quota – Other countries,4078
2026-08-15,09.9713,3.B,Electrical sheets (grain-oriented),Japan,554
2026-08-15,09.9832,4.A,Metallic coated sheets,Viet Nam,97616
2026-08-15,09.9833,4.A,Metallic coated sheets,Taiwan,12157
2026-08-15,09.9834,4.A,Metallic coated sheets,Türkiye,0
2026-08-15,09.9835,4.A,Metallic coated sheets,India,37856
2026-08-15,09.9836,4.A,Metallic coated sheets,Korea,7858
2026-08-15,09.9505,4.A,Metallic coated sheets,FTA Quota – CSQ,0
2026-08-15,09.9605,4.A,Metallic coated sheets,Other countries,0
2026-08-15,09.9714,4.A,Metallic coated sheets,FTA Quota – Other countries,0
2026-08-15,09.9718,4.A,Metallic coated sheets,United Kingdom,1111
2026-08-15,09.9716,4.A,Metallic coated sheets,Japan,71
2026-08-15,09.9715,4.A,Metallic coated sheets,Egypt,2665
2026-08-15,09.9717,4.A,Metallic coated sheets,South Africa,3036
2026-08-15,09.9837,4.B,Metallic coated sheets (automotive),Korea,33682
2026-08-15,09.9838,4.B,Metallic coated sheets (automotive),China,0
2026-08-15,09.9839,4.B,Metallic coated sheets (automotive),United Kingdom,32715
2026-08-15,09.9840,4.B,Metallic coated sheets (automotive),Türkiye,0
2026-08-15,09.9841,4.B,Metallic coated sheets (automotive),India,23472
2026-08-15,09.9506,4.B,Metallic coated sheets (automotive),FTA Quota – CSQ,0
2026-08-15,09.9606,4.B,Metallic coated sheets (automotive),Other countries,0
2026-08-15,09.9719,4.B,Metallic coated sheets (automotive),FTA Quota – Other countries,2736
2026-08-15,09.9720,4.B,Metallic coated sheets (automotive),Egypt,1641
2026-08-15,09.9721,4.B,Metallic coated sheets (automotive),Switzerland,0
2026-08-15,09.9842,5,Organic coated sheets,India,0
2026-08-15,09.9843,5,Organic coated sheets,Korea,0
2026-08-15,09.9844,5,Organic coated sheets,Viet Nam,4422
2026-08-15,09.9845,5,Organic coated sheets,Türkiye,0
2026-08-15,09.9846,5,Organic coated sheets,Taiwan,95
2026-08-15,09.9847,5,Organic coated sheets,United Kingdom,4453
2026-08-15,09.9507,5,Organic coated sheets,FTA Quota – CSQ,0
2026-08-15,09.9607,5,Organic coated sheets,Other countries,0
2026-08-15,09.9722,5,Organic coated sheets,FTA Quota – Other countries,1490
2026-08-15,09.9723,5,Organic coated sheets,North Macedonia,0
2026-08-15,09.9848,6,Tin mill products,China,30338
2026-08-15,09.9849,6,Tin mill products,Serbia,9836
2026-08-15,09.9850,6,Tin mill products,United Kingdom,8983
2026-08-15,09.9851,6,Tin mill products,Türkiye,11574
2026-08-15,09.9852,6,Tin mill products,Korea,7274
2026-08-15,09.9853,6,Tin mill products,India,5914
2026-08-15,09.9508,6,Tin mill products,FTA Quota – CSQ,11255
2026-08-15,09.9608,6,Tin mill products,Other countries,0
2026-08-15,09.9724,6,Tin mill products,FTA Quota – Other countries,5168
2026-08-15,09.9725,6,Tin mill products,Japan,0
2026-08-15,09.9726,6,Tin mill products,Singapore,21
2026-08-15,09.9854,7,Non-alloy & other alloy quarto plates,Korea,0
2026-08-15,09.9855,7,Non-alloy & other alloy quarto plates,Indonesia,18577
2026-08-15,09.9856,7,Non-alloy & other alloy quarto plates,India,29648
2026-08-15,09.9857,7,Non-alloy & other alloy quarto plates,Japan,17441
2026-08-15,09.9858,7,Non-alloy & other alloy quarto plates,North Macedonia,4010
2026-08-15,09.9859,7,Non-alloy & other alloy quarto plates,United Kingdom,2620
2026-08-15,09.9509,7,Non-alloy & other alloy quarto plates,FTA Quota – CSQ,13967
2026-08-15,09.9609,7,Non-alloy & other alloy quarto plates,Other countries,0
2026-08-15,09.9727,7,Non-alloy & other alloy quarto plates,FTA Quota – Other countries,7090
2026-08-15,09.9728,7,Non-alloy & other alloy quarto plates,Türkiye,0
2026-08-15,09.9491,7,Non-alloy & other alloy quarto plates,United Kingdom (to Northern Ireland from other parts of the United Kingdom),3515
2026-08-15,09.9860,8,Stainless hot rolled sheets and strips,Taiwan,2085
2026-08-15,09.9861,8,Stainless hot rolled sheets and strips,Indonesia,8955
2026-08-15,09.9862,8,Stainless hot rolled sheets and strips,India,3666
2026-08-15,09.9863,8,Stainless hot rolled sheets and strips,China,2222
2026-08-15,09.9864,8,Stainless hot rolled sheets and strips,Korea,2082
2026-08-15,09.9865,8,Stainless hot rolled sheets and strips,Türkiye,3430
2026-08-15,09.9866,8,Stainless hot rolled sheets and strips,South Africa,1946
2026-08-15,09.9510,8,Stainless hot rolled sheets and strips,FTA Quota – CSQ,2806
2026-08-15,09.9610,8,Stainless hot rolled sheets and strips,Other countries,343
2026-08-15,09.9729,8,Stainless hot rolled sheets and strips,FTA Quota – Other countries,379
2026-08-15,09.9492,8,Stainless hot rolled sheets and strips,United Kingdom (to Northern Ireland from other parts of the United Kingdom),13
2026-08-15,09.9867,9,Stainless cold rolled sheets and strips,Taiwan,7053
2026-08-15,09.9868,9,Stainless cold rolled sheets and strips,China,7069
2026-08-15,09.9869,9,Stainless cold rolled sheets and strips,Korea,14946
2026-08-15,09.9870,9,Stainless cold rolled sheets and strips,Türkiye,8417
2026-08-15,09.9871,9,Stainless cold rolled sheets and strips,South Africa,7801
2026-08-15,09.9872,9,Stainless cold rolled sheets and strips,Viet Nam,6200
2026-08-15,09.9873,9,Stainless cold rolled sheets and strips,India,6196
2026-08-15,09.9511,9,Stainless cold rolled sheets and strips,FTA Quota – CSQ,9935
2026-08-15,09.9611,9,Stainless cold rolled sheets and strips,Other countries,2599
2026-08-15,09.9730,9,Stainless cold rolled sheets and strips,FTA Quota – Other countries,4752
2026-08-15,09.9731,9,Stainless cold rolled sheets and strips,Switzerland,135
2026-08-15,09.9493,9,Stainless cold rolled sheets and strips,United Kingdom (to Northern Ireland from other parts of the United Kingdom),29
2026-08-15,09.9874,10,Stainless hot rolled quarto plates,China,865
2026-08-15,09.9875,10,Stainless hot rolled quarto plates,India,678
2026-08-15,09.9876,10,Stainless hot rolled quarto plates,Korea,405
2026-08-15,09.9877,10,Stainless hot rolled quarto plates,South Africa,276
2026-08-15,09.9512,10,Stainless hot rolled quarto plates,FTA Quota – CSQ,279
2026-08-15,09.9612,10,Stainless hot rolled quarto plates,Other countries,156
2026-08-15,09.9732,10,Stainless hot rolled quarto plates,FTA Quota – Other countries,250
2026-08-15,09.9878,12,Non-alloy & other alloy merchant bars & light sections,China,13530
2026-08-15,09.9879,12,Non-alloy & other alloy merchant bars & light sections,Türkiye,33324
2026-08-15,09.9880,12,Non-alloy & other alloy merchant bars & light sections,United Kingdom,16061
2026-08-15,09.9881,12,Non-alloy & other alloy merchant bars & light sections,Switzerland,16170
2026-08-15,09.9882,12,Non-alloy & other alloy merchant bars & light sections,Korea,6695
2026-08-15,09.9883,12,Non-alloy & other alloy merchant bars & light sections,North Macedonia,6267
2026-08-15,09.9513,12,Non-alloy & other alloy merchant bars & light sections,FTA Quota – CSQ,14063
2026-08-15,09.9613,12,Non-alloy & other alloy merchant bars & light sections,Other countries,1212
2026-08-15,09.9733,12,Non-alloy & other alloy merchant bars & light sections,FTA Quota – Other countries,10474
2026-08-15,09.9734,12,Non-alloy & other alloy merchant bars & light sections,Brazil,2825
2026-08-15,09.9735,12,Non-alloy & other alloy merchant bars & light sections,Egypt,700
2026-08-15,09.9884,13,Rebars,Türkiye,0
2026-08-15,09.9885,13,Rebars,Egypt,24779
2026-08-15,09.9886,13,Rebars,Algeria,8480
2026-08-15,09.9887,13,Rebars,Moldova,7045
2026-08-15,09.9888,13,Rebars,China,4870
2026-08-15,09.9889,13,Rebars,Ukraine,6693
2026-08-15,09.9514,13,Rebars,FTA Quota – CSQ,0
2026-08-15,09.9614,13,Rebars,Other countries,13071
2026-08-15,09.9736,13,Rebars,FTA Quota – Other countries,9575
2026-08-15,09.9494,13,Rebars,United Kingdom (to Northern Ireland from other parts of the United Kingdom),1977
2026-08-15,09.9890,14,Stainless bars and light sections,India,0
2026-08-15,09.9891,14,Stainless bars and light sections,Switzerland,763
2026-08-15,09.9892,14,Stainless bars and light sections,United Kingdom,1105
2026-08-15,09.9893,14,Stainless bars and light sections,China,389
2026-08-15,09.9515,14,Stainless bars and light sections,FTA Quota – CSQ,0
2026-08-15,09.9615,14,Stainless bars and light sections,Other countries,119
2026-08-15,09.9737,14,Stainless bars and light sections,FTA Quota – Other countries,462
2026-08-15,09.9894,15,Stainless wire rod,India,2016
2026-08-15,09.9895,15,Stainless wire rod,Taiwan,293
2026-08-15,09.9896,15,Stainless wire rod,Korea,676
2026-08-15,09.9897,15,Stainless wire rod,United Kingdom,635
2026-08-15,09.9898,15,Stainless wire rod,China,340
2026-08-15,09.9899,15,Stainless wire rod,Japan,14
2026-08-15,09.9516,15,Stainless wire rod,FTA Quota – CSQ,810
2026-08-15,09.9616,15,Stainless wire rod,Other countries,131
2026-08-15,09.9738,15,Stainless wire rod,FTA Quota – Other countries,91
2026-08-15,09.9900,16,Non-alloy & other alloy wire rod,Türkiye,0
2026-08-15,09.9901,16,Non-alloy & other alloy wire rod,Malaysia,21671
2026-08-15,09.9902,16,Non-alloy & other alloy wire rod,United Kingdom,34778
2026-08-15,09.9903,16,Non-alloy & other alloy wire rod,Ukraine,10029
2026-08-15,09.9904,16,Non-alloy & other alloy wire rod,Switzerland,9493
2026-08-15,09.9905,16,Non-alloy & other alloy wire rod,Viet Nam,15389
2026-08-15,09.9906,16,Non-alloy & other alloy wire rod,Moldova,16823
2026-08-15,09.9907,16,Non-alloy & other alloy wire rod,Egypt,2166
2026-08-15,09.9517,16,Non-alloy & other alloy wire rod,FTA Quota – CSQ,0
2026-08-15,09.9617,16,Non-alloy & other alloy wire rod,Other countries,37057
2026-08-15,09.9739,16,Non-alloy & other alloy wire rod,FTA Quota – Other countries,29419
2026-08-15,09.9740,16,Non-alloy & other alloy wire rod,Korea,2685
2026-08-15,09.9741,16,Non-alloy & other alloy wire rod,Japan,871
2026-08-15,09.9908,17,"Angles, shapes and sections of iron/non-alloy steel",Türkiye,653
2026-08-15,09.9909,17,"Angles, shapes and sections of iron/non-alloy steel",United Kingdom,4345
2026-08-15,09.9910,17,"Angles, shapes and sections of iron/non-alloy steel",Switzerland,2590
2026-08-15,09.9911,17,"Angles, shapes and sections of iron/non-alloy steel",United Arab Emirates,1491
2026-08-15,09.9518,17,"Angles, shapes and sections of iron/non-alloy steel",FTA Quota – CSQ,3032
2026-08-15,09.9618,17,"Angles, shapes and sections of iron/non-alloy steel",Other countries,2169
2026-08-15,09.9742,17,"Angles, shapes and sections of iron/non-alloy steel",FTA Quota – Other countries,1026
2026-08-15,09.9743,17,"Angles, shapes and sections of iron/non-alloy steel",Korea,1245
2026-08-15,09.9495,17,"Angles, shapes and sections of iron/non-alloy steel",United Kingdom (to Northern Ireland from other parts of the United Kingdom),11791
2026-08-15,09.9912,18,Sheet piling,China,0
2026-08-15,09.9913,18,Sheet piling,United Arab Emirates,2
2026-08-15,09.9914,18,Sheet piling,United Kingdom,1635
2026-08-15,09.9519,18,Sheet piling,FTA Quota – CSQ,1234
2026-08-15,09.9619,18,Sheet piling,Other countries,0
2026-08-15,09.9744,18,Sheet piling,FTA Quota – Other countries,1391
2026-08-15,09.9915,19,Railway material,United Kingdom,1262
2026-08-15,09.9916,19,Railway material,Türkiye,69
2026-08-15,09.9917,19,Railway material,China,0
2026-08-15,09.9520,19,Railway material,FTA Quota – CSQ,286
2026-08-15,09.9620,19,Railway material,Other countries,144
2026-08-15,09.9745,19,Railway material,FTA Quota – Other countries,140
2026-08-15,09.9918,20,Gas pipes,Türkiye,0
2026-08-15,09.9919,20,Gas pipes,India,0
2026-08-15,09.9920,20,Gas pipes,United Arab Emirates,2472
2026-08-15,09.9921,20,Gas pipes,North Macedonia,53
2026-08-15,09.9922,20,Gas pipes,United Kingdom,1785
2026-08-15,09.9521,20,Gas pipes,FTA Quota – CSQ,0
2026-08-15,09.9621,20,Gas pipes,Other countries,1
2026-08-15,09.9746,20,Gas pipes,FTA Quota – Other countries,1058
2026-08-15,09.9923,21,Hollow sections,Türkiye,0
2026-08-15,09.9924,21,Hollow sections,United Kingdom,12229
2026-08-15,09.9925,21,Hollow sections,North Macedonia,0
2026-08-15,09.9926,21,Hollow sections,China,0
2026-08-15,09.9927,21,Hollow sections,Ukraine,0
2026-08-15,09.9522,21,Hollow sections,FTA Quota – CSQ,0
2026-08-15,09.9622,21,Hollow sections,Other countries,0
2026-08-15,09.9747,21,Hollow sections,FTA Quota – Other countries,0
2026-08-15,09.9748,21,Hollow sections,Switzerland,452
2026-08-15,09.9928,22,Seamless stainless tubes and pipes,India,0
2026-08-15,09.9929,22,Seamless stainless tubes and pipes,Ukraine,499
2026-08-15,09.9930,22,Seamless stainless tubes and pipes,China,73
2026-08-15,09.9931,22,Seamless stainless tubes and pipes,Korea,429
2026-08-15,09.9523,22,Seamless stainless tubes and pipes,FTA Quota – CSQ,0
2026-08-15,09.9623,22,Seamless stainless tubes and pipes,Other countries,0
2026-08-15,09.9749,22,Seamless stainless tubes and pipes,FTA Quota – Other countries,23
2026-08-15,09.9750,22,Seamless stainless tubes and pipes,Japan,0
2026-08-15,09.9932,24,Other seamless tubes,China,0
2026-08-15,09.9933,24,Other seamless tubes,Ukraine,2983
2026-08-15,09.9934,24,Other seamless tubes,Brazil,5361
2026-08-15,09.9524,24,Other seamless tubes,FTA Quota – CSQ,3052
2026-08-15,09.9624,24,Other seamless tubes,Other countries,3470
2026-08-15,09.9751,24,Other seamless tubes,FTA Quota – Other countries,8939
2026-08-15,09.9752,24,Other seamless tubes,Argentina,1002
2026-08-15,09.9753,24,Other seamless tubes,Singapore,111
2026-08-15,09.9935,25.A,Large welded tubes,Türkiye,1947
2026-08-15,09.9936,25.A,Large welded tubes,Israel,834
2026-08-15,09.9937,25.A,Large welded tubes,China,0
2026-08-15,09.9938,25.A,Large welded tubes,India,0
2026-08-15,09.9525,25.A,Large welded tubes,FTA Quota – CSQ,1113
2026-08-15,09.9625,25.A,Large welded tubes,Other countries,425
2026-08-15,09.9754,25.A,Large welded tubes,FTA Quota – Other countries,584
2026-08-15,09.9496,25.A,Large welded tubes,United Kingdom (to Northern Ireland from other parts of the United Kingdom),14
2026-08-15,09.9939,25.B,Large welded tubes (line pipe),Türkiye,4164
2026-08-15,09.9940,25.B,Large welded tubes (line pipe),China,0
2026-08-15,09.9941,25.B,Large welded tubes (line pipe),United Kingdom,1393
2026-08-15,09.9942,25.B,Large welded tubes (line pipe),Algeria,0
2026-08-15,09.9526,25.B,Large welded tubes (line pipe),FTA Quota – CSQ,2030
2026-08-15,09.9626,25.B,Large welded tubes (line pipe),Other countries,0
2026-08-15,09.9755,25.B,Large welded tubes (line pipe),FTA Quota – Other countries,1120
2026-08-15,09.9756,25.B,Large welded tubes (line pipe),Singapore,21
2026-08-15,09.9943,26,Other welded tubes,Türkiye,0
2026-08-15,09.9944,26,Other welded tubes,Switzerland,10656
2026-08-15,09.9945,26,Other welded tubes,China,0
2026-08-15,09.9946,26,Other welded tubes,India,0
2026-08-15,09.9947,26,Other welded tubes,United Kingdom,2558
2026-08-15,09.9948,26,Other welded tubes,Taiwan,0
2026-08-15,09.9527,26,Other welded tubes,FTA Quota – CSQ,0
2026-08-15,09.9627,26,Other welded tubes,Other countries,546
2026-08-15,09.9757,26,Other welded tubes,FTA Quota – Other countries,1750
2026-08-15,09.9758,26,Other welded tubes,Singapore,0
2026-08-15,09.9949,27,Non-alloy & alloy cold finished bars,China,1109
2026-08-15,09.9950,27,Non-alloy & alloy cold finished bars,Türkiye,2465
2026-08-15,09.9951,27,Non-alloy & alloy cold finished bars,Switzerland,2721
2026-08-15,09.9952,27,Non-alloy & alloy cold finished bars,Ukraine,1282
2026-08-15,09.9528,27,Non-alloy & alloy cold finished bars,FTA Quota – CSQ,1491
2026-08-15,09.9628,27,Non-alloy & alloy cold finished bars,Other countries,378
2026-08-15,09.9759,27,Non-alloy & alloy cold finished bars,FTA Quota – Other countries,1610
2026-08-15,09.9953,27,Non-alloy & alloy cold finished bars,China,0
2026-08-15,09.9954,27,Non-alloy & alloy cold finished bars,Türkiye,0
2026-08-15,09.9955,27,Non-alloy & alloy cold finished bars,Ukraine,8294
2026-08-15,09.9529,27,Non-alloy & alloy cold finished bars,FTA Quota – CSQ,4496
2026-08-15,09.9629,27,Non-alloy & alloy cold finished bars,Other countries,0
2026-08-15,09.9760,27,Non-alloy & alloy cold finished bars,FTA Quota – Other countries,6750
2026-08-15,09.9497,27,Non-alloy & alloy cold finished bars,United Kingdom (to Northern Ireland from other parts of the United Kingdom),156
2026-08-16,09.9801,1.A,Non-alloy & other alloy hot rolled sheets/strips,Türkiye,0
2026-08-16,09.9802,1.A,Non-alloy & other alloy hot rolled sheets/strips,Japan,117559
2026-08-16,09.9803,1.A,Non-alloy & other alloy hot rolled sheets/strips,India,43766
2026-08-16,09.9804,1.A,Non-alloy & other alloy hot rolled sheets/strips,Taiwan,62693
2026-08-16,09.9805,1.A,Non-alloy & other alloy hot rolled sheets/strips,Ukraine,48448
2026-08-16,09.9806,1.A,Non-alloy & other alloy hot rolled sheets/strips,Korea,58211
2026-08-16,09.9807,1.A,Non-alloy & other alloy hot rolled sheets/strips,Viet Nam,46573
2026-08-16,09.9808,1.A,Non-alloy & other alloy hot rolled sheets/strips,Egypt,99402
2026-08-16,09.9809,1.A,Non-alloy & other alloy hot rolled sheets/strips,Serbia,39236
2026-08-16,09.9500,1.A,Non-alloy & other alloy hot rolled sheets/strips,FTA Quota – CSQ,0
2026-08-16,09.9701,1.A,Non-alloy & other alloy hot rolled sheets/strips,Brazil,42429
2026-08-16,09.9705,1.A,Non-alloy & other alloy hot rolled sheets/strips,United Kingdom,35956
2026-08-16,09.9702,1.A,Non-alloy & other alloy hot rolled sheets/strips,Indonesia,0
2026-08-16,09.9810,1.A,Non-alloy & other alloy hot rolled sheets/strips,Australia,11679
2026-08-16,09.9811,1.A,Non-alloy & other alloy hot rolled sheets/strips,Saudi Arabia,9545
2026-08-16,09.9704,1.A,Non-alloy & other alloy hot rolled sheets/strips,Switzerland,5311
2026-08-16,09.9812,1.A,Non-alloy & other alloy hot rolled sheets/strips,Kazakhstan,2349
2026-08-16,09.9703,1.A,Non-alloy & other alloy hot rolled sheets/strips,North Macedonia,985
2026-08-16,09.9600,1.A,Non-alloy & other alloy hot rolled sheets/strips,Other countries,0
2026-08-16,09.9700,1.A,Non-alloy & other alloy hot rolled sheets/strips,FTA Quota – Other countries,0
2026-08-16,09.9813,1.B,Non-alloy & other alloy hot rolled sheets/strips (7212 60),United Kingdom,246
2026-08-16,09.9814,1.B,Non-alloy & other alloy hot rolled sheets/strips (7212 60),United States,0
2026-08-16,09.9815,1.B,Non-alloy & other alloy hot rolled sheets/strips (7212 60),Japan,111
2026-08-16,09.9816,1.B,Non-alloy & other alloy hot rolled sheets/strips (7212 60),China,20
2026-08-16,09.9501,1.B,Non-alloy & other alloy hot rolled sheets/strips (7212 60),FTA Quota – CSQ,107
2026-08-16,09.9601,1.B,Non-alloy & other alloy hot rolled sheets/strips (7212 60),Other countries,40
2026-08-16,09.9706,1.B,Non-alloy & other alloy hot rolled sheets/strips (7212 60),FTA Quota – Other countries,49
2026-08-16,09.9817,2,Non-alloy & other alloy cold rolled sheets,Taiwan,33504
2026-08-16,09.9818,2,Non-alloy & other alloy cold rolled sheets,India,50891
2026-08-16,09.9819,2,Non-alloy & other alloy cold rolled sheets,Korea,21492
2026-08-16,09.9820,2,Non-alloy & other alloy cold rolled sheets,Türkiye,37224
2026-08-16,09.9821,2,Non-alloy & other alloy cold rolled sheets,United Kingdom,19589
2026-08-16,09.9822,2,Non-alloy & other alloy cold rolled sheets,Japan,28966
2026-08-16,09.9823,2,Non-alloy & other alloy cold rolled sheets,Ukraine,2603
2026-08-16,09.9502,2,Non-alloy & other alloy cold rolled sheets,FTA Quota – CSQ,33671
2026-08-16,09.9602,2,Non-alloy & other alloy cold rolled sheets,Other countries,0
2026-08-16,09.9707,2,Non-alloy & other alloy cold rolled sheets,FTA Quota – Other countries,8419
2026-08-16,09.9709,2,Non-alloy & other alloy cold rolled sheets,Egypt,441
2026-08-16,09.9710,2,Non-alloy & other alloy cold rolled sheets,Switzerland,392
2026-08-16,09.9708,2,Non-alloy & other alloy cold rolled sheets,Brazil,0
2026-08-16,09.9824,3.A,Electrical sheets (non grain-oriented),Japan,78
2026-08-16,09.9825,3.A,Electrical sheets (non grain-oriented),United Kingdom,20
2026-08-16,09.9826,3.A,Electrical sheets (non grain-oriented),China,5
2026-08-16,09.9827,3.A,Electrical sheets (non grain-oriented),Türkiye,9
2026-08-16,09.9503,3.A,Electrical sheets (non grain-oriented),FTA Quota – CSQ,29
2026-08-16,09.9603,3.A,Electrical sheets (non grain-oriented),Other countries,7
2026-08-16,09.9711,3.A,Electrical sheets (non grain-oriented),FTA Quota – Other countries,5
2026-08-16,09.9828,3.B,Electrical sheets (grain-oriented),China,0
2026-08-16,09.9829,3.B,Electrical sheets (grain-oriented),Taiwan,3916
2026-08-16,09.9830,3.B,Electrical sheets (grain-oriented),Korea,11375
2026-08-16,09.9831,3.B,Electrical sheets (grain-oriented),Viet Nam,6925
2026-08-16,09.9504,3.B,Electrical sheets (grain-oriented),FTA Quota – CSQ,4217
2026-08-16,09.9604,3.B,Electrical sheets (grain-oriented),Other countries,1477
2026-08-16,09.9712,3.B,Electrical sheets (grain-oriented),FTA Quota – Other countries,4078
2026-08-16,09.9713,3.B,Electrical sheets (grain-oriented),Japan,554
2026-08-16,09.9832,4.A,Metallic coated sheets,Viet Nam,97616
2026-08-16,09.9833,4.A,Metallic coated sheets,Taiwan,12157
2026-08-16,09.9834,4.A,Metallic coated sheets,Türkiye,0
2026-08-16,09.9835,4.A,Metallic coated sheets,India,37856
2026-08-16,09.9836,4.A,Metallic coated sheets,Korea,7858
2026-08-16,09.9505,4.A,Metallic coated sheets,FTA Quota – CSQ,0
2026-08-16,09.9605,4.A,Metallic coated sheets,Other countries,0
2026-08-16,09.9714,4.A,Metallic coated sheets,FTA Quota – Other countries,0
2026-08-16,09.9718,4.A,Metallic coated sheets,United Kingdom,1111
2026-08-16,09.9716,4.A,Metallic coated sheets,Japan,71
2026-08-16,09.9715,4.A,Metallic coated sheets,Egypt,2665
2026-08-16,09.9717,4.A,Metallic coated sheets,South Africa,3036
2026-08-16,09.9837,4.B,Metallic coated sheets (automotive),Korea,33682
2026-08-16,09.9838,4.B,Metallic coated sheets (automotive),China,0
2026-08-16,09.9839,4.B,Metallic coated sheets (automotive),United Kingdom,32715
2026-08-16,09.9840,4.B,Metallic coated sheets (automotive),Türkiye,0
2026-08-16,09.9841,4.B,Metallic coated sheets (automotive),India,23472
2026-08-16,09.9506,4.B,Metallic coated sheets (automotive),FTA Quota – CSQ,0
2026-08-16,09.9606,4.B,Metallic coated sheets (automotive),Other countries,0
2026-08-16,09.9719,4.B,Metallic coated sheets (automotive),FTA Quota – Other countries,2736
2026-08-16,09.9720,4.B,Metallic coated sheets (automotive),Egypt,1641
2026-08-16,09.9721,4.B,Metallic coated sheets (automotive),Switzerland,0
2026-08-16,09.9842,5,Organic coated sheets,India,0
2026-08-16,09.9843,5,Organic coated sheets,Korea,0
2026-08-16,09.9844,5,Organic coated sheets,Viet Nam,4422
2026-08-16,09.9845,5,Organic coated sheets,Türkiye,0
2026-08-16,09.9846,5,Organic coated sheets,Taiwan,95
2026-08-16,09.9847,5,Organic coated sheets,United Kingdom,4453
2026-08-16,09.9507,5,Organic coated sheets,FTA Quota – CSQ,0
2026-08-16,09.9607,5,Organic coated sheets,Other countries,0
2026-08-16,09.9722,5,Organic coated sheets,FTA Quota – Other countries,1490
2026-08-16,09.9723,5,Organic coated sheets,North Macedonia,0
2026-08-16,09.9848,6,Tin mill products,China,30338
2026-08-16,09.9849,6,Tin mill products,Serbia,9836
2026-08-16,09.9850,6,Tin mill products,United Kingdom,8983
2026-08-16,09.9851,6,Tin mill products,Türkiye,11574
2026-08-16,09.9852,6,Tin mill products,Korea,7274
2026-08-16,09.9853,6,Tin mill products,India,5914
2026-08-16,09.9508,6,Tin mill products,FTA Quota – CSQ,11255
2026-08-16,09.9608,6,Tin mill products,Other countries,0
2026-08-16,09.9724,6,Tin mill products,FTA Quota – Other countries,5168
2026-08-16,09.9725,6,Tin mill products,Japan,0
2026-08-16,09.9726,6,Tin mill products,Singapore,21
2026-08-16,09.9854,7,Non-alloy & other alloy quarto plates,Korea,0
2026-08-16,09.9855,7,Non-alloy & other alloy quarto plates,Indonesia,18577
2026-08-16,09.9856,7,Non-alloy & other alloy quarto plates,India,29648
2026-08-16,09.9857,7,Non-alloy & other alloy quarto plates,Japan,17441
2026-08-16,09.9858,7,Non-alloy & other alloy quarto plates,North Macedonia,4010
2026-08-16,09.9859,7,Non-alloy & other alloy quarto plates,United Kingdom,2620
2026-08-16,09.9509,7,Non-alloy & other alloy quarto plates,FTA Quota – CSQ,13967
2026-08-16,09.9609,7,Non-alloy & other alloy quarto plates,Other countries,0
2026-08-16,09.9727,7,Non-alloy & other alloy quarto plates,FTA Quota – Other countries,7090
2026-08-16,09.9728,7,Non-alloy & other alloy quarto plates,Türkiye,0
2026-08-16,09.9491,7,Non-alloy & other alloy quarto plates,United Kingdom (to Northern Ireland from other parts of the United Kingdom),3515
2026-08-16,09.9860,8,Stainless hot rolled sheets and strips,Taiwan,2085
2026-08-16,09.9861,8,Stainless hot rolled sheets and strips,Indonesia,8955
2026-08-16,09.9862,8,Stainless hot rolled sheets and strips,India,3666
2026-08-16,09.9863,8,Stainless hot rolled sheets and strips,China,2222
2026-08-16,09.9864,8,Stainless hot rolled sheets and strips,Korea,2082
2026-08-16,09.9865,8,Stainless hot rolled sheets and strips,Türkiye,3430
2026-08-16,09.9866,8,Stainless hot rolled sheets and strips,South Africa,1946
2026-08-16,09.9510,8,Stainless hot rolled sheets and strips,FTA Quota – CSQ,2806
2026-08-16,09.9610,8,Stainless hot rolled sheets and strips,Other countries,343
2026-08-16,09.9729,8,Stainless hot rolled sheets and strips,FTA Quota – Other countries,379
2026-08-16,09.9492,8,Stainless hot rolled sheets and strips,United Kingdom (to Northern Ireland from other parts of the United Kingdom),13
2026-08-16,09.9867,9,Stainless cold rolled sheets and strips,Taiwan,7053
2026-08-16,09.9868,9,Stainless cold rolled sheets and strips,China,7069
2026-08-16,09.9869,9,Stainless cold rolled sheets and strips,Korea,14946
2026-08-16,09.9870,9,Stainless cold rolled sheets and strips,Türkiye,8417
2026-08-16,09.9871,9,Stainless cold rolled sheets and strips,South Africa,7801
2026-08-16,09.9872,9,Stainless cold rolled sheets and strips,Viet Nam,6200
2026-08-16,09.9873,9,Stainless cold rolled sheets and strips,India,6196
2026-08-16,09.9511,9,Stainless cold rolled sheets and strips,FTA Quota – CSQ,9935
2026-08-16,09.9611,9,Stainless cold rolled sheets and strips,Other countries,2599
2026-08-16,09.9730,9,Stainless cold rolled sheets and strips,FTA Quota – Other countries,4752
2026-08-16,09.9731,9,Stainless cold rolled sheets and strips,Switzerland,135
2026-08-16,09.9493,9,Stainless cold rolled sheets and strips,United Kingdom (to Northern Ireland from other parts of the United Kingdom),29
2026-08-16,09.9874,10,Stainless hot rolled quarto plates,China,865
2026-08-16,09.9875,10,Stainless hot rolled quarto plates,India,678
2026-08-16,09.9876,10,Stainless hot rolled quarto plates,Korea,405
2026-08-16,09.9877,10,Stainless hot rolled quarto plates,South Africa,276
2026-08-16,09.9512,10,Stainless hot rolled quarto plates,FTA Quota – CSQ,279
2026-08-16,09.9612,10,Stainless hot rolled quarto plates,Other countries,156
2026-08-16,09.9732,10,Stainless hot rolled quarto plates,FTA Quota – Other countries,250
2026-08-16,09.9878,12,Non-alloy & other alloy merchant bars & light sections,China,13530
2026-08-16,09.9879,12,Non-alloy & other alloy merchant bars & light sections,Türkiye,33324
2026-08-16,09.9880,12,Non-alloy & other alloy merchant bars & light sections,United Kingdom,16061
2026-08-16,09.9881,12,Non-alloy & other alloy merchant bars & light sections,Switzerland,16170
2026-08-16,09.9882,12,Non-alloy & other alloy merchant bars & light sections,Korea,6695
2026-08-16,09.9883,12,Non-alloy & other alloy merchant bars & light sections,North Macedonia,6267
2026-08-16,09.9513,12,Non-alloy & other alloy merchant bars & light sections,FTA Quota – CSQ,14063
2026-08-16,09.9613,12,Non-alloy & other alloy merchant bars & light sections,Other countries,1212
2026-08-16,09.9733,12,Non-alloy & other alloy merchant bars & light sections,FTA Quota – Other countries,10474
2026-08-16,09.9734,12,Non-alloy & other alloy merchant bars & light sections,Brazil,2825
2026-08-16,09.9735,12,Non-alloy & other alloy merchant bars & light sections,Egypt,700
2026-08-16,09.9884,13,Rebars,Türkiye,0
2026-08-16,09.9885,13,Rebars,Egypt,24779
2026-08-16,09.9886,13,Rebars,Algeria,8480
2026-08-16,09.9887,13,Rebars,Moldova,7045
2026-08-16,09.9888,13,Rebars,China,4870
2026-08-16,09.9889,13,Rebars,Ukraine,6693
2026-08-16,09.9514,13,Rebars,FTA Quota – CSQ,0
2026-08-16,09.9614,13,Rebars,Other countries,13071
2026-08-16,09.9736,13,Rebars,FTA Quota – Other countries,9575
2026-08-16,09.9494,13,Rebars,United Kingdom (to Northern Ireland from other parts of the United Kingdom),1977
2026-08-16,09.9890,14,Stainless bars and light sections,India,0
2026-08-16,09.9891,14,Stainless bars and light sections,Switzerland,763
2026-08-16,09.9892,14,Stainless bars and light sections,United Kingdom,1105
2026-08-16,09.9893,14,Stainless bars and light sections,China,389
2026-08-16,09.9515,14,Stainless bars and light sections,FTA Quota – CSQ,0
2026-08-16,09.9615,14,Stainless bars and light sections,Other countries,119
2026-08-16,09.9737,14,Stainless bars and light sections,FTA Quota – Other countries,462
2026-08-16,09.9894,15,Stainless wire rod,India,2016
2026-08-16,09.9895,15,Stainless wire rod,Taiwan,293
2026-08-16,09.9896,15,Stainless wire rod,Korea,676
2026-08-16,09.9897,15,Stainless wire rod,United Kingdom,635
2026-08-16,09.9898,15,Stainless wire rod,China,340
2026-08-16,09.9899,15,Stainless wire rod,Japan,14
2026-08-16,09.9516,15,Stainless wire rod,FTA Quota – CSQ,810
2026-08-16,09.9616,15,Stainless wire rod,Other countries,131
2026-08-16,09.9738,15,Stainless wire rod,FTA Quota – Other countries,91
2026-08-16,09.9900,16,Non-alloy & other alloy wire rod,Türkiye,0
2026-08-16,09.9901,16,Non-alloy & other alloy wire rod,Malaysia,21671
2026-08-16,09.9902,16,Non-alloy & other alloy wire rod,United Kingdom,34778
2026-08-16,09.9903,16,Non-alloy & other alloy wire rod,Ukraine,10029
2026-08-16,09.9904,16,Non-alloy & other alloy wire rod,Switzerland,9493
2026-08-16,09.9905,16,Non-alloy & other alloy wire rod,Viet Nam,15389
2026-08-16,09.9906,16,Non-alloy & other alloy wire rod,Moldova,16823
2026-08-16,09.9907,16,Non-alloy & other alloy wire rod,Egypt,2166
2026-08-16,09.9517,16,Non-alloy & other alloy wire rod,FTA Quota – CSQ,0
2026-08-16,09.9617,16,Non-alloy & other alloy wire rod,Other countries,37057
2026-08-16,09.9739,16,Non-alloy & other alloy wire rod,FTA Quota – Other countries,29419
2026-08-16,09.9740,16,Non-alloy & other alloy wire rod,Korea,2685
2026-08-16,09.9741,16,Non-alloy & other alloy wire rod,Japan,871
2026-08-16,09.9908,17,"Angles, shapes and sections of iron/non-alloy steel",Türkiye,653
2026-08-16,09.9909,17,"Angles, shapes and sections of iron/non-alloy steel",United Kingdom,4345
2026-08-16,09.9910,17,"Angles, shapes and sections of iron/non-alloy steel",Switzerland,2590
2026-08-16,09.9911,17,"Angles, shapes and sections of iron/non-alloy steel",United Arab Emirates,1491
2026-08-16,09.9518,17,"Angles, shapes and sections of iron/non-alloy steel",FTA Quota – CSQ,3032
2026-08-16,09.9618,17,"Angles, shapes and sections of iron/non-alloy steel",Other countries,2169
2026-08-16,09.9742,17,"Angles, shapes and sections of iron/non-alloy steel",FTA Quota – Other countries,1026
2026-08-16,09.9743,17,"Angles, shapes and sections of iron/non-alloy steel",Korea,1245
2026-08-16,09.9495,17,"Angles, shapes and sections of iron/non-alloy steel",United Kingdom (to Northern Ireland from other parts of the United Kingdom),11791
2026-08-16,09.9912,18,Sheet piling,China,0
2026-08-16,09.9913,18,Sheet piling,United Arab Emirates,2
2026-08-16,09.9914,18,Sheet piling,United Kingdom,1635
2026-08-16,09.9519,18,Sheet piling,FTA Quota – CSQ,1234
2026-08-16,09.9619,18,Sheet piling,Other countries,0
2026-08-16,09.9744,18,Sheet piling,FTA Quota – Other countries,1391
2026-08-16,09.9915,19,Railway material,United Kingdom,1262
2026-08-16,09.9916,19,Railway material,Türkiye,69
2026-08-16,09.9917,19,Railway material,China,0
2026-08-16,09.9520,19,Railway material,FTA Quota – CSQ,286
2026-08-16,09.9620,19,Railway material,Other countries,144
2026-08-16,09.9745,19,Railway material,FTA Quota – Other countries,140
2026-08-16,09.9918,20,Gas pipes,Türkiye,0
2026-08-16,09.9919,20,Gas pipes,India,0
2026-08-16,09.9920,20,Gas pipes,United Arab Emirates,2472
2026-08-16,09.9921,20,Gas pipes,North Macedonia,53
2026-08-16,09.9922,20,Gas pipes,United Kingdom,1785
2026-08-16,09.9521,20,Gas pipes,FTA Quota – CSQ,0
2026-08-16,09.9621,20,Gas pipes,Other countries,1
2026-08-16,09.9746,20,Gas pipes,FTA Quota – Other countries,1058
2026-08-16,09.9923,21,Hollow sections,Türkiye,0
2026-08-16,09.9924,21,Hollow sections,United Kingdom,12229
2026-08-16,09.9925,21,Hollow sections,North Macedonia,0
2026-08-16,09.9926,21,Hollow sections,China,0
2026-08-16,09.9927,21,Hollow sections,Ukraine,0
2026-08-16,09.9522,21,Hollow sections,FTA Quota – CSQ,0
2026-08-16,09.9622,21,Hollow sections,Other countries,0
2026-08-16,09.9747,21,Hollow sections,FTA Quota – Other countries,0
2026-08-16,09.9748,21,Hollow sections,Switzerland,452
2026-08-16,09.9928,22,Seamless stainless tubes and pipes,India,0
2026-08-16,09.9929,22,Seamless stainless tubes and pipes,Ukraine,499
2026-08-16,09.9930,22,Seamless stainless tubes and pipes,China,73
2026-08-16,09.9931,22,Seamless stainless tubes and pipes,Korea,429
2026-08-16,09.9523,22,Seamless stainless tubes and pipes,FTA Quota – CSQ,0
2026-08-16,09.9623,22,Seamless stainless tubes and pipes,Other countries,0
2026-08-16,09.9749,22,Seamless stainless tubes and pipes,FTA Quota – Other countries,23
2026-08-16,09.9750,22,Seamless stainless tubes and pipes,Japan,0
2026-08-16,09.9932,24,Other seamless tubes,China,0
2026-08-16,09.9933,24,Other seamless tubes,Ukraine,2983
2026-08-16,09.9934,24,Other seamless tubes,Brazil,5361
2026-08-16,09.9524,24,Other seamless tubes,FTA Quota – CSQ,3052
2026-08-16,09.9624,24,Other seamless tubes,Other countries,3470
2026-08-16,09.9751,24,Other seamless tubes,FTA Quota – Other countries,8939
2026-08-16,09.9752,24,Other seamless tubes,Argentina,1002
2026-08-16,09.9753,24,Other seamless tubes,Singapore,111
2026-08-16,09.9935,25.A,Large welded tubes,Türkiye,1947
2026-08-16,09.9936,25.A,Large welded tubes,Israel,834
2026-08-16,09.9937,25.A,Large welded tubes,China,0
2026-08-16,09.9938,25.A,Large welded tubes,India,0
2026-08-16,09.9525,25.A,Large welded tubes,FTA Quota – CSQ,1113
2026-08-16,09.9625,25.A,Large welded tubes,Other countries,425
2026-08-16,09.9754,25.A,Large welded tubes,FTA Quota – Other countries,584
2026-08-16,09.9496,25.A,Large welded tubes,United Kingdom (to Northern Ireland from other parts of the United Kingdom),14
2026-08-16,09.9939,25.B,Large welded tubes (line pipe),Türkiye,4164
2026-08-16,09.9940,25.B,Large welded tubes (line pipe),China,0
2026-08-16,09.9941,25.B,Large welded tubes (line pipe),United Kingdom,1393
2026-08-16,09.9942,25.B,Large welded tubes (line pipe),Algeria,0
2026-08-16,09.9526,25.B,Large welded tubes (line pipe),FTA Quota – CSQ,2030
2026-08-16,09.9626,25.B,Large welded tubes (line pipe),Other countries,0
2026-08-16,09.9755,25.B,Large welded tubes (line pipe),FTA Quota – Other countries,1120
2026-08-16,09.9756,25.B,Large welded tubes (line pipe),Singapore,21
2026-08-16,09.9943,26,Other welded tubes,Türkiye,0
2026-08-16,09.9944,26,Other welded tubes,Switzerland,10656
2026-08-16,09.9945,26,Other welded tubes,China,0
2026-08-16,09.9946,26,Other welded tubes,India,0
2026-08-16,09.9947,26,Other welded tubes,United Kingdom,2558
2026-08-16,09.9948,26,Other welded tubes,Taiwan,0
2026-08-16,09.9527,26,Other welded tubes,FTA Quota – CSQ,0
2026-08-16,09.9627,26,Other welded tubes,Other countries,546
2026-08-16,09.9757,26,Other welded tubes,FTA Quota – Other countries,1750
2026-08-16,09.9758,26,Other welded tubes,Singapore,0
2026-08-16,09.9949,27,Non-alloy & alloy cold finished bars,China,1109
2026-08-16,09.9950,27,Non-alloy & alloy cold finished bars,Türkiye,2465
2026-08-16,09.9951,27,Non-alloy & alloy cold finished bars,Switzerland,2721
2026-08-16,09.9952,27,Non-alloy & alloy cold finished bars,Ukraine,1282
2026-08-16,09.9528,27,Non-alloy & alloy cold finished bars,FTA Quota – CSQ,1491
2026-08-16,09.9628,27,Non-alloy & alloy cold finished bars,Other countries,378
2026-08-16,09.9759,27,Non-alloy & alloy cold finished bars,FTA Quota – Other countries,1610
2026-08-16,09.9953,27,Non-alloy & alloy cold finished bars,China,0
2026-08-16,09.9954,27,Non-alloy & alloy cold finished bars,Türkiye,0
2026-08-16,09.9955,27,Non-alloy & alloy cold finished bars,Ukraine,8294
2026-08-16,09.9529,27,Non-alloy & alloy cold finished bars,FTA Quota – CSQ,4496
2026-08-16,09.9629,27,Non-alloy & alloy cold finished bars,Other countries,0
2026-08-16,09.9760,27,Non-alloy & alloy cold finished bars,FTA Quota – Other countries,6750
2026-08-16,09.9497,27,Non-alloy & alloy cold finished bars,United Kingdom (to Northern Ireland from other parts of the United Kingdom),156
2026-08-17,09.9801,1.A,Non-alloy & other alloy hot rolled sheets/strips,Türkiye,0
2026-08-17,09.9802,1.A,Non-alloy & other alloy hot rolled sheets/strips,Japan,117559
2026-08-17,09.9803,1.A,Non-alloy & other alloy hot rolled sheets/strips,India,38357
2026-08-17,09.9804,1.A,Non-alloy & other alloy hot rolled sheets/strips,Taiwan,62693
2026-08-17,09.9805,1.A,Non-alloy & other alloy hot rolled sheets/strips,Ukraine,47436
2026-08-17,09.9806,1.A,Non-alloy & other alloy hot rolled sheets/strips,Korea,58211
2026-08-17,09.9807,1.A,Non-alloy & other alloy hot rolled sheets/strips,Viet Nam,46573
2026-08-17,09.9808,1.A,Non-alloy & other alloy hot rolled sheets/strips,Egypt,99402
2026-08-17,09.9809,1.A,Non-alloy & other alloy hot rolled sheets/strips,Serbia,39173
2026-08-17,09.9500,1.A,Non-alloy & other alloy hot rolled sheets/strips,FTA Quota – CSQ,0
2026-08-17,09.9701,1.A,Non-alloy & other alloy hot rolled sheets/strips,Brazil,42429
2026-08-17,09.9705,1.A,Non-alloy & other alloy hot rolled sheets/strips,United Kingdom,35946
2026-08-17,09.9702,1.A,Non-alloy & other alloy hot rolled sheets/strips,Indonesia,0
2026-08-17,09.9810,1.A,Non-alloy & other alloy hot rolled sheets/strips,Australia,11679
2026-08-17,09.9811,1.A,Non-alloy & other alloy hot rolled sheets/strips,Saudi Arabia,9545
2026-08-17,09.9704,1.A,Non-alloy & other alloy hot rolled sheets/strips,Switzerland,5310
2026-08-17,09.9812,1.A,Non-alloy & other alloy hot rolled sheets/strips,Kazakhstan,2349
2026-08-17,09.9703,1.A,Non-alloy & other alloy hot rolled sheets/strips,North Macedonia,966
2026-08-17,09.9600,1.A,Non-alloy & other alloy hot rolled sheets/strips,Other countries,0
2026-08-17,09.9700,1.A,Non-alloy & other alloy hot rolled sheets/strips,FTA Quota – Other countries,0
2026-08-17,09.9813,1.B,Non-alloy & other alloy hot rolled sheets/strips (7212 60),United Kingdom,246
2026-08-17,09.9814,1.B,Non-alloy & other alloy hot rolled sheets/strips (7212 60),United States,0
2026-08-17,09.9815,1.B,Non-alloy & other alloy hot rolled sheets/strips (7212 60),Japan,111
2026-08-17,09.9816,1.B,Non-alloy & other alloy hot rolled sheets/strips (7212 60),China,20
2026-08-17,09.9501,1.B,Non-alloy & other alloy hot rolled sheets/strips (7212 60),FTA Quota – CSQ,107
2026-08-17,09.9601,1.B,Non-alloy & other alloy hot rolled sheets/strips (7212 60),Other countries,40
2026-08-17,09.9706,1.B,Non-alloy & other alloy hot rolled sheets/strips (7212 60),FTA Quota – Other countries,49
2026-08-17,09.9817,2,Non-alloy & other alloy cold rolled sheets,Taiwan,33504
2026-08-17,09.9818,2,Non-alloy & other alloy cold rolled sheets,India,50864
2026-08-17,09.9819,2,Non-alloy & other alloy cold rolled sheets,Korea,21441
2026-08-17,09.9820,2,Non-alloy & other alloy cold rolled sheets,Türkiye,37117
2026-08-17,09.9821,2,Non-alloy & other alloy cold rolled sheets,United Kingdom,19563
2026-08-17,09.9822,2,Non-alloy & other alloy cold rolled sheets,Japan,28913
2026-08-17,09.9823,2,Non-alloy & other alloy cold rolled sheets,Ukraine,2485
2026-08-17,09.9502,2,Non-alloy & other alloy cold rolled sheets,FTA Quota – CSQ,33671
2026-08-17,09.9602,2,Non-alloy & other alloy cold rolled sheets,Other countries,0
2026-08-17,09.9707,2,Non-alloy & other alloy cold rolled sheets,FTA Quota – Other countries,8419
2026-08-17,09.9709,2,Non-alloy & other alloy cold rolled sheets,Egypt,441
2026-08-17,09.9710,2,Non-alloy & other alloy cold rolled sheets,Switzerland,391
2026-08-17,09.9708,2,Non-alloy & other alloy cold rolled sheets,Brazil,0
2026-08-17,09.9824,3.A,Electrical sheets (non grain-oriented),Japan,78
2026-08-17,09.9825,3.A,Electrical sheets (non grain-oriented),United Kingdom,20
2026-08-17,09.9826,3.A,Electrical sheets (non grain-oriented),China,5
2026-08-17,09.9827,3.A,Electrical sheets (non grain-oriented),Türkiye,9
2026-08-17,09.9503,3.A,Electrical sheets (non grain-oriented),FTA Quota – CSQ,29
2026-08-17,09.9603,3.A,Electrical sheets (non grain-oriented),Other countries,7
2026-08-17,09.9711,3.A,Electrical sheets (non grain-oriented),FTA Quota – Other countries,5
2026-08-17,09.9828,3.B,Electrical sheets (grain-oriented),China,0
2026-08-17,09.9829,3.B,Electrical sheets (grain-oriented),Taiwan,3916
2026-08-17,09.9830,3.B,Electrical sheets (grain-oriented),Korea,11375
2026-08-17,09.9831,3.B,Electrical sheets (grain-oriented),Viet Nam,6925
2026-08-17,09.9504,3.B,Electrical sheets (grain-oriented),FTA Quota – CSQ,4217
2026-08-17,09.9604,3.B,Electrical sheets (grain-oriented),Other countries,1477
2026-08-17,09.9712,3.B,Electrical sheets (grain-oriented),FTA Quota – Other countries,4078
2026-08-17,09.9713,3.B,Electrical sheets (grain-oriented),Japan,554
2026-08-17,09.9832,4.A,Metallic coated sheets,Viet Nam,97616
2026-08-17,09.9833,4.A,Metallic coated sheets,Taiwan,2916
2026-08-17,09.9834,4.A,Metallic coated sheets,Türkiye,0
2026-08-17,09.9835,4.A,Metallic coated sheets,India,37594
2026-08-17,09.9836,4.A,Metallic coated sheets,Korea,7790
2026-08-17,09.9505,4.A,Metallic coated sheets,FTA Quota – CSQ,0
2026-08-17,09.9605,4.A,Metallic coated sheets,Other countries,0
2026-08-17,09.9714,4.A,Metallic coated sheets,FTA Quota – Other countries,0
2026-08-17,09.9718,4.A,Metallic coated sheets,United Kingdom,735
2026-08-17,09.9716,4.A,Metallic coated sheets,Japan,71
2026-08-17,09.9715,4.A,Metallic coated sheets,Egypt,2665
2026-08-17,09.9717,4.A,Metallic coated sheets,South Africa,3036
2026-08-17,09.9837,4.B,Metallic coated sheets (automotive),Korea,33391
2026-08-17,09.9838,4.B,Metallic coated sheets (automotive),China,0
2026-08-17,09.9839,4.B,Metallic coated sheets (automotive),United Kingdom,32665
2026-08-17,09.9840,4.B,Metallic coated sheets (automotive),Türkiye,0
2026-08-17,09.9841,4.B,Metallic coated sheets (automotive),India,23472
2026-08-17,09.9506,4.B,Metallic coated sheets (automotive),FTA Quota – CSQ,0
2026-08-17,09.9606,4.B,Metallic coated sheets (automotive),Other countries,0
2026-08-17,09.9719,4.B,Metallic coated sheets (automotive),FTA Quota – Other countries,2611
2026-08-17,09.9720,4.B,Metallic coated sheets (automotive),Egypt,1641
2026-08-17,09.9721,4.B,Metallic coated sheets (automotive),Switzerland,0
2026-08-17,09.9842,5,Organic coated sheets,India,0
2026-08-17,09.9843,5,Organic coated sheets,Korea,0
2026-08-17,09.9844,5,Organic coated sheets,Viet Nam,4422
2026-08-17,09.9845,5,Organic coated sheets,Türkiye,0
2026-08-17,09.9846,5,Organic coated sheets,Taiwan,95
2026-08-17,09.9847,5,Organic coated sheets,United Kingdom,4372
2026-08-17,09.9507,5,Organic coated sheets,FTA Quota – CSQ,0
2026-08-17,09.9607,5,Organic coated sheets,Other countries,0
2026-08-17,09.9722,5,Organic coated sheets,FTA Quota – Other countries,1467
2026-08-17,09.9723,5,Organic coated sheets,North Macedonia,0
2026-08-17,09.9848,6,Tin mill products,China,30336
2026-08-17,09.9849,6,Tin mill products,Serbia,9745
2026-08-17,09.9850,6,Tin mill products,United Kingdom,8835
2026-08-17,09.9851,6,Tin mill products,Türkiye,11574
2026-08-17,09.9852,6,Tin mill products,Korea,7151
2026-08-17,09.9853,6,Tin mill products,India,5860
2026-08-17,09.9508,6,Tin mill products,FTA Quota – CSQ,11255
2026-08-17,09.9608,6,Tin mill products,Other countries,0
2026-08-17,09.9724,6,Tin mill products,FTA Quota – Other countries,4765
2026-08-17,09.9725,6,Tin mill products,Japan,0
2026-08-17,09.9726,6,Tin mill products,Singapore,21
2026-08-17,09.9854,7,Non-alloy & other alloy quarto plates,Korea,0
2026-08-17,09.9855,7,Non-alloy & other alloy quarto plates,Indonesia,18223
2026-08-17,09.9856,7,Non-alloy & other alloy quarto plates,India,26230
2026-08-17,09.9857,7,Non-alloy & other alloy quarto plates,Japan,17441
2026-08-17,09.9858,7,Non-alloy & other alloy quarto plates,North Macedonia,3901
2026-08-17,09.9859,7,Non-alloy & other alloy quarto plates,United Kingdom,2542
2026-08-17,09.9509,7,Non-alloy & other alloy quarto plates,FTA Quota – CSQ,13967
2026-08-17,09.9609,7,Non-alloy & other alloy quarto plates,Other countries,0
2026-08-17,09.9727,7,Non-alloy & other alloy quarto plates,FTA Quota – Other countries,7076
2026-08-17,09.9728,7,Non-alloy & other alloy quarto plates,Türkiye,0
2026-08-17,09.9491,7,Non-alloy & other alloy quarto plates,United Kingdom (to Northern Ireland from other parts of the United Kingdom),3438
2026-08-17,09.9860,8,Stainless hot rolled sheets and strips,Taiwan,2085
2026-08-17,09.9861,8,Stainless hot rolled sheets and strips,Indonesia,8955
2026-08-17,09.9862,8,Stainless hot rolled sheets and strips,India,3666
2026-08-17,09.9863,8,Stainless hot rolled sheets and strips,China,2222
2026-08-17,09.9864,8,Stainless hot rolled sheets and strips,Korea,2082
2026-08-17,09.9865,8,Stainless hot rolled sheets and strips,Türkiye,3430
2026-08-17,09.9866,8,Stainless hot rolled sheets and strips,South Africa,1927
2026-08-17,09.9510,8,Stainless hot rolled sheets and strips,FTA Quota – CSQ,2806
2026-08-17,09.9610,8,Stainless hot rolled sheets and strips,Other countries,341
2026-08-17,09.9729,8,Stainless hot rolled sheets and strips,FTA Quota – Other countries,376
2026-08-17,09.9492,8,Stainless hot rolled sheets and strips,United Kingdom (to Northern Ireland from other parts of the United Kingdom),13
2026-08-17,09.9867,9,Stainless cold rolled sheets and strips,Taiwan,7053
2026-08-17,09.9868,9,Stainless cold rolled sheets and strips,China,7027
2026-08-17,09.9869,9,Stainless cold rolled sheets and strips,Korea,14727
2026-08-17,09.9870,9,Stainless cold rolled sheets and strips,Türkiye,8372
2026-08-17,09.9871,9,Stainless cold rolled sheets and strips,South Africa,7801
2026-08-17,09.9872,9,Stainless cold rolled sheets and strips,Viet Nam,6138
2026-08-17,09.9873,9,Stainless cold rolled sheets and strips,India,6192
2026-08-17,09.9511,9,Stainless cold rolled sheets and strips,FTA Quota – CSQ,9935
2026-08-17,09.9611,9,Stainless cold rolled sheets and strips,Other countries,2508
2026-08-17,09.9730,9,Stainless cold rolled sheets and strips,FTA Quota – Other countries,4676
2026-08-17,09.9731,9,Stainless cold rolled sheets and strips,Switzerland,135
2026-08-17,09.9493,9,Stainless cold rolled sheets and strips,United Kingdom (to Northern Ireland from other parts of the United Kingdom),29
2026-08-17,09.9874,10,Stainless hot rolled quarto plates,China,865
2026-08-17,09.9875,10,Stainless hot rolled quarto plates,India,678
2026-08-17,09.9876,10,Stainless hot rolled quarto plates,Korea,405
2026-08-17,09.9877,10,Stainless hot rolled quarto plates,South Africa,276
2026-08-17,09.9512,10,Stainless hot rolled quarto plates,FTA Quota – CSQ,279
2026-08-17,09.9612,10,Stainless hot rolled quarto plates,Other countries,156
2026-08-17,09.9732,10,Stainless hot rolled quarto plates,FTA Quota – Other countries,250
2026-08-17,09.9878,12,Non-alloy & other alloy merchant bars & light sections,China,12286
2026-08-17,09.9879,12,Non-alloy & other alloy merchant bars & light sections,Türkiye,30119
2026-08-17,09.9880,12,Non-alloy & other alloy merchant bars & light sections,United Kingdom,15813
2026-08-17,09.9881,12,Non-alloy & other alloy merchant bars & light sections,Switzerland,16097
2026-08-17,09.9882,12,Non-alloy & other alloy merchant bars & light sections,Korea,6656
2026-08-17,09.9883,12,Non-alloy & other alloy merchant bars & light sections,North Macedonia,6195
2026-08-17,09.9513,12,Non-alloy & other alloy merchant bars & light sections,FTA Quota – CSQ,14063
2026-08-17,09.9613,12,Non-alloy & other alloy merchant bars & light sections,Other countries,1182
2026-08-17,09.9733,12,Non-alloy & other alloy merchant bars & light sections,FTA Quota – Other countries,10474
2026-08-17,09.9734,12,Non-alloy & other alloy merchant bars & light sections,Brazil,2825
2026-08-17,09.9735,12,Non-alloy & other alloy merchant bars & light sections,Egypt,700
2026-08-17,09.9884,13,Rebars,Türkiye,0
2026-08-17,09.9885,13,Rebars,Egypt,24779
2026-08-17,09.9886,13,Rebars,Algeria,8480
2026-08-17,09.9887,13,Rebars,Moldova,6846
2026-08-17,09.9888,13,Rebars,China,4870
2026-08-17,09.9889,13,Rebars,Ukraine,6693
2026-08-17,09.9514,13,Rebars,FTA Quota – CSQ,0
2026-08-17,09.9614,13,Rebars,Other countries,13071
2026-08-17,09.9736,13,Rebars,FTA Quota – Other countries,9575
2026-08-17,09.9494,13,Rebars,United Kingdom (to Northern Ireland from other parts of the United Kingdom),1977
2026-08-17,09.9890,14,Stainless bars and light sections,India,0
2026-08-17,09.9891,14,Stainless bars and light sections,Switzerland,752
2026-08-17,09.9892,14,Stainless bars and light sections,United Kingdom,1100
2026-08-17,09.9893,14,Stainless bars and light sections,China,340
2026-08-17,09.9515,14,Stainless bars and light sections,FTA Quota – CSQ,0
2026-08-17,09.9615,14,Stainless bars and light sections,Other countries,84
2026-08-17,09.9737,14,Stainless bars and light sections,FTA Quota – Other countries,462
2026-08-17,09.9894,15,Stainless wire rod,India,2016
2026-08-17,09.9895,15,Stainless wire rod,Taiwan,275
2026-08-17,09.9896,15,Stainless wire rod,Korea,676
2026-08-17,09.9897,15,Stainless wire rod,United Kingdom,615
2026-08-17,09.9898,15,Stainless wire rod,China,340
2026-08-17,09.9899,15,Stainless wire rod,Japan,14
2026-08-17,09.9516,15,Stainless wire rod,FTA Quota – CSQ,810
2026-08-17,09.9616,15,Stainless wire rod,Other countries,131
2026-08-17,09.9738,15,Stainless wire rod,FTA Quota – Other countries,91
2026-08-17,09.9900,16,Non-alloy & other alloy wire rod,Türkiye,0
2026-08-17,09.9901,16,Non-alloy & other alloy wire rod,Malaysia,21671
2026-08-17,09.9902,16,Non-alloy & other alloy wire rod,United Kingdom,34487
2026-08-17,09.9903,16,Non-alloy & other alloy wire rod,Ukraine,10006
2026-08-17,09.9904,16,Non-alloy & other alloy wire rod,Switzerland,9203
2026-08-17,09.9905,16,Non-alloy & other alloy wire rod,Viet Nam,15389
2026-08-17,09.9906,16,Non-alloy & other alloy wire rod,Moldova,16780
2026-08-17,09.9907,16,Non-alloy & other alloy wire rod,Egypt,2166
2026-08-17,09.9517,16,Non-alloy & other alloy wire rod,FTA Quota – CSQ,0
2026-08-17,09.9617,16,Non-alloy & other alloy wire rod,Other countries,34261
2026-08-17,09.9739,16,Non-alloy & other alloy wire rod,FTA Quota – Other countries,29412
2026-08-17,09.9740,16,Non-alloy & other alloy wire rod,Korea,2685
2026-08-17,09.9741,16,Non-alloy & other alloy wire rod,Japan,871
2026-08-17,09.9908,17,"Angles, shapes and sections of iron/non-alloy steel",Türkiye,627
2026-08-17,09.9909,17,"Angles, shapes and sections of iron/non-alloy steel",United Kingdom,4325
2026-08-17,09.9910,17,"Angles, shapes and sections of iron/non-alloy steel",Switzerland,2590
2026-08-17,09.9911,17,"Angles, shapes and sections of iron/non-alloy steel",United Arab Emirates,1491
2026-08-17,09.9518,17,"Angles, shapes and sections of iron/non-alloy steel",FTA Quota – CSQ,3032
2026-08-17,09.9618,17,"Angles, shapes and sections of iron/non-alloy steel",Other countries,2169
2026-08-17,09.9742,17,"Angles, shapes and sections of iron/non-alloy steel",FTA Quota – Other countries,1026
2026-08-17,09.9743,17,"Angles, shapes and sections of iron/non-alloy steel",Korea,1245
2026-08-17,09.9495,17,"Angles, shapes and sections of iron/non-alloy steel",United Kingdom (to Northern Ireland from other parts of the United Kingdom),11714
2026-08-17,09.9912,18,Sheet piling,China,0
2026-08-17,09.9913,18,Sheet piling,United Arab Emirates,2
2026-08-17,09.9914,18,Sheet piling,United Kingdom,1635
2026-08-17,09.9519,18,Sheet piling,FTA Quota – CSQ,1234
2026-08-17,09.9619,18,Sheet piling,Other countries,0
2026-08-17,09.9744,18,Sheet piling,FTA Quota – Other countries,1375
2026-08-17,09.9915,19,Railway material,United Kingdom,1213
2026-08-17,09.9916,19,Railway material,Türkiye,69
2026-08-17,09.9917,19,Railway material,China,0
2026-08-17,09.9520,19,Railway material,FTA Quota – CSQ,286
2026-08-17,09.9620,19,Railway material,Other countries,144
2026-08-17,09.9745,19,Railway material,FTA Quota – Other countries,140
2026-08-17,09.9918,20,Gas pipes,Türkiye,0
2026-08-17,09.9919,20,Gas pipes,India,0
2026-08-17,09.9920,20,Gas pipes,United Arab Emirates,2472
2026-08-17,09.9921,20,Gas pipes,North Macedonia,53
2026-08-17,09.9922,20,Gas pipes,United Kingdom,1762
2026-08-17,09.9521,20,Gas pipes,FTA Quota – CSQ,0
2026-08-17,09.9621,20,Gas pipes,Other countries,1
2026-08-17,09.9746,20,Gas pipes,FTA Quota – Other countries,1056
2026-08-17,09.9923,21,Hollow sections,Türkiye,0
2026-08-17,09.9924,21,Hollow sections,United Kingdom,12102
2026-08-17,09.9925,21,Hollow sections,North Macedonia,0
2026-08-17,09.9926,21,Hollow sections,China,0
2026-08-17,09.9927,21,Hollow sections,Ukraine,0
2026-08-17,09.9522,21,Hollow sections,FTA Quota – CSQ,0
2026-08-17,09.9622,21,Hollow sections,Other countries,0
2026-08-17,09.9747,21,Hollow sections,FTA Quota – Other countries,0
2026-08-17,09.9748,21,Hollow sections,Switzerland,451
2026-08-17,09.9928,22,Seamless stainless tubes and pipes,India,0
2026-08-17,09.9929,22,Seamless stainless tubes and pipes,Ukraine,492
2026-08-17,09.9930,22,Seamless stainless tubes and pipes,China,70
2026-08-17,09.9931,22,Seamless stainless tubes and pipes,Korea,413
2026-08-17,09.9523,22,Seamless stainless tubes and pipes,FTA Quota – CSQ,0
2026-08-17,09.9623,22,Seamless stainless tubes and pipes,Other countries,0
2026-08-17,09.9749,22,Seamless stainless tubes and pipes,FTA Quota – Other countries,23
2026-08-17,09.9750,22,Seamless stainless tubes and pipes,Japan,0
2026-08-17,09.9932,24,Other seamless tubes,China,0
2026-08-17,09.9933,24,Other seamless tubes,Ukraine,2737
2026-08-17,09.9934,24,Other seamless tubes,Brazil,5300
2026-08-17,09.9524,24,Other seamless tubes,FTA Quota – CSQ,3052
2026-08-17,09.9624,24,Other seamless tubes,Other countries,3342
2026-08-17,09.9751,24,Other seamless tubes,FTA Quota – Other countries,8878
2026-08-17,09.9752,24,Other seamless tubes,Argentina,989
2026-08-17,09.9753,24,Other seamless tubes,Singapore,110
2026-08-17,09.9935,25.A,Large welded tubes,Türkiye,1947
2026-08-17,09.9936,25.A,Large welded tubes,Israel,834
2026-08-17,09.9937,25.A,Large welded tubes,China,0
2026-08-17,09.9938,25.A,Large welded tubes,India,0
2026-08-17,09.9525,25.A,Large welded tubes,FTA Quota – CSQ,1113
2026-08-17,09.9625,25.A,Large welded tubes,Other countries,425
2026-08-17,09.9754,25.A,Large welded tubes,FTA Quota – Other countries,584
2026-08-17,09.9496,25.A,Large welded tubes,United Kingdom (to Northern Ireland from other parts of the United Kingdom),14
2026-08-17,09.9939,25.B,Large welded tubes (line pipe),Türkiye,4164
2026-08-17,09.9940,25.B,Large welded tubes (line pipe),China,0
2026-08-17,09.9941,25.B,Large welded tubes (line pipe),United Kingdom,1393
2026-08-17,09.9942,25.B,Large welded tubes (line pipe),Algeria,0
2026-08-17,09.9526,25.B,Large welded tubes (line pipe),FTA Quota – CSQ,2030
2026-08-17,09.9626,25.B,Large welded tubes (line pipe),Other countries,0
2026-08-17,09.9755,25.B,Large welded tubes (line pipe),FTA Quota – Other countries,1115
2026-08-17,09.9756,25.B,Large welded tubes (line pipe),Singapore,21
2026-08-17,09.9943,26,Other welded tubes,Türkiye,0
2026-08-17,09.9944,26,Other welded tubes,Switzerland,10640
2026-08-17,09.9945,26,Other welded tubes,China,0
2026-08-17,09.9946,26,Other welded tubes,India,0
2026-08-17,09.9947,26,Other welded tubes,United Kingdom,2536
2026-08-17,09.9948,26,Other welded tubes,Taiwan,0
2026-08-17,09.9527,26,Other welded tubes,FTA Quota – CSQ,0
2026-08-17,09.9627,26,Other welded tubes,Other countries,422
2026-08-17,09.9757,26,Other welded tubes,FTA Quota – Other countries,1739
2026-08-17,09.9758,26,Other welded tubes,Singapore,0
2026-08-17,09.9949,27,Non-alloy & alloy cold finished bars,China,1097
2026-08-17,09.9950,27,Non-alloy & alloy cold finished bars,Türkiye,2404
2026-08-17,09.9951,27,Non-alloy & alloy cold finished bars,Switzerland,2644
2026-08-17,09.9952,27,Non-alloy & alloy cold finished bars,Ukraine,1280
2026-08-17,09.9528,27,Non-alloy & alloy cold finished bars,FTA Quota – CSQ,1491
2026-08-17,09.9628,27,Non-alloy & alloy cold finished bars,Other countries,233
2026-08-17,09.9759,27,Non-alloy & alloy cold finished bars,FTA Quota – Other countries,1610
2026-08-17,09.9953,27,Non-alloy & alloy cold finished bars,China,0
2026-08-17,09.9954,27,Non-alloy & alloy cold finished bars,Türkiye,0
2026-08-17,09.9955,27,Non-alloy & alloy cold finished bars,Ukraine,7734
2026-08-17,09.9529,27,Non-alloy & alloy cold finished bars,FTA Quota – CSQ,4496
2026-08-17,09.9629,27,Non-alloy & alloy cold finished bars,Other countries,0
2026-08-17,09.9760,27,Non-alloy & alloy cold finished bars,FTA Quota – Other countries,6518
2026-08-17,09.9497,27,Non-alloy & alloy cold finished bars,United Kingdom (to Northern Ireland from other parts of the United Kingdom),156
2026-08-18,09.9801,1.A,Non-alloy & other alloy hot rolled sheets/strips,Türkiye,0
2026-08-18,09.9802,1.A,Non-alloy & other alloy hot rolled sheets/strips,Japan,117559
2026-08-18,09.9803,1.A,Non-alloy & other alloy hot rolled sheets/strips,India,38357
2026-08-18,09.9804,1.A,Non-alloy & other alloy hot rolled sheets/strips,Taiwan,62665
2026-08-18,09.9805,1.A,Non-alloy & other alloy hot rolled sheets/strips,Ukraine,45356
2026-08-18,09.9806,1.A,Non-alloy & other alloy hot rolled sheets/strips,Korea,52475
2026-08-18,09.9807,1.A,Non-alloy & other alloy hot rolled sheets/strips,Viet Nam,46573
2026-08-18,09.9808,1.A,Non-alloy & other alloy hot rolled sheets/strips,Egypt,99402
2026-08-18,09.9809,1.A,Non-alloy & other alloy hot rolled sheets/strips,Serbia,39150
2026-08-18,09.9500,1.A,Non-alloy & other alloy hot rolled sheets/strips,FTA Quota – CSQ,0
2026-08-18,09.9701,1.A,Non-alloy & other alloy hot rolled sheets/strips,Brazil,42429
2026-08-18,09.9705,1.A,Non-alloy & other alloy hot rolled sheets/strips,United Kingdom,35889
2026-08-18,09.9702,1.A,Non-alloy & other alloy hot rolled sheets/strips,Indonesia,0
2026-08-18,09.9810,1.A,Non-alloy & other alloy hot rolled sheets/strips,Australia,11679
2026-08-18,09.9811,1.A,Non-alloy & other alloy hot rolled sheets/strips,Saudi Arabia,9545
2026-08-18,09.9704,1.A,Non-alloy & other alloy hot rolled sheets/strips,Switzerland,5305
2026-08-18,09.9812,1.A,Non-alloy & other alloy hot rolled sheets/strips,Kazakhstan,2349
2026-08-18,09.9703,1.A,Non-alloy & other alloy hot rolled sheets/strips,North Macedonia,966
2026-08-18,09.9600,1.A,Non-alloy & other alloy hot rolled sheets/strips,Other countries,0
2026-08-18,09.9700,1.A,Non-alloy & other alloy hot rolled sheets/strips,FTA Quota – Other countries,0
2026-08-18,09.9813,1.B,Non-alloy & other alloy hot rolled sheets/strips (7212 60),United Kingdom,246
2026-08-18,09.9814,1.B,Non-alloy & other alloy hot rolled sheets/strips (7212 60),United States,0
2026-08-18,09.9815,1.B,Non-alloy & other alloy hot rolled sheets/strips (7212 60),Japan,111
2026-08-18,09.9816,1.B,Non-alloy & other alloy hot rolled sheets/strips (7212 60),China,20
2026-08-18,09.9501,1.B,Non-alloy & other alloy hot rolled sheets/strips (7212 60),FTA Quota – CSQ,107
2026-08-18,09.9601,1.B,Non-alloy & other alloy hot rolled sheets/strips (7212 60),Other countries,40
2026-08-18,09.9706,1.B,Non-alloy & other alloy hot rolled sheets/strips (7212 60),FTA Quota – Other countries,49
2026-08-18,09.9817,2,Non-alloy & other alloy cold rolled sheets,Taiwan,33504
2026-08-18,09.9818,2,Non-alloy & other alloy cold rolled sheets,India,50864
2026-08-18,09.9819,2,Non-alloy & other alloy cold rolled sheets,Korea,18725
2026-08-18,09.9820,2,Non-alloy & other alloy cold rolled sheets,Türkiye,36977
2026-08-18,09.9821,2,Non-alloy & other alloy cold rolled sheets,United Kingdom,19562
2026-08-18,09.9822,2,Non-alloy & other alloy cold rolled sheets,Japan,28824
2026-08-18,09.9823,2,Non-alloy & other alloy cold rolled sheets,Ukraine,2386
2026-08-18,09.9502,2,Non-alloy & other alloy cold rolled sheets,FTA Quota – CSQ,33671
2026-08-18,09.9602,2,Non-alloy & other alloy cold rolled sheets,Other countries,0
2026-08-18,09.9707,2,Non-alloy & other alloy cold rolled sheets,FTA Quota – Other countries,8419
2026-08-18,09.9709,2,Non-alloy & other alloy cold rolled sheets,Egypt,441
2026-08-18,09.9710,2,Non-alloy & other alloy cold rolled sheets,Switzerland,390
2026-08-18,09.9708,2,Non-alloy & other alloy cold rolled sheets,Brazil,0
2026-08-18,09.9824,3.A,Electrical sheets (non grain-oriented),Japan,78
2026-08-18,09.9825,3.A,Electrical sheets (non grain-oriented),United Kingdom,20
2026-08-18,09.9826,3.A,Electrical sheets (non grain-oriented),China,5
2026-08-18,09.9827,3.A,Electrical sheets (non grain-oriented),Türkiye,9
2026-08-18,09.9503,3.A,Electrical sheets (non grain-oriented),FTA Quota – CSQ,29
2026-08-18,09.9603,3.A,Electrical sheets (non grain-oriented),Other countries,7
2026-08-18,09.9711,3.A,Electrical sheets (non grain-oriented),FTA Quota – Other countries,5
2026-08-18,09.9828,3.B,Electrical sheets (grain-oriented),China,0
2026-08-18,09.9829,3.B,Electrical sheets (grain-oriented),Taiwan,3916
2026-08-18,09.9830,3.B,Electrical sheets (grain-oriented),Korea,11375
2026-08-18,09.9831,3.B,Electrical sheets (grain-oriented),Viet Nam,6925
2026-08-18,09.9504,3.B,Electrical sheets (grain-oriented),FTA Quota – CSQ,4217
2026-08-18,09.9604,3.B,Electrical sheets (grain-oriented),Other countries,1477
2026-08-18,09.9712,3.B,Electrical sheets (grain-oriented),FTA Quota – Other countries,4078
2026-08-18,09.9713,3.B,Electrical sheets (grain-oriented),Japan,476
2026-08-18,09.9832,4.A,Metallic coated sheets,Viet Nam,97598
2026-08-18,09.9833,4.A,Metallic coated sheets,Taiwan,2916
2026-08-18,09.9834,4.A,Metallic coated sheets,Türkiye,0
2026-08-18,09.9835,4.A,Metallic coated sheets,India,37568
2026-08-18,09.9836,4.A,Metallic coated sheets,Korea,5982
2026-08-18,09.9505,4.A,Metallic coated sheets,FTA Quota – CSQ,0
2026-08-18,09.9605,4.A,Metallic coated sheets,Other countries,0
2026-08-18,09.9714,4.A,Metallic coated sheets,FTA Quota – Other countries,0
2026-08-18,09.9718,4.A,Metallic coated sheets,United Kingdom,605
2026-08-18,09.9716,4.A,Metallic coated sheets,Japan,71
2026-08-18,09.9715,4.A,Metallic coated sheets,Egypt,2665
2026-08-18,09.9717,4.A,Metallic coated sheets,South Africa,3036
2026-08-18,09.9837,4.B,Metallic coated sheets (automotive),Korea,21203
2026-08-18,09.9838,4.B,Metallic coated sheets (automotive),China,0
2026-08-18,09.9839,4.B,Metallic coated sheets (automotive),United Kingdom,32572
2026-08-18,09.9840,4.B,Metallic coated sheets (automotive),Türkiye,0
2026-08-18,09.9841,4.B,Metallic coated sheets (automotive),India,23460
2026-08-18,09.9506,4.B,Metallic coated sheets (automotive),FTA Quota – CSQ,0
2026-08-18,09.9606,4.B,Metallic coated sheets (automotive),Other countries,0
2026-08-18,09.9719,4.B,Metallic coated sheets (automotive),FTA Quota – Other countries,2054
2026-08-18,09.9720,4.B,Metallic coated sheets (automotive),Egypt,1641
2026-08-18,09.9721,4.B,Metallic coated sheets (automotive),Switzerland,0
2026-08-18,09.9842,5,Organic coated sheets,India,0
2026-08-18,09.9843,5,Organic coated sheets,Korea,0
2026-08-18,09.9844,5,Organic coated sheets,Viet Nam,4422
2026-08-18,09.9845,5,Organic coated sheets,Türkiye,0
2026-08-18,09.9846,5,Organic coated sheets,Taiwan,95
2026-08-18,09.9847,5,Organic coated sheets,United Kingdom,4347
2026-08-18,09.9507,5,Organic coated sheets,FTA Quota – CSQ,0
2026-08-18,09.9607,5,Organic coated sheets,Other countries,0
2026-08-18,09.9722,5,Organic coated sheets,FTA Quota – Other countries,1466
2026-08-18,09.9723,5,Organic coated sheets,North Macedonia,0
2026-08-18,09.9848,6,Tin mill products,China,30336
2026-08-18,09.9849,6,Tin mill products,Serbia,9745
2026-08-18,09.9850,6,Tin mill products,United Kingdom,8740
2026-08-18,09.9851,6,Tin mill products,Türkiye,11574
2026-08-18,09.9852,6,Tin mill products,Korea,7151
2026-08-18,09.9853,6,Tin mill products,India,5860
2026-08-18,09.9508,6,Tin mill products,FTA Quota – CSQ,11255
2026-08-18,09.9608,6,Tin mill products,Other countries,0
2026-08-18,09.9724,6,Tin mill products,FTA Quota – Other countries,4765
2026-08-18,09.9725,6,Tin mill products,Japan,0
2026-08-18,09.9726,6,Tin mill products,Singapore,21
2026-08-18,09.9854,7,Non-alloy & other alloy quarto plates,Korea,0
2026-08-18,09.9855,7,Non-alloy & other alloy quarto plates,Indonesia,18223
2026-08-18,09.9856,7,Non-alloy & other alloy quarto plates,India,18380
2026-08-18,09.9857,7,Non-alloy & other alloy quarto plates,Japan,17441
2026-08-18,09.9858,7,Non-alloy & other alloy quarto plates,North Macedonia,3802
2026-08-18,09.9859,7,Non-alloy & other alloy quarto plates,United Kingdom,2338
2026-08-18,09.9509,7,Non-alloy & other alloy quarto plates,FTA Quota – CSQ,7152
2026-08-18,09.9609,7,Non-alloy & other alloy quarto plates,Other countries,0
2026-08-18,09.9727,7,Non-alloy & other alloy quarto plates,FTA Quota – Other countries,6917
2026-08-18,09.9728,7,Non-alloy & other alloy quarto plates,Türkiye,0
2026-08-18,09.9491,7,Non-alloy & other alloy quarto plates,United Kingdom (to Northern Ireland from other parts of the United Kingdom),3438
2026-08-18,09.9860,8,Stainless hot rolled sheets and strips,Taiwan,2085
2026-08-18,09.9861,8,Stainless hot rolled sheets and strips,Indonesia,8955
2026-08-18,09.9862,8,Stainless hot rolled sheets and strips,India,3666
2026-08-18,09.9863,8,Stainless hot rolled sheets and strips,China,2222
2026-08-18,09.9864,8,Stainless hot rolled sheets and strips,Korea,2082
2026-08-18,09.9865,8,Stainless hot rolled sheets and strips,Türkiye,3430
2026-08-18,09.9866,8,Stainless hot rolled sheets and strips,South Africa,1927
2026-08-18,09.9510,8,Stainless hot rolled sheets and strips,FTA Quota – CSQ,2806
2026-08-18,09.9610,8,Stainless hot rolled sheets and strips,Other countries,340
2026-08-18,09.9729,8,Stainless hot rolled sheets and strips,FTA Quota – Other countries,376
2026-08-18,09.9492,8,Stainless hot rolled sheets and strips,United Kingdom (to Northern Ireland from other parts of the United Kingdom),13
2026-08-18,09.9867,9,Stainless cold rolled sheets and strips,Taiwan,7014
2026-08-18,09.9868,9,Stainless cold rolled sheets and strips,China,6980
2026-08-18,09.9869,9,Stainless cold rolled sheets and strips,Korea,14623
2026-08-18,09.9870,9,Stainless cold rolled sheets and strips,Türkiye,8347
2026-08-18,09.9871,9,Stainless cold rolled sheets and strips,South Africa,7801
2026-08-18,09.9872,9,Stainless cold rolled sheets and strips,Viet Nam,6068
2026-08-18,09.9873,9,Stainless cold rolled sheets and strips,India,6167
2026-08-18,09.9511,9,Stainless cold rolled sheets and strips,FTA Quota – CSQ,9935
2026-08-18,09.9611,9,Stainless cold rolled sheets and strips,Other countries,2442
2026-08-18,09.9730,9,Stainless cold rolled sheets and strips,FTA Quota – Other countries,4676
2026-08-18,09.9731,9,Stainless cold rolled sheets and strips,Switzerland,131
2026-08-18,09.9493,9,Stainless cold rolled sheets and strips,United Kingdom (to Northern Ireland from other parts of the United Kingdom),29
2026-08-18,09.9874,10,Stainless hot rolled quarto plates,China,865
2026-08-18,09.9875,10,Stainless hot rolled quarto plates,India,678
2026-08-18,09.9876,10,Stainless hot rolled quarto plates,Korea,405
2026-08-18,09.9877,10,Stainless hot rolled quarto plates,South Africa,276
2026-08-18,09.9512,10,Stainless hot rolled quarto plates,FTA Quota – CSQ,279
2026-08-18,09.9612,10,Stainless hot rolled quarto plates,Other countries,156
2026-08-18,09.9732,10,Stainless hot rolled quarto plates,FTA Quota – Other countries,250
2026-08-18,09.9878,12,Non-alloy & other alloy merchant bars & light sections,China,12233
2026-08-18,09.9879,12,Non-alloy & other alloy merchant bars & light sections,Türkiye,30033
2026-08-18,09.9880,12,Non-alloy & other alloy merchant bars & light sections,United Kingdom,15466
2026-08-18,09.9881,12,Non-alloy & other alloy merchant bars & light sections,Switzerland,16078
2026-08-18,09.9882,12,Non-alloy & other alloy merchant bars & light sections,Korea,6656
2026-08-18,09.9883,12,Non-alloy & other alloy merchant bars & light sections,North Macedonia,6100
2026-08-18,09.9513,12,Non-alloy & other alloy merchant bars & light sections,FTA Quota – CSQ,14063
2026-08-18,09.9613,12,Non-alloy & other alloy merchant bars & light sections,Other countries,1172
2026-08-18,09.9733,12,Non-alloy & other alloy merchant bars & light sections,FTA Quota – Other countries,10474
2026-08-18,09.9734,12,Non-alloy & other alloy merchant bars & light sections,Brazil,2825
2026-08-18,09.9735,12,Non-alloy & other alloy merchant bars & light sections,Egypt,700
2026-08-18,09.9884,13,Rebars,Türkiye,0
2026-08-18,09.9885,13,Rebars,Egypt,24756
2026-08-18,09.9886,13,Rebars,Algeria,8480
2026-08-18,09.9887,13,Rebars,Moldova,6846
2026-08-18,09.9888,13,Rebars,China,4870
2026-08-18,09.9889,13,Rebars,Ukraine,6673
2026-08-18,09.9514,13,Rebars,FTA Quota – CSQ,0
2026-08-18,09.9614,13,Rebars,Other countries,13058
2026-08-18,09.9736,13,Rebars,FTA Quota – Other countries,9575
2026-08-18,09.9494,13,Rebars,United Kingdom (to Northern Ireland from other parts of the United Kingdom),1977
2026-08-18,09.9890,14,Stainless bars and light sections,India,0
2026-08-18,09.9891,14,Stainless bars and light sections,Switzerland,709
2026-08-18,09.9892,14,Stainless bars and light sections,United Kingdom,1051
2026-08-18,09.9893,14,Stainless bars and light sections,China,334
2026-08-18,09.9515,14,Stainless bars and light sections,FTA Quota – CSQ,0
2026-08-18,09.9615,14,Stainless bars and light sections,Other countries,84
2026-08-18,09.9737,14,Stainless bars and light sections,FTA Quota – Other countries,462
2026-08-18,09.9894,15,Stainless wire rod,India,2016
2026-08-18,09.9895,15,Stainless wire rod,Taiwan,275
2026-08-18,09.9896,15,Stainless wire rod,Korea,676
2026-08-18,09.9897,15,Stainless wire rod,United Kingdom,615
2026-08-18,09.9898,15,Stainless wire rod,China,328
2026-08-18,09.9899,15,Stainless wire rod,Japan,14
2026-08-18,09.9516,15,Stainless wire rod,FTA Quota – CSQ,810
2026-08-18,09.9616,15,Stainless wire rod,Other countries,131
2026-08-18,09.9738,15,Stainless wire rod,FTA Quota – Other countries,91
2026-08-18,09.9900,16,Non-alloy & other alloy wire rod,Türkiye,0
2026-08-18,09.9901,16,Non-alloy & other alloy wire rod,Malaysia,21671
2026-08-18,09.9902,16,Non-alloy & other alloy wire rod,United Kingdom,34331
2026-08-18,09.9903,16,Non-alloy & other alloy wire rod,Ukraine,9964
2026-08-18,09.9904,16,Non-alloy & other alloy wire rod,Switzerland,8983
2026-08-18,09.9905,16,Non-alloy & other alloy wire rod,Viet Nam,15389
2026-08-18,09.9906,16,Non-alloy & other alloy wire rod,Moldova,16758
2026-08-18,09.9907,16,Non-alloy & other alloy wire rod,Egypt,2166
2026-08-18,09.9517,16,Non-alloy & other alloy wire rod,FTA Quota – CSQ,0
2026-08-18,09.9617,16,Non-alloy & other alloy wire rod,Other countries,34261
2026-08-18,09.9739,16,Non-alloy & other alloy wire rod,FTA Quota – Other countries,29412
2026-08-18,09.9740,16,Non-alloy & other alloy wire rod,Korea,2685
2026-08-18,09.9741,16,Non-alloy & other alloy wire rod,Japan,871
2026-08-18,09.9908,17,"Angles, shapes and sections of iron/non-alloy steel",Türkiye,627
2026-08-18,09.9909,17,"Angles, shapes and sections of iron/non-alloy steel",United Kingdom,4252
2026-08-18,09.9910,17,"Angles, shapes and sections of iron/non-alloy steel",Switzerland,2590
2026-08-18,09.9911,17,"Angles, shapes and sections of iron/non-alloy steel",United Arab Emirates,1491
2026-08-18,09.9518,17,"Angles, shapes and sections of iron/non-alloy steel",FTA Quota – CSQ,3032
2026-08-18,09.9618,17,"Angles, shapes and sections of iron/non-alloy steel",Other countries,2169
2026-08-18,09.9742,17,"Angles, shapes and sections of iron/non-alloy steel",FTA Quota – Other countries,1026
2026-08-18,09.9743,17,"Angles, shapes and sections of iron/non-alloy steel",Korea,1245
2026-08-18,09.9495,17,"Angles, shapes and sections of iron/non-alloy steel",United Kingdom (to Northern Ireland from other parts of the United Kingdom),11714
2026-08-18,09.9912,18,Sheet piling,China,0
2026-08-18,09.9913,18,Sheet piling,United Arab Emirates,2
2026-08-18,09.9914,18,Sheet piling,United Kingdom,1635
2026-08-18,09.9519,18,Sheet piling,FTA Quota – CSQ,1234
2026-08-18,09.9619,18,Sheet piling,Other countries,0
2026-08-18,09.9744,18,Sheet piling,FTA Quota – Other countries,1375
2026-08-18,09.9915,19,Railway material,United Kingdom,1213
2026-08-18,09.9916,19,Railway material,Türkiye,69
2026-08-18,09.9917,19,Railway material,China,0
2026-08-18,09.9520,19,Railway material,FTA Quota – CSQ,286
2026-08-18,09.9620,19,Railway material,Other countries,144
2026-08-18,09.9745,19,Railway material,FTA Quota – Other countries,140
2026-08-18,09.9918,20,Gas pipes,Türkiye,0
2026-08-18,09.9919,20,Gas pipes,India,0
2026-08-18,09.9920,20,Gas pipes,United Arab Emirates,2472
2026-08-18,09.9921,20,Gas pipes,North Macedonia,53
2026-08-18,09.9922,20,Gas pipes,United Kingdom,1715
2026-08-18,09.9521,20,Gas pipes,FTA Quota – CSQ,0
2026-08-18,09.9621,20,Gas pipes,Other countries,1
2026-08-18,09.9746,20,Gas pipes,FTA Quota – Other countries,1013
2026-08-18,09.9923,21,Hollow sections,Türkiye,0
2026-08-18,09.9924,21,Hollow sections,United Kingdom,11904
2026-08-18,09.9925,21,Hollow sections,North Macedonia,0
2026-08-18,09.9926,21,Hollow sections,China,0
2026-08-18,09.9927,21,Hollow sections,Ukraine,0
2026-08-18,09.9522,21,Hollow sections,FTA Quota – CSQ,0
2026-08-18,09.9622,21,Hollow sections,Other countries,0
2026-08-18,09.9747,21,Hollow sections,FTA Quota – Other countries,0
2026-08-18,09.9748,21,Hollow sections,Switzerland,448
2026-08-18,09.9928,22,Seamless stainless tubes and pipes,India,0
2026-08-18,09.9929,22,Seamless stainless tubes and pipes,Ukraine,492
2026-08-18,09.9930,22,Seamless stainless tubes and pipes,China,67
2026-08-18,09.9931,22,Seamless stainless tubes and pipes,Korea,413
2026-08-18,09.9523,22,Seamless stainless tubes and pipes,FTA Quota – CSQ,0
2026-08-18,09.9623,22,Seamless stainless tubes and pipes,Other countries,0
2026-08-18,09.9749,22,Seamless stainless tubes and pipes,FTA Quota – Other countries,16
2026-08-18,09.9750,22,Seamless stainless tubes and pipes,Japan,0
2026-08-18,09.9932,24,Other seamless tubes,China,0
2026-08-18,09.9933,24,Other seamless tubes,Ukraine,2382
2026-08-18,09.9934,24,Other seamless tubes,Brazil,5200
2026-08-18,09.9524,24,Other seamless tubes,FTA Quota – CSQ,3052
2026-08-18,09.9624,24,Other seamless tubes,Other countries,3236
2026-08-18,09.9751,24,Other seamless tubes,FTA Quota – Other countries,8802
2026-08-18,09.9752,24,Other seamless tubes,Argentina,989
2026-08-18,09.9753,24,Other seamless tubes,Singapore,110
2026-08-18,09.9935,25.A,Large welded tubes,Türkiye,1947
2026-08-18,09.9936,25.A,Large welded tubes,Israel,834
2026-08-18,09.9937,25.A,Large welded tubes,China,0
2026-08-18,09.9938,25.A,Large welded tubes,India,0
2026-08-18,09.9525,25.A,Large welded tubes,FTA Quota – CSQ,1113
2026-08-18,09.9625,25.A,Large welded tubes,Other countries,420
2026-08-18,09.9754,25.A,Large welded tubes,FTA Quota – Other countries,584
2026-08-18,09.9496,25.A,Large welded tubes,United Kingdom (to Northern Ireland from other parts of the United Kingdom),14
2026-08-18,09.9939,25.B,Large welded tubes (line pipe),Türkiye,4164
2026-08-18,09.9940,25.B,Large welded tubes (line pipe),China,0
2026-08-18,09.9941,25.B,Large welded tubes (line pipe),United Kingdom,1393
2026-08-18,09.9942,25.B,Large welded tubes (line pipe),Algeria,0
2026-08-18,09.9526,25.B,Large welded tubes (line pipe),FTA Quota – CSQ,2030
2026-08-18,09.9626,25.B,Large welded tubes (line pipe),Other countries,0
2026-08-18,09.9755,25.B,Large welded tubes (line pipe),FTA Quota – Other countries,1115
2026-08-18,09.9756,25.B,Large welded tubes (line pipe),Singapore,21
2026-08-18,09.9943,26,Other welded tubes,Türkiye,0
2026-08-18,09.9944,26,Other welded tubes,Switzerland,10614
2026-08-18,09.9945,26,Other welded tubes,China,0
2026-08-18,09.9946,26,Other welded tubes,India,0
2026-08-18,09.9947,26,Other welded tubes,United Kingdom,2516
2026-08-18,09.9948,26,Other welded tubes,Taiwan,0
2026-08-18,09.9527,26,Other welded tubes,FTA Quota – CSQ,0
2026-08-18,09.9627,26,Other welded tubes,Other countries,404
2026-08-18,09.9757,26,Other welded tubes,FTA Quota – Other countries,1721
2026-08-18,09.9758,26,Other welded tubes,Singapore,0
2026-08-18,09.9949,27,Non-alloy & alloy cold finished bars,China,1073
2026-08-18,09.9950,27,Non-alloy & alloy cold finished bars,Türkiye,2308
2026-08-18,09.9951,27,Non-alloy & alloy cold finished bars,Switzerland,2568
2026-08-18,09.9952,27,Non-alloy & alloy cold finished bars,Ukraine,1280
2026-08-18,09.9528,27,Non-alloy & alloy cold finished bars,FTA Quota – CSQ,1491
2026-08-18,09.9628,27,Non-alloy & alloy cold finished bars,Other countries,229
2026-08-18,09.9759,27,Non-alloy & alloy cold finished bars,FTA Quota – Other countries,1610
2026-08-18,09.9953,27,Non-alloy & alloy cold finished bars,China,0
2026-08-18,09.9954,27,Non-alloy & alloy cold finished bars,Türkiye,0
2026-08-18,09.9955,27,Non-alloy & alloy cold finished bars,Ukraine,7579
2026-08-18,09.9529,27,Non-alloy & alloy cold finished bars,FTA Quota – CSQ,4496
2026-08-18,09.9629,27,Non-alloy & alloy cold finished bars,Other countries,0
2026-08-18,09.9760,27,Non-alloy & alloy cold finished bars,FTA Quota – Other countries,6391
2026-08-18,09.9497,27,Non-alloy & alloy cold finished bars,United Kingdom (to Northern Ireland from other parts of the United Kingdom),156
2026-08-19,09.9801,1.A,Non-alloy & other alloy hot rolled sheets/strips,Türkiye,0
2026-08-19,09.9802,1.A,Non-alloy & other alloy hot rolled sheets/strips,Japan,117559
2026-08-19,09.9803,1.A,Non-alloy & other alloy hot rolled sheets/strips,India,38357
2026-08-19,09.9804,1.A,Non-alloy & other alloy hot rolled sheets/strips,Taiwan,62665
2026-08-19,09.9805,1.A,Non-alloy & other alloy hot rolled sheets/strips,Ukraine,44022
2026-08-19,09.9806,1.A,Non-alloy & other alloy hot rolled sheets/strips,Korea,52342
2026-08-19,09.9807,1.A,Non-alloy & other alloy hot rolled sheets/strips,Viet Nam,46573
2026-08-19,09.9808,1.A,Non-alloy & other alloy hot rolled sheets/strips,Egypt,99402
2026-08-19,09.9809,1.A,Non-alloy & other alloy hot rolled sheets/strips,Serbia,37903
2026-08-19,09.9500,1.A,Non-alloy & other alloy hot rolled sheets/strips,FTA Quota – CSQ,0
2026-08-19,09.9701,1.A,Non-alloy & other alloy hot rolled sheets/strips,Brazil,42429
2026-08-19,09.9705,1.A,Non-alloy & other alloy hot rolled sheets/strips,United Kingdom,35840
2026-08-19,09.9702,1.A,Non-alloy & other alloy hot rolled sheets/strips,Indonesia,0
2026-08-19,09.9810,1.A,Non-alloy & other alloy hot rolled sheets/strips,Australia,11679
2026-08-19,09.9811,1.A,Non-alloy & other alloy hot rolled sheets/strips,Saudi Arabia,9545
2026-08-19,09.9704,1.A,Non-alloy & other alloy hot rolled sheets/strips,Switzerland,5304
2026-08-19,09.9812,1.A,Non-alloy & other alloy hot rolled sheets/strips,Kazakhstan,2349
2026-08-19,09.9703,1.A,Non-alloy & other alloy hot rolled sheets/strips,North Macedonia,941
2026-08-19,09.9600,1.A,Non-alloy & other alloy hot rolled sheets/strips,Other countries,0
2026-08-19,09.9700,1.A,Non-alloy & other alloy hot rolled sheets/strips,FTA Quota – Other countries,0
2026-08-19,09.9813,1.B,Non-alloy & other alloy hot rolled sheets/strips (7212 60),United Kingdom,223
2026-08-19,09.9814,1.B,Non-alloy & other alloy hot rolled sheets/strips (7212 60),United States,0
2026-08-19,09.9815,1.B,Non-alloy & other alloy hot rolled sheets/strips (7212 60),Japan,111
2026-08-19,09.9816,1.B,Non-alloy & other alloy hot rolled sheets/strips (7212 60),China,20
2026-08-19,09.9501,1.B,Non-alloy & other alloy hot rolled sheets/strips (7212 60),FTA Quota – CSQ,107
2026-08-19,09.9601,1.B,Non-alloy & other alloy hot rolled sheets/strips (7212 60),Other countries,40
2026-08-19,09.9706,1.B,Non-alloy & other alloy hot rolled sheets/strips (7212 60),FTA Quota – Other countries,49
2026-08-19,09.9817,2,Non-alloy & other alloy cold rolled sheets,Taiwan,33504
2026-08-19,09.9818,2,Non-alloy & other alloy cold rolled sheets,India,44157
2026-08-19,09.9819,2,Non-alloy & other alloy cold rolled sheets,Korea,17908
2026-08-19,09.9820,2,Non-alloy & other alloy cold rolled sheets,Türkiye,36954
2026-08-19,09.9821,2,Non-alloy & other alloy cold rolled sheets,United Kingdom,19525
2026-08-19,09.9822,2,Non-alloy & other alloy cold rolled sheets,Japan,28814
2026-08-19,09.9823,2,Non-alloy & other alloy cold rolled sheets,Ukraine,2176
2026-08-19,09.9502,2,Non-alloy & other alloy cold rolled sheets,FTA Quota – CSQ,33671
2026-08-19,09.9602,2,Non-alloy & other alloy cold rolled sheets,Other countries,0
2026-08-19,09.9707,2,Non-alloy & other alloy cold rolled sheets,FTA Quota – Other countries,8009
2026-08-19,09.9709,2,Non-alloy & other alloy cold rolled sheets,Egypt,441
2026-08-19,09.9710,2,Non-alloy & other alloy cold rolled sheets,Switzerland,362
2026-08-19,09.9708,2,Non-alloy & other alloy cold rolled sheets,Brazil,0
2026-08-19,09.9824,3.A,Electrical sheets (non grain-oriented),Japan,78
2026-08-19,09.9825,3.A,Electrical sheets (non grain-oriented),United Kingdom,20
2026-08-19,09.9826,3.A,Electrical sheets (non grain-oriented),China,5
2026-08-19,09.9827,3.A,Electrical sheets (non grain-oriented),Türkiye,9
2026-08-19,09.9503,3.A,Electrical sheets (non grain-oriented),FTA Quota – CSQ,29
2026-08-19,09.9603,3.A,Electrical sheets (non grain-oriented),Other countries,7
2026-08-19,09.9711,3.A,Electrical sheets (non grain-oriented),FTA Quota – Other countries,5
2026-08-19,09.9828,3.B,Electrical sheets (grain-oriented),China,0
2026-08-19,09.9829,3.B,Electrical sheets (grain-oriented),Taiwan,3916
2026-08-19,09.9830,3.B,Electrical sheets (grain-oriented),Korea,10497
2026-08-19,09.9831,3.B,Electrical sheets (grain-oriented),Viet Nam,6925
2026-08-19,09.9504,3.B,Electrical sheets (grain-oriented),FTA Quota – CSQ,4217
2026-08-19,09.9604,3.B,Electrical sheets (grain-oriented),Other countries,1477
2026-08-19,09.9712,3.B,Electrical sheets (grain-oriented),FTA Quota – Other countries,4078
2026-08-19,09.9713,3.B,Electrical sheets (grain-oriented),Japan,476
2026-08-19,09.9832,4.A,Metallic coated sheets,Viet Nam,97572
2026-08-19,09.9833,4.A,Metallic coated sheets,Taiwan,2879
2026-08-19,09.9834,4.A,Metallic coated sheets,Türkiye,0
2026-08-19,09.9835,4.A,Metallic coated sheets,India,37549
2026-08-19,09.9836,4.A,Metallic coated sheets,Korea,5982
2026-08-19,09.9505,4.A,Metallic coated sheets,FTA Quota – CSQ,0
2026-08-19,09.9605,4.A,Metallic coated sheets,Other countries,0
2026-08-19,09.9714,4.A,Metallic coated sheets,FTA Quota – Other countries,0
2026-08-19,09.9718,4.A,Metallic coated sheets,United Kingdom,439
2026-08-19,09.9716,4.A,Metallic coated sheets,Japan,1
2026-08-19,09.9715,4.A,Metallic coated sheets,Egypt,0
2026-08-19,09.9717,4.A,Metallic coated sheets,South Africa,3036
2026-08-19,09.9837,4.B,Metallic coated sheets (automotive),Korea,17322
2026-08-19,09.9838,4.B,Metallic coated sheets (automotive),China,0
2026-08-19,09.9839,4.B,Metallic coated sheets (automotive),United Kingdom,32467
2026-08-19,09.9840,4.B,Metallic coated sheets (automotive),Türkiye,0
2026-08-19,09.9841,4.B,Metallic coated sheets (automotive),India,23459
2026-08-19,09.9506,4.B,Metallic coated sheets (automotive),FTA Quota – CSQ,0
2026-08-19,09.9606,4.B,Metallic coated sheets (automotive),Other countries,0
2026-08-19,09.9719,4.B,Metallic coated sheets (automotive),FTA Quota – Other countries,1054
2026-08-19,09.9720,4.B,Metallic coated sheets (automotive),Egypt,1641
2026-08-19,09.9721,4.B,Metallic coated sheets (automotive),Switzerland,0
2026-08-19,09.9842,5,Organic coated sheets,India,0
2026-08-19,09.9843,5,Organic coated sheets,Korea,0
2026-08-19,09.9844,5,Organic coated sheets,Viet Nam,4413
2026-08-19,09.9845,5,Organic coated sheets,Türkiye,0
2026-08-19,09.9846,5,Organic coated sheets,Taiwan,95
2026-08-19,09.9847,5,Organic coated sheets,United Kingdom,4208
2026-08-19,09.9507,5,Organic coated sheets,FTA Quota – CSQ,0
2026-08-19,09.9607,5,Organic coated sheets,Other countries,0
2026-08-19,09.9722,5,Organic coated sheets,FTA Quota – Other countries,1465
2026-08-19,09.9723,5,Organic coated sheets,North Macedonia,0
2026-08-19,09.9848,6,Tin mill products,China,30282
2026-08-19,09.9849,6,Tin mill products,Serbia,9351
2026-08-19,09.9850,6,Tin mill products,United Kingdom,8548
2026-08-19,09.9851,6,Tin mill products,Türkiye,11574
2026-08-19,09.9852,6,Tin mill products,Korea,7151
2026-08-19,09.9853,6,Tin mill products,India,5860
2026-08-19,09.9508,6,Tin mill products,FTA Quota – CSQ,11255
2026-08-19,09.9608,6,Tin mill products,Other countries,0
2026-08-19,09.9724,6,Tin mill products,FTA Quota – Other countries,4765
2026-08-19,09.9725,6,Tin mill products,Japan,0
2026-08-19,09.9726,6,Tin mill products,Singapore,21
2026-08-19,09.9854,7,Non-alloy & other alloy quarto plates,Korea,0
2026-08-19,09.9855,7,Non-alloy & other alloy quarto plates,Indonesia,18223
2026-08-19,09.9856,7,Non-alloy & other alloy quarto plates,India,18380
2026-08-19,09.9857,7,Non-alloy & other alloy quarto plates,Japan,17441
2026-08-19,09.9858,7,Non-alloy & other alloy quarto plates,North Macedonia,1713
2026-08-19,09.9859,7,Non-alloy & other alloy quarto plates,United Kingdom,2089
2026-08-19,09.9509,7,Non-alloy & other alloy quarto plates,FTA Quota – CSQ,7152
2026-08-19,09.9609,7,Non-alloy & other alloy quarto plates,Other countries,0
2026-08-19,09.9727,7,Non-alloy & other alloy quarto plates,FTA Quota – Other countries,6899
2026-08-19,09.9728,7,Non-alloy & other alloy quarto plates,Türkiye,0
2026-08-19,09.9491,7,Non-alloy & other alloy quarto plates,United Kingdom (to Northern Ireland from other parts of the United Kingdom),3298
2026-08-19,09.9860,8,Stainless hot rolled sheets and strips,Taiwan,2055
2026-08-19,09.9861,8,Stainless hot rolled sheets and strips,Indonesia,8955
2026-08-19,09.9862,8,Stainless hot rolled sheets and strips,India,2690
2026-08-19,09.9863,8,Stainless hot rolled sheets and strips,China,2222
2026-08-19,09.9864,8,Stainless hot rolled sheets and strips,Korea,523
2026-08-19,09.9865,8,Stainless hot rolled sheets and strips,Türkiye,3430
2026-08-19,09.9866,8,Stainless hot rolled sheets and strips,South Africa,1794
2026-08-19,09.9510,8,Stainless hot rolled sheets and strips,FTA Quota – CSQ,2806
2026-08-19,09.9610,8,Stainless hot rolled sheets and strips,Other countries,335
2026-08-19,09.9729,8,Stainless hot rolled sheets and strips,FTA Quota – Other countries,359
2026-08-19,09.9492,8,Stainless hot rolled sheets and strips,United Kingdom (to Northern Ireland from other parts of the United Kingdom),13
2026-08-19,09.9867,9,Stainless cold rolled sheets and strips,Taiwan,6881
2026-08-19,09.9868,9,Stainless cold rolled sheets and strips,China,6965
2026-08-19,09.9869,9,Stainless cold rolled sheets and strips,Korea,14447
2026-08-19,09.9870,9,Stainless cold rolled sheets and strips,Türkiye,8281
2026-08-19,09.9871,9,Stainless cold rolled sheets and strips,South Africa,7723
2026-08-19,09.9872,9,Stainless cold rolled sheets and strips,Viet Nam,5729
2026-08-19,09.9873,9,Stainless cold rolled sheets and strips,India,5938
2026-08-19,09.9511,9,Stainless cold rolled sheets and strips,FTA Quota – CSQ,9935
2026-08-19,09.9611,9,Stainless cold rolled sheets and strips,Other countries,2402
2026-08-19,09.9730,9,Stainless cold rolled sheets and strips,FTA Quota – Other countries,4676
2026-08-19,09.9731,9,Stainless cold rolled sheets and strips,Switzerland,125
2026-08-19,09.9493,9,Stainless cold rolled sheets and strips,United Kingdom (to Northern Ireland from other parts of the United Kingdom),29
2026-08-19,09.9874,10,Stainless hot rolled quarto plates,China,722
2026-08-19,09.9875,10,Stainless hot rolled quarto plates,India,658
2026-08-19,09.9876,10,Stainless hot rolled quarto plates,Korea,405
2026-08-19,09.9877,10,Stainless hot rolled quarto plates,South Africa,276
2026-08-19,09.9512,10,Stainless hot rolled quarto plates,FTA Quota – CSQ,279
2026-08-19,09.9612,10,Stainless hot rolled quarto plates,Other countries,139
2026-08-19,09.9732,10,Stainless hot rolled quarto plates,FTA Quota – Other countries,250
2026-08-19,09.9878,12,Non-alloy & other alloy merchant bars & light sections,China,11910
2026-08-19,09.9879,12,Non-alloy & other alloy merchant bars & light sections,Türkiye,29671
2026-08-19,09.9880,12,Non-alloy & other alloy merchant bars & light sections,United Kingdom,15041
2026-08-19,09.9881,12,Non-alloy & other alloy merchant bars & light sections,Switzerland,15998
2026-08-19,09.9882,12,Non-alloy & other alloy merchant bars & light sections,Korea,6232
2026-08-19,09.9883,12,Non-alloy & other alloy merchant bars & light sections,North Macedonia,5890
2026-08-19,09.9513,12,Non-alloy & other alloy merchant bars & light sections,FTA Quota – CSQ,14063
2026-08-19,09.9613,12,Non-alloy & other alloy merchant bars & light sections,Other countries,394
2026-08-19,09.9733,12,Non-alloy & other alloy merchant bars & light sections,FTA Quota – Other countries,10465
2026-08-19,09.9734,12,Non-alloy & other alloy merchant bars & light sections,Brazil,2819
2026-08-19,09.9735,12,Non-alloy & other alloy merchant bars & light sections,Egypt,26
2026-08-19,09.9884,13,Rebars,Türkiye,0
2026-08-19,09.9885,13,Rebars,Egypt,24756
2026-08-19,09.9886,13,Rebars,Algeria,8480
2026-08-19,09.9887,13,Rebars,Moldova,6609
2026-08-19,09.9888,13,Rebars,China,4870
2026-08-19,09.9889,13,Rebars,Ukraine,6488
2026-08-19,09.9514,13,Rebars,FTA Quota – CSQ,0
2026-08-19,09.9614,13,Rebars,Other countries,13038
2026-08-19,09.9736,13,Rebars,FTA Quota – Other countries,9575
2026-08-19,09.9494,13,Rebars,United Kingdom (to Northern Ireland from other parts of the United Kingdom),1950
2026-08-19,09.9890,14,Stainless bars and light sections,India,0
2026-08-19,09.9891,14,Stainless bars and light sections,Switzerland,692
2026-08-19,09.9892,14,Stainless bars and light sections,United Kingdom,1023
2026-08-19,09.9893,14,Stainless bars and light sections,China,327
2026-08-19,09.9515,14,Stainless bars and light sections,FTA Quota – CSQ,0
2026-08-19,09.9615,14,Stainless bars and light sections,Other countries,82
2026-08-19,09.9737,14,Stainless bars and light sections,FTA Quota – Other countries,461
2026-08-19,09.9894,15,Stainless wire rod,India,1910
2026-08-19,09.9895,15,Stainless wire rod,Taiwan,41
2026-08-19,09.9896,15,Stainless wire rod,Korea,676
2026-08-19,09.9897,15,Stainless wire rod,United Kingdom,615
2026-08-19,09.9898,15,Stainless wire rod,China,328
2026-08-19,09.9899,15,Stainless wire rod,Japan,14
2026-08-19,09.9516,15,Stainless wire rod,FTA Quota – CSQ,810
2026-08-19,09.9616,15,Stainless wire rod,Other countries,131
2026-08-19,09.9738,15,Stainless wire rod,FTA Quota – Other countries,91
2026-08-19,09.9900,16,Non-alloy & other alloy wire rod,Türkiye,0
2026-08-19,09.9901,16,Non-alloy & other alloy wire rod,Malaysia,21671
2026-08-19,09.9902,16,Non-alloy & other alloy wire rod,United Kingdom,33765
2026-08-19,09.9903,16,Non-alloy & other alloy wire rod,Ukraine,9796
2026-08-19,09.9904,16,Non-alloy & other alloy wire rod,Switzerland,8582
2026-08-19,09.9905,16,Non-alloy & other alloy wire rod,Viet Nam,15389
2026-08-19,09.9906,16,Non-alloy & other alloy wire rod,Moldova,16187
2026-08-19,09.9907,16,Non-alloy & other alloy wire rod,Egypt,2166
2026-08-19,09.9517,16,Non-alloy & other alloy wire rod,FTA Quota – CSQ,0
2026-08-19,09.9617,16,Non-alloy & other alloy wire rod,Other countries,34261
2026-08-19,09.9739,16,Non-alloy & other alloy wire rod,FTA Quota – Other countries,29412
2026-08-19,09.9740,16,Non-alloy & other alloy wire rod,Korea,2685
2026-08-19,09.9741,16,Non-alloy & other alloy wire rod,Japan,871
2026-08-19,09.9908,17,"Angles, shapes and sections of iron/non-alloy steel",Türkiye,627
2026-08-19,09.9909,17,"Angles, shapes and sections of iron/non-alloy steel",United Kingdom,4195
2026-08-19,09.9910,17,"Angles, shapes and sections of iron/non-alloy steel",Switzerland,2590
2026-08-19,09.9911,17,"Angles, shapes and sections of iron/non-alloy steel",United Arab Emirates,1491
2026-08-19,09.9518,17,"Angles, shapes and sections of iron/non-alloy steel",FTA Quota – CSQ,3032
2026-08-19,09.9618,17,"Angles, shapes and sections of iron/non-alloy steel",Other countries,2164
2026-08-19,09.9742,17,"Angles, shapes and sections of iron/non-alloy steel",FTA Quota – Other countries,1026
2026-08-19,09.9743,17,"Angles, shapes and sections of iron/non-alloy steel",Korea,1245
2026-08-19,09.9495,17,"Angles, shapes and sections of iron/non-alloy steel",United Kingdom (to Northern Ireland from other parts of the United Kingdom),11624
2026-08-19,09.9912,18,Sheet piling,China,0
2026-08-19,09.9913,18,Sheet piling,United Arab Emirates,2
2026-08-19,09.9914,18,Sheet piling,United Kingdom,1635
2026-08-19,09.9519,18,Sheet piling,FTA Quota – CSQ,1234
2026-08-19,09.9619,18,Sheet piling,Other countries,0
2026-08-19,09.9744,18,Sheet piling,FTA Quota – Other countries,1370
2026-08-19,09.9915,19,Railway material,United Kingdom,1213
2026-08-19,09.9916,19,Railway material,Türkiye,69
2026-08-19,09.9917,19,Railway material,China,0
2026-08-19,09.9520,19,Railway material,FTA Quota – CSQ,286
2026-08-19,09.9620,19,Railway material,Other countries,144
2026-08-19,09.9745,19,Railway material,FTA Quota – Other countries,140
2026-08-19,09.9918,20,Gas pipes,Türkiye,0
2026-08-19,09.9919,20,Gas pipes,India,0
2026-08-19,09.9920,20,Gas pipes,United Arab Emirates,2471
2026-08-19,09.9921,20,Gas pipes,North Macedonia,53
2026-08-19,09.9922,20,Gas pipes,United Kingdom,1692
2026-08-19,09.9521,20,Gas pipes,FTA Quota – CSQ,0
2026-08-19,09.9621,20,Gas pipes,Other countries,0
2026-08-19,09.9746,20,Gas pipes,FTA Quota – Other countries,954
2026-08-19,09.9923,21,Hollow sections,Türkiye,0
2026-08-19,09.9924,21,Hollow sections,United Kingdom,11681
2026-08-19,09.9925,21,Hollow sections,North Macedonia,0
2026-08-19,09.9926,21,Hollow sections,China,0
2026-08-19,09.9927,21,Hollow sections,Ukraine,0
2026-08-19,09.9522,21,Hollow sections,FTA Quota – CSQ,0
2026-08-19,09.9622,21,Hollow sections,Other countries,0
2026-08-19,09.9747,21,Hollow sections,FTA Quota – Other countries,0
2026-08-19,09.9748,21,Hollow sections,Switzerland,448
2026-08-19,09.9928,22,Seamless stainless tubes and pipes,India,0
2026-08-19,09.9929,22,Seamless stainless tubes and pipes,Ukraine,449
2026-08-19,09.9930,22,Seamless stainless tubes and pipes,China,67
2026-08-19,09.9931,22,Seamless stainless tubes and pipes,Korea,412
2026-08-19,09.9523,22,Seamless stainless tubes and pipes,FTA Quota – CSQ,0
2026-08-19,09.9623,22,Seamless stainless tubes and pipes,Other countries,0
2026-08-19,09.9749,22,Seamless stainless tubes and pipes,FTA Quota – Other countries,0
2026-08-19,09.9750,22,Seamless stainless tubes and pipes,Japan,0
2026-08-19,09.9932,24,Other seamless tubes,China,0
2026-08-19,09.9933,24,Other seamless tubes,Ukraine,1558
2026-08-19,09.9934,24,Other seamless tubes,Brazil,5200
2026-08-19,09.9524,24,Other seamless tubes,FTA Quota – CSQ,3052
2026-08-19,09.9624,24,Other seamless tubes,Other countries,3147
2026-08-19,09.9751,24,Other seamless tubes,FTA Quota – Other countries,8729
2026-08-19,09.9752,24,Other seamless tubes,Argentina,982
2026-08-19,09.9753,24,Other seamless tubes,Singapore,110
2026-08-19,09.9935,25.A,Large welded tubes,Türkiye,1947
2026-08-19,09.9936,25.A,Large welded tubes,Israel,834
2026-08-19,09.9937,25.A,Large welded tubes,China,0
2026-08-19,09.9938,25.A,Large welded tubes,India,0
2026-08-19,09.9525,25.A,Large welded tubes,FTA Quota – CSQ,1113
2026-08-19,09.9625,25.A,Large welded tubes,Other countries,420
2026-08-19,09.9754,25.A,Large welded tubes,FTA Quota – Other countries,584
2026-08-19,09.9496,25.A,Large welded tubes,United Kingdom (to Northern Ireland from other parts of the United Kingdom),14
2026-08-19,09.9939,25.B,Large welded tubes (line pipe),Türkiye,4141
2026-08-19,09.9940,25.B,Large welded tubes (line pipe),China,0
2026-08-19,09.9941,25.B,Large welded tubes (line pipe),United Kingdom,1393
2026-08-19,09.9942,25.B,Large welded tubes (line pipe),Algeria,0
2026-08-19,09.9526,25.B,Large welded tubes (line pipe),FTA Quota – CSQ,2030
2026-08-19,09.9626,25.B,Large welded tubes (line pipe),Other countries,0
2026-08-19,09.9755,25.B,Large welded tubes (line pipe),FTA Quota – Other countries,811
2026-08-19,09.9756,25.B,Large welded tubes (line pipe),Singapore,21
2026-08-19,09.9943,26,Other welded tubes,Türkiye,0
2026-08-19,09.9944,26,Other welded tubes,Switzerland,10578
2026-08-19,09.9945,26,Other welded tubes,China,0
2026-08-19,09.9946,26,Other welded tubes,India,0
2026-08-19,09.9947,26,Other welded tubes,United Kingdom,2496
2026-08-19,09.9948,26,Other welded tubes,Taiwan,0
2026-08-19,09.9527,26,Other welded tubes,FTA Quota – CSQ,0
2026-08-19,09.9627,26,Other welded tubes,Other countries,352
2026-08-19,09.9757,26,Other welded tubes,FTA Quota – Other countries,1708
2026-08-19,09.9758,26,Other welded tubes,Singapore,0
2026-08-19,09.9949,27,Non-alloy & alloy cold finished bars,China,1031
2026-08-19,09.9950,27,Non-alloy & alloy cold finished bars,Türkiye,2140
2026-08-19,09.9951,27,Non-alloy & alloy cold finished bars,Switzerland,2512
2026-08-19,09.9952,27,Non-alloy & alloy cold finished bars,Ukraine,1280
2026-08-19,09.9528,27,Non-alloy & alloy cold finished bars,FTA Quota – CSQ,1491
2026-08-19,09.9628,27,Non-alloy & alloy cold finished bars,Other countries,179
2026-08-19,09.9759,27,Non-alloy & alloy cold finished bars,FTA Quota – Other countries,1609
2026-08-19,09.9953,27,Non-alloy & alloy cold finished bars,China,0
2026-08-19,09.9954,27,Non-alloy & alloy cold finished bars,Türkiye,0
2026-08-19,09.9955,27,Non-alloy & alloy cold finished bars,Ukraine,6858
2026-08-19,09.9529,27,Non-alloy & alloy cold finished bars,FTA Quota – CSQ,3824
2026-08-19,09.9629,27,Non-alloy & alloy cold finished bars,Other countries,0
2026-08-19,09.9760,27,Non-alloy & alloy cold finished bars,FTA Quota – Other countries,6138
2026-08-19,09.9497,27,Non-alloy & alloy cold finished bars,United Kingdom (to Northern Ireland from other parts of the United Kingdom),156
2026-08-20,09.9801,1.A,Non-alloy & other alloy hot rolled sheets/strips,Türkiye,0
2026-08-20,09.9802,1.A,Non-alloy & other alloy hot rolled sheets/strips,Japan,117559
2026-08-20,09.9803,1.A,Non-alloy & other alloy hot rolled sheets/strips,India,38357
2026-08-20,09.9804,1.A,Non-alloy & other alloy hot rolled sheets/strips,Taiwan,62665
2026-08-20,09.9805,1.A,Non-alloy & other alloy hot rolled sheets/strips,Ukraine,43294
2026-08-20,09.9806,1.A,Non-alloy & other alloy hot rolled sheets/strips,Korea,49706
2026-08-20,09.9807,1.A,Non-alloy & other alloy hot rolled sheets/strips,Viet Nam,46573
2026-08-20,09.9808,1.A,Non-alloy & other alloy hot rolled sheets/strips,Egypt,99402
2026-08-20,09.9809,1.A,Non-alloy & other alloy hot rolled sheets/strips,Serbia,37858
2026-08-20,09.9500,1.A,Non-alloy & other alloy hot rolled sheets/strips,FTA Quota – CSQ,0
2026-08-20,09.9701,1.A,Non-alloy & other alloy hot rolled sheets/strips,Brazil,42408
2026-08-20,09.9705,1.A,Non-alloy & other alloy hot rolled sheets/strips,United Kingdom,35723
2026-08-20,09.9702,1.A,Non-alloy & other alloy hot rolled sheets/strips,Indonesia,0
2026-08-20,09.9810,1.A,Non-alloy & other alloy hot rolled sheets/strips,Australia,11679
2026-08-20,09.9811,1.A,Non-alloy & other alloy hot rolled sheets/strips,Saudi Arabia,9545
2026-08-20,09.9704,1.A,Non-alloy & other alloy hot rolled sheets/strips,Switzerland,5302
2026-08-20,09.9812,1.A,Non-alloy & other alloy hot rolled sheets/strips,Kazakhstan,2349
2026-08-20,09.9703,1.A,Non-alloy & other alloy hot rolled sheets/strips,North Macedonia,890
2026-08-20,09.9600,1.A,Non-alloy & other alloy hot rolled sheets/strips,Other countries,0
2026-08-20,09.9700,1.A,Non-alloy & other alloy hot rolled sheets/strips,FTA Quota – Other countries,0
2026-08-20,09.9813,1.B,Non-alloy & other alloy hot rolled sheets/strips (7212 60),United Kingdom,223
2026-08-20,09.9814,1.B,Non-alloy & other alloy hot rolled sheets/strips (7212 60),United States,0
2026-08-20,09.9815,1.B,Non-alloy & other alloy hot rolled sheets/strips (7212 60),Japan,96
2026-08-20,09.9816,1.B,Non-alloy & other alloy hot rolled sheets/strips (7212 60),China,20
2026-08-20,09.9501,1.B,Non-alloy & other alloy hot rolled sheets/strips (7212 60),FTA Quota – CSQ,107
2026-08-20,09.9601,1.B,Non-alloy & other alloy hot rolled sheets/strips (7212 60),Other countries,40
2026-08-20,09.9706,1.B,Non-alloy & other alloy hot rolled sheets/strips (7212 60),FTA Quota – Other countries,49
2026-08-20,09.9817,2,Non-alloy & other alloy cold rolled sheets,Taiwan,33504
2026-08-20,09.9818,2,Non-alloy & other alloy cold rolled sheets,India,44157
2026-08-20,09.9819,2,Non-alloy & other alloy cold rolled sheets,Korea,13411
2026-08-20,09.9820,2,Non-alloy & other alloy cold rolled sheets,Türkiye,36768
2026-08-20,09.9821,2,Non-alloy & other alloy cold rolled sheets,United Kingdom,19525
2026-08-20,09.9822,2,Non-alloy & other alloy cold rolled sheets,Japan,28814
2026-08-20,09.9823,2,Non-alloy & other alloy cold rolled sheets,Ukraine,2089
2026-08-20,09.9502,2,Non-alloy & other alloy cold rolled sheets,FTA Quota – CSQ,33671
2026-08-20,09.9602,2,Non-alloy & other alloy cold rolled sheets,Other countries,0
2026-08-20,09.9707,2,Non-alloy & other alloy cold rolled sheets,FTA Quota – Other countries,8005
2026-08-20,09.9709,2,Non-alloy & other alloy cold rolled sheets,Egypt,0
2026-08-20,09.9710,2,Non-alloy & other alloy cold rolled sheets,Switzerland,358
2026-08-20,09.9708,2,Non-alloy & other alloy cold rolled sheets,Brazil,0
2026-08-20,09.9824,3.A,Electrical sheets (non grain-oriented),Japan,78
2026-08-20,09.9825,3.A,Electrical sheets (non grain-oriented),United Kingdom,20
2026-08-20,09.9826,3.A,Electrical sheets (non grain-oriented),China,5
2026-08-20,09.9827,3.A,Electrical sheets (non grain-oriented),Türkiye,9
2026-08-20,09.9503,3.A,Electrical sheets (non grain-oriented),FTA Quota – CSQ,29
2026-08-20,09.9603,3.A,Electrical sheets (non grain-oriented),Other countries,7
2026-08-20,09.9711,3.A,Electrical sheets (non grain-oriented),FTA Quota – Other countries,5
2026-08-20,09.9828,3.B,Electrical sheets (grain-oriented),China,0
2026-08-20,09.9829,3.B,Electrical sheets (grain-oriented),Taiwan,3916
2026-08-20,09.9830,3.B,Electrical sheets (grain-oriented),Korea,9232
2026-08-20,09.9831,3.B,Electrical sheets (grain-oriented),Viet Nam,6925
2026-08-20,09.9504,3.B,Electrical sheets (grain-oriented),FTA Quota – CSQ,4217
2026-08-20,09.9604,3.B,Electrical sheets (grain-oriented),Other countries,1477
2026-08-20,09.9712,3.B,Electrical sheets (grain-oriented),FTA Quota – Other countries,4078
2026-08-20,09.9713,3.B,Electrical sheets (grain-oriented),Japan,476
2026-08-20,09.9832,4.A,Metallic coated sheets,Viet Nam,96875
2026-08-20,09.9833,4.A,Metallic coated sheets,Taiwan,2851
2026-08-20,09.9834,4.A,Metallic coated sheets,Türkiye,0
2026-08-20,09.9835,4.A,Metallic coated sheets,India,37050
2026-08-20,09.9836,4.A,Metallic coated sheets,Korea,5476
2026-08-20,09.9505,4.A,Metallic coated sheets,FTA Quota – CSQ,0
2026-08-20,09.9605,4.A,Metallic coated sheets,Other countries,0
2026-08-20,09.9714,4.A,Metallic coated sheets,FTA Quota – Other countries,0
2026-08-20,09.9718,4.A,Metallic coated sheets,United Kingdom,439
2026-08-20,09.9716,4.A,Metallic coated sheets,Japan,1
2026-08-20,09.9715,4.A,Metallic coated sheets,Egypt,0
2026-08-20,09.9717,4.A,Metallic coated sheets,South Africa,3036
2026-08-20,09.9837,4.B,Metallic coated sheets (automotive),Korea,14698
2026-08-20,09.9838,4.B,Metallic coated sheets (automotive),China,0
2026-08-20,09.9839,4.B,Metallic coated sheets (automotive),United Kingdom,32432
2026-08-20,09.9840,4.B,Metallic coated sheets (automotive),Türkiye,0
2026-08-20,09.9841,4.B,Metallic coated sheets (automotive),India,23459
2026-08-20,09.9506,4.B,Metallic coated sheets (automotive),FTA Quota – CSQ,0
2026-08-20,09.9606,4.B,Metallic coated sheets (automotive),Other countries,0
2026-08-20,09.9719,4.B,Metallic coated sheets (automotive),FTA Quota – Other countries,920
2026-08-20,09.9720,4.B,Metallic coated sheets (automotive),Egypt,1641
2026-08-20,09.9721,4.B,Metallic coated sheets (automotive),Switzerland,0
2026-08-20,09.9842,5,Organic coated sheets,India,0
2026-08-20,09.9843,5,Organic coated sheets,Korea,0
2026-08-20,09.9844,5,Organic coated sheets,Viet Nam,3941
2026-08-20,09.9845,5,Organic coated sheets,Türkiye,0
2026-08-20,09.9846,5,Organic coated sheets,Taiwan,95
2026-08-20,09.9847,5,Organic coated sheets,United Kingdom,4125
2026-08-20,09.9507,5,Organic coated sheets,FTA Quota – CSQ,0
2026-08-20,09.9607,5,Organic coated sheets,Other countries,0
2026-08-20,09.9722,5,Organic coated sheets,FTA Quota – Other countries,1463
2026-08-20,09.9723,5,Organic coated sheets,North Macedonia,0
2026-08-20,09.9848,6,Tin mill products,China,30281
2026-08-20,09.9849,6,Tin mill products,Serbia,9259
2026-08-20,09.9850,6,Tin mill products,United Kingdom,8038
2026-08-20,09.9851,6,Tin mill products,Türkiye,11574
2026-08-20,09.9852,6,Tin mill products,Korea,7151
2026-08-20,09.9853,6,Tin mill products,India,5860
2026-08-20,09.9508,6,Tin mill products,FTA Quota – CSQ,11255
2026-08-20,09.9608,6,Tin mill products,Other countries,0
2026-08-20,09.9724,6,Tin mill products,FTA Quota – Other countries,4742
2026-08-20,09.9725,6,Tin mill products,Japan,0
2026-08-20,09.9726,6,Tin mill products,Singapore,21
2026-08-20,09.9854,7,Non-alloy & other alloy quarto plates,Korea,0
2026-08-20,09.9855,7,Non-alloy & other alloy quarto plates,Indonesia,18206
2026-08-20,09.9856,7,Non-alloy & other alloy quarto plates,India,18380
2026-08-20,09.9857,7,Non-alloy & other alloy quarto plates,Japan,17441
2026-08-20,09.9858,7,Non-alloy & other alloy quarto plates,North Macedonia,1240
2026-08-20,09.9859,7,Non-alloy & other alloy quarto plates,United Kingdom,1953
2026-08-20,09.9509,7,Non-alloy & other alloy quarto plates,FTA Quota – CSQ,7152
2026-08-20,09.9609,7,Non-alloy & other alloy quarto plates,Other countries,0
2026-08-20,09.9727,7,Non-alloy & other alloy quarto plates,FTA Quota – Other countries,6898
2026-08-20,09.9728,7,Non-alloy & other alloy quarto plates,Türkiye,0
2026-08-20,09.9491,7,Non-alloy & other alloy quarto plates,United Kingdom (to Northern Ireland from other parts of the United Kingdom),3298
2026-08-20,09.9860,8,Stainless hot rolled sheets and strips,Taiwan,2055
2026-08-20,09.9861,8,Stainless hot rolled sheets and strips,Indonesia,8955
2026-08-20,09.9862,8,Stainless hot rolled sheets and strips,India,2344
2026-08-20,09.9863,8,Stainless hot rolled sheets and strips,China,2222
2026-08-20,09.9864,8,Stainless hot rolled sheets and strips,Korea,523
2026-08-20,09.9865,8,Stainless hot rolled sheets and strips,Türkiye,3430
2026-08-20,09.9866,8,Stainless hot rolled sheets and strips,South Africa,1625
2026-08-20,09.9510,8,Stainless hot rolled sheets and strips,FTA Quota – CSQ,2806
2026-08-20,09.9610,8,Stainless hot rolled sheets and strips,Other countries,323
2026-08-20,09.9729,8,Stainless hot rolled sheets and strips,FTA Quota – Other countries,356
2026-08-20,09.9492,8,Stainless hot rolled sheets and strips,United Kingdom (to Northern Ireland from other parts of the United Kingdom),13
2026-08-20,09.9867,9,Stainless cold rolled sheets and strips,Taiwan,6772
2026-08-20,09.9868,9,Stainless cold rolled sheets and strips,China,6940
2026-08-20,09.9869,9,Stainless cold rolled sheets and strips,Korea,11686
2026-08-20,09.9870,9,Stainless cold rolled sheets and strips,Türkiye,8241
2026-08-20,09.9871,9,Stainless cold rolled sheets and strips,South Africa,7573
2026-08-20,09.9872,9,Stainless cold rolled sheets and strips,Viet Nam,5729
2026-08-20,09.9873,9,Stainless cold rolled sheets and strips,India,5618
2026-08-20,09.9511,9,Stainless cold rolled sheets and strips,FTA Quota – CSQ,9935
2026-08-20,09.9611,9,Stainless cold rolled sheets and strips,Other countries,2310
2026-08-20,09.9730,9,Stainless cold rolled sheets and strips,FTA Quota – Other countries,4676
2026-08-20,09.9731,9,Stainless cold rolled sheets and strips,Switzerland,125
2026-08-20,09.9493,9,Stainless cold rolled sheets and strips,United Kingdom (to Northern Ireland from other parts of the United Kingdom),29
2026-08-20,09.9874,10,Stainless hot rolled quarto plates,China,722
2026-08-20,09.9875,10,Stainless hot rolled quarto plates,India,595
2026-08-20,09.9876,10,Stainless hot rolled quarto plates,Korea,405
2026-08-20,09.9877,10,Stainless hot rolled quarto plates,South Africa,234
2026-08-20,09.9512,10,Stainless hot rolled quarto plates,FTA Quota – CSQ,279
2026-08-20,09.9612,10,Stainless hot rolled quarto plates,Other countries,139
2026-08-20,09.9732,10,Stainless hot rolled quarto plates,FTA Quota – Other countries,250
2026-08-20,09.9878,12,Non-alloy & other alloy merchant bars & light sections,China,11825
2026-08-20,09.9879,12,Non-alloy & other alloy merchant bars & light sections,Türkiye,28792
2026-08-20,09.9880,12,Non-alloy & other alloy merchant bars & light sections,United Kingdom,14783
2026-08-20,09.9881,12,Non-alloy & other alloy merchant bars & light sections,Switzerland,15875
2026-08-20,09.9882,12,Non-alloy & other alloy merchant bars & light sections,Korea,5912
2026-08-20,09.9883,12,Non-alloy & other alloy merchant bars & light sections,North Macedonia,5793
2026-08-20,09.9513,12,Non-alloy & other alloy merchant bars & light sections,FTA Quota – CSQ,14063
2026-08-20,09.9613,12,Non-alloy & other alloy merchant bars & light sections,Other countries,355
2026-08-20,09.9733,12,Non-alloy & other alloy merchant bars & light sections,FTA Quota – Other countries,10394
2026-08-20,09.9734,12,Non-alloy & other alloy merchant bars & light sections,Brazil,2819
2026-08-20,09.9735,12,Non-alloy & other alloy merchant bars & light sections,Egypt,26
2026-08-20,09.9884,13,Rebars,Türkiye,0
2026-08-20,09.9885,13,Rebars,Egypt,24756
2026-08-20,09.9886,13,Rebars,Algeria,8480
2026-08-20,09.9887,13,Rebars,Moldova,6566
2026-08-20,09.9888,13,Rebars,China,4870
2026-08-20,09.9889,13,Rebars,Ukraine,6404
2026-08-20,09.9514,13,Rebars,FTA Quota – CSQ,0
2026-08-20,09.9614,13,Rebars,Other countries,13038
2026-08-20,09.9736,13,Rebars,FTA Quota – Other countries,9575
2026-08-20,09.9494,13,Rebars,United Kingdom (to Northern Ireland from other parts of the United Kingdom),1950
2026-08-20,09.9890,14,Stainless bars and light sections,India,0
2026-08-20,09.9891,14,Stainless bars and light sections,Switzerland,643
2026-08-20,09.9892,14,Stainless bars and light sections,United Kingdom,1017
2026-08-20,09.9893,14,Stainless bars and light sections,China,326
2026-08-20,09.9515,14,Stainless bars and light sections,FTA Quota – CSQ,0
2026-08-20,09.9615,14,Stainless bars and light sections,Other countries,73
2026-08-20,09.9737,14,Stainless bars and light sections,FTA Quota – Other countries,460
2026-08-20,09.9894,15,Stainless wire rod,India,1910
2026-08-20,09.9895,15,Stainless wire rod,Taiwan,41
2026-08-20,09.9896,15,Stainless wire rod,Korea,676
2026-08-20,09.9897,15,Stainless wire rod,United Kingdom,615
2026-08-20,09.9898,15,Stainless wire rod,China,328
2026-08-20,09.9899,15,Stainless wire rod,Japan,14
2026-08-20,09.9516,15,Stainless wire rod,FTA Quota – CSQ,810
2026-08-20,09.9616,15,Stainless wire rod,Other countries,131
2026-08-20,09.9738,15,Stainless wire rod,FTA Quota – Other countries,91
2026-08-20,09.9900,16,Non-alloy & other alloy wire rod,Türkiye,0
2026-08-20,09.9901,16,Non-alloy & other alloy wire rod,Malaysia,21671
2026-08-20,09.9902,16,Non-alloy & other alloy wire rod,United Kingdom,33251
2026-08-20,09.9903,16,Non-alloy & other alloy wire rod,Ukraine,7323
2026-08-20,09.9904,16,Non-alloy & other alloy wire rod,Switzerland,7921
2026-08-20,09.9905,16,Non-alloy & other alloy wire rod,Viet Nam,15389
2026-08-20,09.9906,16,Non-alloy & other alloy wire rod,Moldova,15948
2026-08-20,09.9907,16,Non-alloy & other alloy wire rod,Egypt,2166
2026-08-20,09.9517,16,Non-alloy & other alloy wire rod,FTA Quota – CSQ,0
2026-08-20,09.9617,16,Non-alloy & other alloy wire rod,Other countries,34261
2026-08-20,09.9739,16,Non-alloy & other alloy wire rod,FTA Quota – Other countries,29412
2026-08-20,09.9740,16,Non-alloy & other alloy wire rod,Korea,2685
2026-08-20,09.9741,16,Non-alloy & other alloy wire rod,Japan,871
2026-08-20,09.9908,17,"Angles, shapes and sections of iron/non-alloy steel",Türkiye,492
2026-08-20,09.9909,17,"Angles, shapes and sections of iron/non-alloy steel",United Kingdom,4192
2026-08-20,09.9910,17,"Angles, shapes and sections of iron/non-alloy steel",Switzerland,2589
2026-08-20,09.9911,17,"Angles, shapes and sections of iron/non-alloy steel",United Arab Emirates,1486
2026-08-20,09.9518,17,"Angles, shapes and sections of iron/non-alloy steel",FTA Quota – CSQ,3032
2026-08-20,09.9618,17,"Angles, shapes and sections of iron/non-alloy steel",Other countries,2151
2026-08-20,09.9742,17,"Angles, shapes and sections of iron/non-alloy steel",FTA Quota – Other countries,1026
2026-08-20,09.9743,17,"Angles, shapes and sections of iron/non-alloy steel",Korea,1245
2026-08-20,09.9495,17,"Angles, shapes and sections of iron/non-alloy steel",United Kingdom (to Northern Ireland from other parts of the United Kingdom),11624
2026-08-20,09.9912,18,Sheet piling,China,0
2026-08-20,09.9913,18,Sheet piling,United Arab Emirates,2
2026-08-20,09.9914,18,Sheet piling,United Kingdom,1635
2026-08-20,09.9519,18,Sheet piling,FTA Quota – CSQ,1234
2026-08-20,09.9619,18,Sheet piling,Other countries,0
2026-08-20,09.9744,18,Sheet piling,FTA Quota – Other countries,1368
2026-08-20,09.9915,19,Railway material,United Kingdom,1190
2026-08-20,09.9916,19,Railway material,Türkiye,69
2026-08-20,09.9917,19,Railway material,China,0
2026-08-20,09.9520,19,Railway material,FTA Quota – CSQ,286
2026-08-20,09.9620,19,Railway material,Other countries,144
2026-08-20,09.9745,19,Railway material,FTA Quota – Other countries,140
2026-08-20,09.9918,20,Gas pipes,Türkiye,0
2026-08-20,09.9919,20,Gas pipes,India,0
2026-08-20,09.9920,20,Gas pipes,United Arab Emirates,2471
2026-08-20,09.9921,20,Gas pipes,North Macedonia,28
2026-08-20,09.9922,20,Gas pipes,United Kingdom,1692
2026-08-20,09.9521,20,Gas pipes,FTA Quota – CSQ,0
2026-08-20,09.9621,20,Gas pipes,Other countries,0
2026-08-20,09.9746,20,Gas pipes,FTA Quota – Other countries,947
2026-08-20,09.9923,21,Hollow sections,Türkiye,0
2026-08-20,09.9924,21,Hollow sections,United Kingdom,11495
2026-08-20,09.9925,21,Hollow sections,North Macedonia,0
2026-08-20,09.9926,21,Hollow sections,China,0
2026-08-20,09.9927,21,Hollow sections,Ukraine,0
2026-08-20,09.9522,21,Hollow sections,FTA Quota – CSQ,0
2026-08-20,09.9622,21,Hollow sections,Other countries,0
2026-08-20,09.9747,21,Hollow sections,FTA Quota – Other countries,0
2026-08-20,09.9748,21,Hollow sections,Switzerland,447
2026-08-20,09.9928,22,Seamless stainless tubes and pipes,India,0
2026-08-20,09.9929,22,Seamless stainless tubes and pipes,Ukraine,407
2026-08-20,09.9930,22,Seamless stainless tubes and pipes,China,66
2026-08-20,09.9931,22,Seamless stainless tubes and pipes,Korea,412
2026-08-20,09.9523,22,Seamless stainless tubes and pipes,FTA Quota – CSQ,0
2026-08-20,09.9623,22,Seamless stainless tubes and pipes,Other countries,0
2026-08-20,09.9749,22,Seamless stainless tubes and pipes,FTA Quota – Other countries,0
2026-08-20,09.9750,22,Seamless stainless tubes and pipes,Japan,0
2026-08-20,09.9932,24,Other seamless tubes,China,0
2026-08-20,09.9933,24,Other seamless tubes,Ukraine,1227
2026-08-20,09.9934,24,Other seamless tubes,Brazil,5200
2026-08-20,09.9524,24,Other seamless tubes,FTA Quota – CSQ,3052
2026-08-20,09.9624,24,Other seamless tubes,Other countries,3057
2026-08-20,09.9751,24,Other seamless tubes,FTA Quota – Other countries,8703
2026-08-20,09.9752,24,Other seamless tubes,Argentina,982
2026-08-20,09.9753,24,Other seamless tubes,Singapore,110
2026-08-20,09.9935,25.A,Large welded tubes,Türkiye,1947
2026-08-20,09.9936,25.A,Large welded tubes,Israel,834
2026-08-20,09.9937,25.A,Large welded tubes,China,0
2026-08-20,09.9938,25.A,Large welded tubes,India,0
2026-08-20,09.9525,25.A,Large welded tubes,FTA Quota – CSQ,1113
2026-08-20,09.9625,25.A,Large welded tubes,Other countries,420
2026-08-20,09.9754,25.A,Large welded tubes,FTA Quota – Other countries,584
2026-08-20,09.9496,25.A,Large welded tubes,United Kingdom (to Northern Ireland from other parts of the United Kingdom),14
2026-08-20,09.9939,25.B,Large welded tubes (line pipe),Türkiye,4141
2026-08-20,09.9940,25.B,Large welded tubes (line pipe),China,0
2026-08-20,09.9941,25.B,Large welded tubes (line pipe),United Kingdom,1393
2026-08-20,09.9942,25.B,Large welded tubes (line pipe),Algeria,0
2026-08-20,09.9526,25.B,Large welded tubes (line pipe),FTA Quota – CSQ,2030
2026-08-20,09.9626,25.B,Large welded tubes (line pipe),Other countries,0
2026-08-20,09.9755,25.B,Large welded tubes (line pipe),FTA Quota – Other countries,811
2026-08-20,09.9756,25.B,Large welded tubes (line pipe),Singapore,21
2026-08-20,09.9943,26,Other welded tubes,Türkiye,0
2026-08-20,09.9944,26,Other welded tubes,Switzerland,10548
2026-08-20,09.9945,26,Other welded tubes,China,0
2026-08-20,09.9946,26,Other welded tubes,India,0
2026-08-20,09.9947,26,Other welded tubes,United Kingdom,2443
2026-08-20,09.9948,26,Other welded tubes,Taiwan,0
2026-08-20,09.9527,26,Other welded tubes,FTA Quota – CSQ,0
2026-08-20,09.9627,26,Other welded tubes,Other countries,247
2026-08-20,09.9757,26,Other welded tubes,FTA Quota – Other countries,1678
2026-08-20,09.9758,26,Other welded tubes,Singapore,0
2026-08-20,09.9949,27,Non-alloy & alloy cold finished bars,China,687
2026-08-20,09.9950,27,Non-alloy & alloy cold finished bars,Türkiye,2018
2026-08-20,09.9951,27,Non-alloy & alloy cold finished bars,Switzerland,2428
2026-08-20,09.9952,27,Non-alloy & alloy cold finished bars,Ukraine,1280
2026-08-20,09.9528,27,Non-alloy & alloy cold finished bars,FTA Quota – CSQ,1491
2026-08-20,09.9628,27,Non-alloy & alloy cold finished bars,Other countries,79
2026-08-20,09.9759,27,Non-alloy & alloy cold finished bars,FTA Quota – Other countries,1609
2026-08-20,09.9953,27,Non-alloy & alloy cold finished bars,China,0
2026-08-20,09.9954,27,Non-alloy & alloy cold finished bars,Türkiye,0
2026-08-20,09.9955,27,Non-alloy & alloy cold finished bars,Ukraine,6524
2026-08-20,09.9529,27,Non-alloy & alloy cold finished bars,FTA Quota – CSQ,3462
2026-08-20,09.9629,27,Non-alloy & alloy cold finished bars,Other countries,0
2026-08-20,09.9760,27,Non-alloy & alloy cold finished bars,FTA Quota – Other countries,6093
2026-08-20,09.9497,27,Non-alloy & alloy cold finished bars,United Kingdom (to Northern Ireland from other parts of the United Kingdom),156
2026-08-21,09.9801,1.A,Non-alloy & other alloy hot rolled sheets/strips,Türkiye,0
2026-08-21,09.9802,1.A,Non-alloy & other alloy hot rolled sheets/strips,Japan,117559
2026-08-21,09.9803,1.A,Non-alloy & other alloy hot rolled sheets/strips,India,38357
2026-08-21,09.9804,1.A,Non-alloy & other alloy hot rolled sheets/strips,Taiwan,62665
2026-08-21,09.9805,1.A,Non-alloy & other alloy hot rolled sheets/strips,Ukraine,42084
2026-08-21,09.9806,1.A,Non-alloy & other alloy hot rolled sheets/strips,Korea,43419
2026-08-21,09.9807,1.A,Non-alloy & other alloy hot rolled sheets/strips,Viet Nam,46573
2026-08-21,09.9808,1.A,Non-alloy & other alloy hot rolled sheets/strips,Egypt,99402
2026-08-21,09.9809,1.A,Non-alloy & other alloy hot rolled sheets/strips,Serbia,37833
2026-08-21,09.9500,1.A,Non-alloy & other alloy hot rolled sheets/strips,FTA Quota – CSQ,0
2026-08-21,09.9701,1.A,Non-alloy & other alloy hot rolled sheets/strips,Brazil,42408
2026-08-21,09.9705,1.A,Non-alloy & other alloy hot rolled sheets/strips,United Kingdom,35703
2026-08-21,09.9702,1.A,Non-alloy & other alloy hot rolled sheets/strips,Indonesia,0
2026-08-21,09.9810,1.A,Non-alloy & other alloy hot rolled sheets/strips,Australia,11652
2026-08-21,09.9811,1.A,Non-alloy & other alloy hot rolled sheets/strips,Saudi Arabia,9545
2026-08-21,09.9704,1.A,Non-alloy & other alloy hot rolled sheets/strips,Switzerland,5296
2026-08-21,09.9812,1.A,Non-alloy & other alloy hot rolled sheets/strips,Kazakhstan,2349
2026-08-21,09.9703,1.A,Non-alloy & other alloy hot rolled sheets/strips,North Macedonia,837
2026-08-21,09.9600,1.A,Non-alloy & other alloy hot rolled sheets/strips,Other countries,0
2026-08-21,09.9700,1.A,Non-alloy & other alloy hot rolled sheets/strips,FTA Quota – Other countries,0
2026-08-21,09.9813,1.B,Non-alloy & other alloy hot rolled sheets/strips (7212 60),United Kingdom,202
2026-08-21,09.9814,1.B,Non-alloy & other alloy hot rolled sheets/strips (7212 60),United States,0
2026-08-21,09.9815,1.B,Non-alloy & other alloy hot rolled sheets/strips (7212 60),Japan,90
2026-08-21,09.9816,1.B,Non-alloy & other alloy hot rolled sheets/strips (7212 60),China,20
2026-08-21,09.9501,1.B,Non-alloy & other alloy hot rolled sheets/strips (7212 60),FTA Quota – CSQ,107
2026-08-21,09.9601,1.B,Non-alloy & other alloy hot rolled sheets/strips (7212 60),Other countries,40
2026-08-21,09.9706,1.B,Non-alloy & other alloy hot rolled sheets/strips (7212 60),FTA Quota – Other countries,49
2026-08-21,09.9817,2,Non-alloy & other alloy cold rolled sheets,Taiwan,33504
2026-08-21,09.9818,2,Non-alloy & other alloy cold rolled sheets,India,44157
2026-08-21,09.9819,2,Non-alloy & other alloy cold rolled sheets,Korea,12490
2026-08-21,09.9820,2,Non-alloy & other alloy cold rolled sheets,Türkiye,36768
2026-08-21,09.9821,2,Non-alloy & other alloy cold rolled sheets,United Kingdom,19504
2026-08-21,09.9822,2,Non-alloy & other alloy cold rolled sheets,Japan,28792
2026-08-21,09.9823,2,Non-alloy & other alloy cold rolled sheets,Ukraine,1698
2026-08-21,09.9502,2,Non-alloy & other alloy cold rolled sheets,FTA Quota – CSQ,33671
2026-08-21,09.9602,2,Non-alloy & other alloy cold rolled sheets,Other countries,0
2026-08-21,09.9707,2,Non-alloy & other alloy cold rolled sheets,FTA Quota – Other countries,7970
2026-08-21,09.9709,2,Non-alloy & other alloy cold rolled sheets,Egypt,0
2026-08-21,09.9710,2,Non-alloy & other alloy cold rolled sheets,Switzerland,335
2026-08-21,09.9708,2,Non-alloy & other alloy cold rolled sheets,Brazil,0
2026-08-21,09.9824,3.A,Electrical sheets (non grain-oriented),Japan,78
2026-08-21,09.9825,3.A,Electrical sheets (non grain-oriented),United Kingdom,20
2026-08-21,09.9826,3.A,Electrical sheets (non grain-oriented),China,5
2026-08-21,09.9827,3.A,Electrical sheets (non grain-oriented),Türkiye,9
2026-08-21,09.9503,3.A,Electrical sheets (non grain-oriented),FTA Quota – CSQ,29
2026-08-21,09.9603,3.A,Electrical sheets (non grain-oriented),Other countries,7
2026-08-21,09.9711,3.A,Electrical sheets (non grain-oriented),FTA Quota – Other countries,5
2026-08-21,09.9828,3.B,Electrical sheets (grain-oriented),China,0
2026-08-21,09.9829,3.B,Electrical sheets (grain-oriented),Taiwan,3916
2026-08-21,09.9830,3.B,Electrical sheets (grain-oriented),Korea,9210
2026-08-21,09.9831,3.B,Electrical sheets (grain-oriented),Viet Nam,6925
2026-08-21,09.9504,3.B,Electrical sheets (grain-oriented),FTA Quota – CSQ,4217
2026-08-21,09.9604,3.B,Electrical sheets (grain-oriented),Other countries,1477
2026-08-21,09.9712,3.B,Electrical sheets (grain-oriented),FTA Quota – Other countries,4078
2026-08-21,09.9713,3.B,Electrical sheets (grain-oriented),Japan,476
2026-08-21,09.9832,4.A,Metallic coated sheets,Viet Nam,96857
2026-08-21,09.9833,4.A,Metallic coated sheets,Taiwan,2851
2026-08-21,09.9834,4.A,Metallic coated sheets,Türkiye,0
2026-08-21,09.9835,4.A,Metallic coated sheets,India,34811
2026-08-21,09.9836,4.A,Metallic coated sheets,Korea,4734
2026-08-21,09.9505,4.A,Metallic coated sheets,FTA Quota – CSQ,0
2026-08-21,09.9605,4.A,Metallic coated sheets,Other countries,0
2026-08-21,09.9714,4.A,Metallic coated sheets,FTA Quota – Other countries,0
2026-08-21,09.9718,4.A,Metallic coated sheets,United Kingdom,390
2026-08-21,09.9716,4.A,Metallic coated sheets,Japan,1
2026-08-21,09.9715,4.A,Metallic coated sheets,Egypt,0
2026-08-21,09.9717,4.A,Metallic coated sheets,South Africa,0
2026-08-21,09.9837,4.B,Metallic coated sheets (automotive),Korea,13856
2026-08-21,09.9838,4.B,Metallic coated sheets (automotive),China,0
2026-08-21,09.9839,4.B,Metallic coated sheets (automotive),United Kingdom,32414
2026-08-21,09.9840,4.B,Metallic coated sheets (automotive),Türkiye,0
2026-08-21,09.9841,4.B,Metallic coated sheets (automotive),India,22376
2026-08-21,09.9506,4.B,Metallic coated sheets (automotive),FTA Quota – CSQ,0
2026-08-21,09.9606,4.B,Metallic coated sheets (automotive),Other countries,0
2026-08-21,09.9719,4.B,Metallic coated sheets (automotive),FTA Quota – Other countries,822
2026-08-21,09.9720,4.B,Metallic coated sheets (automotive),Egypt,1641
2026-08-21,09.9721,4.B,Metallic coated sheets (automotive),Switzerland,0
2026-08-21,09.9842,5,Organic coated sheets,India,0
2026-08-21,09.9843,5,Organic coated sheets,Korea,0
2026-08-21,09.9844,5,Organic coated sheets,Viet Nam,3935
2026-08-21,09.9845,5,Organic coated sheets,Türkiye,0
2026-08-21,09.9846,5,Organic coated sheets,Taiwan,95
2026-08-21,09.9847,5,Organic coated sheets,United Kingdom,4026
2026-08-21,09.9507,5,Organic coated sheets,FTA Quota – CSQ,0
2026-08-21,09.9607,5,Organic coated sheets,Other countries,0
2026-08-21,09.9722,5,Organic coated sheets,FTA Quota – Other countries,1459
2026-08-21,09.9723,5,Organic coated sheets,North Macedonia,0
2026-08-21,09.9848,6,Tin mill products,China,30230
2026-08-21,09.9849,6,Tin mill products,Serbia,9237
2026-08-21,09.9850,6,Tin mill products,United Kingdom,7729
2026-08-21,09.9851,6,Tin mill products,Türkiye,11574
2026-08-21,09.9852,6,Tin mill products,Korea,7151
2026-08-21,09.9853,6,Tin mill products,India,5860
2026-08-21,09.9508,6,Tin mill products,FTA Quota – CSQ,11255
2026-08-21,09.9608,6,Tin mill products,Other countries,0
2026-08-21,09.9724,6,Tin mill products,FTA Quota – Other countries,4567
2026-08-21,09.9725,6,Tin mill products,Japan,0
2026-08-21,09.9726,6,Tin mill products,Singapore,21
2026-08-21,09.9854,7,Non-alloy & other alloy quarto plates,Korea,0
2026-08-21,09.9855,7,Non-alloy & other alloy quarto plates,Indonesia,18206
2026-08-21,09.9856,7,Non-alloy & other alloy quarto plates,India,18380
2026-08-21,09.9857,7,Non-alloy & other alloy quarto plates,Japan,7257
2026-08-21,09.9858,7,Non-alloy & other alloy quarto plates,North Macedonia,839
2026-08-21,09.9859,7,Non-alloy & other alloy quarto plates,United Kingdom,1679
2026-08-21,09.9509,7,Non-alloy & other alloy quarto plates,FTA Quota – CSQ,6786
2026-08-21,09.9609,7,Non-alloy & other alloy quarto plates,Other countries,0
2026-08-21,09.9727,7,Non-alloy & other alloy quarto plates,FTA Quota – Other countries,6895
2026-08-21,09.9728,7,Non-alloy & other alloy quarto plates,Türkiye,0
2026-08-21,09.9491,7,Non-alloy & other alloy quarto plates,United Kingdom (to Northern Ireland from other parts of the United Kingdom),3125
2026-08-21,09.9860,8,Stainless hot rolled sheets and strips,Taiwan,2055
2026-08-21,09.9861,8,Stainless hot rolled sheets and strips,Indonesia,8955
2026-08-21,09.9862,8,Stainless hot rolled sheets and strips,India,2331
2026-08-21,09.9863,8,Stainless hot rolled sheets and strips,China,2222
2026-08-21,09.9864,8,Stainless hot rolled sheets and strips,Korea,523
2026-08-21,09.9865,8,Stainless hot rolled sheets and strips,Türkiye,3430
2026-08-21,09.9866,8,Stainless hot rolled sheets and strips,South Africa,860
2026-08-21,09.9510,8,Stainless hot rolled sheets and strips,FTA Quota – CSQ,2806
2026-08-21,09.9610,8,Stainless hot rolled sheets and strips,Other countries,320
2026-08-21,09.9729,8,Stainless hot rolled sheets and strips,FTA Quota – Other countries,359
2026-08-21,09.9492,8,Stainless hot rolled sheets and strips,United Kingdom (to Northern Ireland from other parts of the United Kingdom),13
2026-08-21,09.9867,9,Stainless cold rolled sheets and strips,Taiwan,6452
2026-08-21,09.9868,9,Stainless cold rolled sheets and strips,China,6934
2026-08-21,09.9869,9,Stainless cold rolled sheets and strips,Korea,11565
2026-08-21,09.9870,9,Stainless cold rolled sheets and strips,Türkiye,8241
2026-08-21,09.9871,9,Stainless cold rolled sheets and strips,South Africa,7573
2026-08-21,09.9872,9,Stainless cold rolled sheets and strips,Viet Nam,5729
2026-08-21,09.9873,9,Stainless cold rolled sheets and strips,India,5369
2026-08-21,09.9511,9,Stainless cold rolled sheets and strips,FTA Quota – CSQ,9935
2026-08-21,09.9611,9,Stainless cold rolled sheets and strips,Other countries,2048
2026-08-21,09.9730,9,Stainless cold rolled sheets and strips,FTA Quota – Other countries,4654
2026-08-21,09.9731,9,Stainless cold rolled sheets and strips,Switzerland,123
2026-08-21,09.9493,9,Stainless cold rolled sheets and strips,United Kingdom (to Northern Ireland from other parts of the United Kingdom),29
2026-08-21,09.9874,10,Stainless hot rolled quarto plates,China,718
2026-08-21,09.9875,10,Stainless hot rolled quarto plates,India,595
2026-08-21,09.9876,10,Stainless hot rolled quarto plates,Korea,405
2026-08-21,09.9877,10,Stainless hot rolled quarto plates,South Africa,234
2026-08-21,09.9512,10,Stainless hot rolled quarto plates,FTA Quota – CSQ,279
2026-08-21,09.9612,10,Stainless hot rolled quarto plates,Other countries,139
2026-08-21,09.9732,10,Stainless hot rolled quarto plates,FTA Quota – Other countries,250
2026-08-21,09.9878,12,Non-alloy & other alloy merchant bars & light sections,China,11366
2026-08-21,09.9879,12,Non-alloy & other alloy merchant bars & light sections,Türkiye,28619
2026-08-21,09.9880,12,Non-alloy & other alloy merchant bars & light sections,United Kingdom,14524
2026-08-21,09.9881,12,Non-alloy & other alloy merchant bars & light sections,Switzerland,15765
2026-08-21,09.9882,12,Non-alloy & other alloy merchant bars & light sections,Korea,5912
2026-08-21,09.9883,12,Non-alloy & other alloy merchant bars & light sections,North Macedonia,5519
2026-08-21,09.9513,12,Non-alloy & other alloy merchant bars & light sections,FTA Quota – CSQ,14063
2026-08-21,09.9613,12,Non-alloy & other alloy merchant bars & light sections,Other countries,355
2026-08-21,09.9733,12,Non-alloy & other alloy merchant bars & light sections,FTA Quota – Other countries,10327
2026-08-21,09.9734,12,Non-alloy & other alloy merchant bars & light sections,Brazil,2819
2026-08-21,09.9735,12,Non-alloy & other alloy merchant bars & light sections,Egypt,26
2026-08-21,09.9884,13,Rebars,Türkiye,0
2026-08-21,09.9885,13,Rebars,Egypt,24756
2026-08-21,09.9886,13,Rebars,Algeria,8480
2026-08-21,09.9887,13,Rebars,Moldova,6458
2026-08-21,09.9888,13,Rebars,China,4870
2026-08-21,09.9889,13,Rebars,Ukraine,6404
2026-08-21,09.9514,13,Rebars,FTA Quota – CSQ,0
2026-08-21,09.9614,13,Rebars,Other countries,13038
2026-08-21,09.9736,13,Rebars,FTA Quota – Other countries,9575
2026-08-21,09.9494,13,Rebars,United Kingdom (to Northern Ireland from other parts of the United Kingdom),1616
2026-08-21,09.9890,14,Stainless bars and light sections,India,0
2026-08-21,09.9891,14,Stainless bars and light sections,Switzerland,583
2026-08-21,09.9892,14,Stainless bars and light sections,United Kingdom,1012
2026-08-21,09.9893,14,Stainless bars and light sections,China,324
2026-08-21,09.9515,14,Stainless bars and light sections,FTA Quota – CSQ,0
2026-08-21,09.9615,14,Stainless bars and light sections,Other countries,70
2026-08-21,09.9737,14,Stainless bars and light sections,FTA Quota – Other countries,456
2026-08-21,09.9894,15,Stainless wire rod,India,1910
2026-08-21,09.9895,15,Stainless wire rod,Taiwan,41
2026-08-21,09.9896,15,Stainless wire rod,Korea,665
2026-08-21,09.9897,15,Stainless wire rod,United Kingdom,615
2026-08-21,09.9898,15,Stainless wire rod,China,328
2026-08-21,09.9899,15,Stainless wire rod,Japan,14
2026-08-21,09.9516,15,Stainless wire rod,FTA Quota – CSQ,810
2026-08-21,09.9616,15,Stainless wire rod,Other countries,99
2026-08-21,09.9738,15,Stainless wire rod,FTA Quota – Other countries,91
2026-08-21,09.9900,16,Non-alloy & other alloy wire rod,Türkiye,0
2026-08-21,09.9901,16,Non-alloy & other alloy wire rod,Malaysia,21671
2026-08-21,09.9902,16,Non-alloy & other alloy wire rod,United Kingdom,32959
2026-08-21,09.9903,16,Non-alloy & other alloy wire rod,Ukraine,6890
2026-08-21,09.9904,16,Non-alloy & other alloy wire rod,Switzerland,7522
2026-08-21,09.9905,16,Non-alloy & other alloy wire rod,Viet Nam,15389
2026-08-21,09.9906,16,Non-alloy & other alloy wire rod,Moldova,15685
2026-08-21,09.9907,16,Non-alloy & other alloy wire rod,Egypt,2166
2026-08-21,09.9517,16,Non-alloy & other alloy wire rod,FTA Quota – CSQ,0
2026-08-21,09.9617,16,Non-alloy & other alloy wire rod,Other countries,31161
2026-08-21,09.9739,16,Non-alloy & other alloy wire rod,FTA Quota – Other countries,29412
2026-08-21,09.9740,16,Non-alloy & other alloy wire rod,Korea,2685
2026-08-21,09.9741,16,Non-alloy & other alloy wire rod,Japan,871
2026-08-21,09.9908,17,"Angles, shapes and sections of iron/non-alloy steel",Türkiye,492
2026-08-21,09.9909,17,"Angles, shapes and sections of iron/non-alloy steel",United Kingdom,4131
2026-08-21,09.9910,17,"Angles, shapes and sections of iron/non-alloy steel",Switzerland,2589
2026-08-21,09.9911,17,"Angles, shapes and sections of iron/non-alloy steel",United Arab Emirates,1486
2026-08-21,09.9518,17,"Angles, shapes and sections of iron/non-alloy steel",FTA Quota – CSQ,3032
2026-08-21,09.9618,17,"Angles, shapes and sections of iron/non-alloy steel",Other countries,2143
2026-08-21,09.9742,17,"Angles, shapes and sections of iron/non-alloy steel",FTA Quota – Other countries,1026
2026-08-21,09.9743,17,"Angles, shapes and sections of iron/non-alloy steel",Korea,1245
2026-08-21,09.9495,17,"Angles, shapes and sections of iron/non-alloy steel",United Kingdom (to Northern Ireland from other parts of the United Kingdom),11483
2026-08-21,09.9912,18,Sheet piling,China,0
2026-08-21,09.9913,18,Sheet piling,United Arab Emirates,2
2026-08-21,09.9914,18,Sheet piling,United Kingdom,1635
2026-08-21,09.9519,18,Sheet piling,FTA Quota – CSQ,1234
2026-08-21,09.9619,18,Sheet piling,Other countries,0
2026-08-21,09.9744,18,Sheet piling,FTA Quota – Other countries,1367
2026-08-21,09.9915,19,Railway material,United Kingdom,107
2026-08-21,09.9916,19,Railway material,Türkiye,69
2026-08-21,09.9917,19,Railway material,China,0
2026-08-21,09.9520,19,Railway material,FTA Quota – CSQ,286
2026-08-21,09.9620,19,Railway material,Other countries,143
2026-08-21,09.9745,19,Railway material,FTA Quota – Other countries,140
2026-08-21,09.9918,20,Gas pipes,Türkiye,0
2026-08-21,09.9919,20,Gas pipes,India,0
2026-08-21,09.9920,20,Gas pipes,United Arab Emirates,2471
2026-08-21,09.9921,20,Gas pipes,North Macedonia,28
2026-08-21,09.9922,20,Gas pipes,United Kingdom,1693
2026-08-21,09.9521,20,Gas pipes,FTA Quota – CSQ,0
2026-08-21,09.9621,20,Gas pipes,Other countries,0
2026-08-21,09.9746,20,Gas pipes,FTA Quota – Other countries,878
2026-08-21,09.9923,21,Hollow sections,Türkiye,0
2026-08-21,09.9924,21,Hollow sections,United Kingdom,11374
2026-08-21,09.9925,21,Hollow sections,North Macedonia,0
2026-08-21,09.9926,21,Hollow sections,China,0
2026-08-21,09.9927,21,Hollow sections,Ukraine,0
2026-08-21,09.9522,21,Hollow sections,FTA Quota – CSQ,0
2026-08-21,09.9622,21,Hollow sections,Other countries,0
2026-08-21,09.9747,21,Hollow sections,FTA Quota – Other countries,0
2026-08-21,09.9748,21,Hollow sections,Switzerland,423
2026-08-21,09.9928,22,Seamless stainless tubes and pipes,India,0
2026-08-21,09.9929,22,Seamless stainless tubes and pipes,Ukraine,338
2026-08-21,09.9930,22,Seamless stainless tubes and pipes,China,65
2026-08-21,09.9931,22,Seamless stainless tubes and pipes,Korea,412
2026-08-21,09.9523,22,Seamless stainless tubes and pipes,FTA Quota – CSQ,0
2026-08-21,09.9623,22,Seamless stainless tubes and pipes,Other countries,0
2026-08-21,09.9749,22,Seamless stainless tubes and pipes,FTA Quota – Other countries,0
2026-08-21,09.9750,22,Seamless stainless tubes and pipes,Japan,0
2026-08-21,09.9932,24,Other seamless tubes,China,0
2026-08-21,09.9933,24,Other seamless tubes,Ukraine,766
2026-08-21,09.9934,24,Other seamless tubes,Brazil,5171
2026-08-21,09.9524,24,Other seamless tubes,FTA Quota – CSQ,3052
2026-08-21,09.9624,24,Other seamless tubes,Other countries,2877
2026-08-21,09.9751,24,Other seamless tubes,FTA Quota – Other countries,8703
2026-08-21,09.9752,24,Other seamless tubes,Argentina,982
2026-08-21,09.9753,24,Other seamless tubes,Singapore,110
2026-08-21,09.9935,25.A,Large welded tubes,Türkiye,1947
2026-08-21,09.9936,25.A,Large welded tubes,Israel,834
2026-08-21,09.9937,25.A,Large welded tubes,China,0
2026-08-21,09.9938,25.A,Large welded tubes,India,0
2026-08-21,09.9525,25.A,Large welded tubes,FTA Quota – CSQ,1113
2026-08-21,09.9625,25.A,Large welded tubes,Other countries,350
2026-08-21,09.9754,25.A,Large welded tubes,FTA Quota – Other countries,584
2026-08-21,09.9496,25.A,Large welded tubes,United Kingdom (to Northern Ireland from other parts of the United Kingdom),14
2026-08-21,09.9939,25.B,Large welded tubes (line pipe),Türkiye,4141
2026-08-21,09.9940,25.B,Large welded tubes (line pipe),China,0
2026-08-21,09.9941,25.B,Large welded tubes (line pipe),United Kingdom,1321
2026-08-21,09.9942,25.B,Large welded tubes (line pipe),Algeria,0
2026-08-21,09.9526,25.B,Large welded tubes (line pipe),FTA Quota – CSQ,2030
2026-08-21,09.9626,25.B,Large welded tubes (line pipe),Other countries,0
2026-08-21,09.9755,25.B,Large welded tubes (line pipe),FTA Quota – Other countries,811
2026-08-21,09.9756,25.B,Large welded tubes (line pipe),Singapore,21
2026-08-21,09.9943,26,Other welded tubes,Türkiye,0
2026-08-21,09.9944,26,Other welded tubes,Switzerland,10518
2026-08-21,09.9945,26,Other welded tubes,China,0
2026-08-21,09.9946,26,Other welded tubes,India,0
2026-08-21,09.9947,26,Other welded tubes,United Kingdom,2413
2026-08-21,09.9948,26,Other welded tubes,Taiwan,0
2026-08-21,09.9527,26,Other welded tubes,FTA Quota – CSQ,0
2026-08-21,09.9627,26,Other welded tubes,Other countries,179
2026-08-21,09.9757,26,Other welded tubes,FTA Quota – Other countries,1591
2026-08-21,09.9758,26,Other welded tubes,Singapore,0
2026-08-21,09.9949,27,Non-alloy & alloy cold finished bars,China,661
2026-08-21,09.9950,27,Non-alloy & alloy cold finished bars,Türkiye,1995
2026-08-21,09.9951,27,Non-alloy & alloy cold finished bars,Switzerland,2365
2026-08-21,09.9952,27,Non-alloy & alloy cold finished bars,Ukraine,1273
2026-08-21,09.9528,27,Non-alloy & alloy cold finished bars,FTA Quota – CSQ,1491
2026-08-21,09.9628,27,Non-alloy & alloy cold finished bars,Other countries,18
2026-08-21,09.9759,27,Non-alloy & alloy cold finished bars,FTA Quota – Other countries,1566
2026-08-21,09.9953,27,Non-alloy & alloy cold finished bars,China,0
2026-08-21,09.9954,27,Non-alloy & alloy cold finished bars,Türkiye,0
2026-08-21,09.9955,27,Non-alloy & alloy cold finished bars,Ukraine,6300
2026-08-21,09.9529,27,Non-alloy & alloy cold finished bars,FTA Quota – CSQ,3367
2026-08-21,09.9629,27,Non-alloy & alloy cold finished bars,Other countries,0
2026-08-21,09.9760,27,Non-alloy & alloy cold finished bars,FTA Quota – Other countries,6051
2026-08-21,09.9497,27,Non-alloy & alloy cold finished bars,United Kingdom (to Northern Ireland from other parts of the United Kingdom),156
2026-08-22,09.9801,1.A,Non-alloy & other alloy hot rolled sheets/strips,Türkiye,0
2026-08-22,09.9802,1.A,Non-alloy & other alloy hot rolled sheets/strips,Japan,117559
2026-08-22,09.9803,1.A,Non-alloy & other alloy hot rolled sheets/strips,India,38357
2026-08-22,09.9804,1.A,Non-alloy & other alloy hot rolled sheets/strips,Taiwan,62665
2026-08-22,09.9805,1.A,Non-alloy & other alloy hot rolled sheets/strips,Ukraine,42084
2026-08-22,09.9806,1.A,Non-alloy & other alloy hot rolled sheets/strips,Korea,43419
2026-08-22,09.9807,1.A,Non-alloy & other alloy hot rolled sheets/strips,Viet Nam,46573
2026-08-22,09.9808,1.A,Non-alloy & other alloy hot rolled sheets/strips,Egypt,99402
2026-08-22,09.9809,1.A,Non-alloy & other alloy hot rolled sheets/strips,Serbia,37833
2026-08-22,09.9500,1.A,Non-alloy & other alloy hot rolled sheets/strips,FTA Quota – CSQ,0
2026-08-22,09.9701,1.A,Non-alloy & other alloy hot rolled sheets/strips,Brazil,42408
2026-08-22,09.9705,1.A,Non-alloy & other alloy hot rolled sheets/strips,United Kingdom,35703
2026-08-22,09.9702,1.A,Non-alloy & other alloy hot rolled sheets/strips,Indonesia,0
2026-08-22,09.9810,1.A,Non-alloy & other alloy hot rolled sheets/strips,Australia,11652
2026-08-22,09.9811,1.A,Non-alloy & other alloy hot rolled sheets/strips,Saudi Arabia,9545
2026-08-22,09.9704,1.A,Non-alloy & other alloy hot rolled sheets/strips,Switzerland,5296
2026-08-22,09.9812,1.A,Non-alloy & other alloy hot rolled sheets/strips,Kazakhstan,2349
2026-08-22,09.9703,1.A,Non-alloy & other alloy hot rolled sheets/strips,North Macedonia,837
2026-08-22,09.9600,1.A,Non-alloy & other alloy hot rolled sheets/strips,Other countries,0
2026-08-22,09.9700,1.A,Non-alloy & other alloy hot rolled sheets/strips,FTA Quota – Other countries,0
2026-08-22,09.9813,1.B,Non-alloy & other alloy hot rolled sheets/strips (7212 60),United Kingdom,202
2026-08-22,09.9814,1.B,Non-alloy & other alloy hot rolled sheets/strips (7212 60),United States,0
2026-08-22,09.9815,1.B,Non-alloy & other alloy hot rolled sheets/strips (7212 60),Japan,90
2026-08-22,09.9816,1.B,Non-alloy & other alloy hot rolled sheets/strips (7212 60),China,20
2026-08-22,09.9501,1.B,Non-alloy & other alloy hot rolled sheets/strips (7212 60),FTA Quota – CSQ,107
2026-08-22,09.9601,1.B,Non-alloy & other alloy hot rolled sheets/strips (7212 60),Other countries,40
2026-08-22,09.9706,1.B,Non-alloy & other alloy hot rolled sheets/strips (7212 60),FTA Quota – Other countries,49
2026-08-22,09.9817,2,Non-alloy & other alloy cold rolled sheets,Taiwan,33504
2026-08-22,09.9818,2,Non-alloy & other alloy cold rolled sheets,India,44157
2026-08-22,09.9819,2,Non-alloy & other alloy cold rolled sheets,Korea,12490
2026-08-22,09.9820,2,Non-alloy & other alloy cold rolled sheets,Türkiye,36768
2026-08-22,09.9821,2,Non-alloy & other alloy cold rolled sheets,United Kingdom,19504
2026-08-22,09.9822,2,Non-alloy & other alloy cold rolled sheets,Japan,28792
2026-08-22,09.9823,2,Non-alloy & other alloy cold rolled sheets,Ukraine,1698
2026-08-22,09.9502,2,Non-alloy & other alloy cold rolled sheets,FTA Quota – CSQ,33671
2026-08-22,09.9602,2,Non-alloy & other alloy cold rolled sheets,Other countries,0
2026-08-22,09.9707,2,Non-alloy & other alloy cold rolled sheets,FTA Quota – Other countries,7970
2026-08-22,09.9709,2,Non-alloy & other alloy cold rolled sheets,Egypt,0
2026-08-22,09.9710,2,Non-alloy & other alloy cold rolled sheets,Switzerland,335
2026-08-22,09.9708,2,Non-alloy & other alloy cold rolled sheets,Brazil,0
2026-08-22,09.9824,3.A,Electrical sheets (non grain-oriented),Japan,78
2026-08-22,09.9825,3.A,Electrical sheets (non grain-oriented),United Kingdom,20
2026-08-22,09.9826,3.A,Electrical sheets (non grain-oriented),China,5
2026-08-22,09.9827,3.A,Electrical sheets (non grain-oriented),Türkiye,9
2026-08-22,09.9503,3.A,Electrical sheets (non grain-oriented),FTA Quota – CSQ,29
2026-08-22,09.9603,3.A,Electrical sheets (non grain-oriented),Other countries,7
2026-08-22,09.9711,3.A,Electrical sheets (non grain-oriented),FTA Quota – Other countries,5
2026-08-22,09.9828,3.B,Electrical sheets (grain-oriented),China,0
2026-08-22,09.9829,3.B,Electrical sheets (grain-oriented),Taiwan,3916
2026-08-22,09.9830,3.B,Electrical sheets (grain-oriented),Korea,9210
2026-08-22,09.9831,3.B,Electrical sheets (grain-oriented),Viet Nam,6925
2026-08-22,09.9504,3.B,Electrical sheets (grain-oriented),FTA Quota – CSQ,4217
2026-08-22,09.9604,3.B,Electrical sheets (grain-oriented),Other countries,1477
2026-08-22,09.9712,3.B,Electrical sheets (grain-oriented),FTA Quota – Other countries,4078
2026-08-22,09.9713,3.B,Electrical sheets (grain-oriented),Japan,476
2026-08-22,09.9832,4.A,Metallic coated sheets,Viet Nam,96857
2026-08-22,09.9833,4.A,Metallic coated sheets,Taiwan,2851
2026-08-22,09.9834,4.A,Metallic coated sheets,Türkiye,0
2026-08-22,09.9835,4.A,Metallic coated sheets,India,34811
2026-08-22,09.9836,4.A,Metallic coated sheets,Korea,4734
2026-08-22,09.9505,4.A,Metallic coated sheets,FTA Quota – CSQ,0
2026-08-22,09.9605,4.A,Metallic coated sheets,Other countries,0
2026-08-22,09.9714,4.A,Metallic coated sheets,FTA Quota – Other countries,0
2026-08-22,09.9718,4.A,Metallic coated sheets,United Kingdom,390
2026-08-22,09.9716,4.A,Metallic coated sheets,Japan,1
2026-08-22,09.9715,4.A,Metallic coated sheets,Egypt,0
2026-08-22,09.9717,4.A,Metallic coated sheets,South Africa,0
2026-08-22,09.9837,4.B,Metallic coated sheets (automotive),Korea,13856
2026-08-22,09.9838,4.B,Metallic coated sheets (automotive),China,0
2026-08-22,09.9839,4.B,Metallic coated sheets (automotive),United Kingdom,32414
2026-08-22,09.9840,4.B,Metallic coated sheets (automotive),Türkiye,0
2026-08-22,09.9841,4.B,Metallic coated sheets (automotive),India,22376
2026-08-22,09.9506,4.B,Metallic coated sheets (automotive),FTA Quota – CSQ,0
2026-08-22,09.9606,4.B,Metallic coated sheets (automotive),Other countries,0
2026-08-22,09.9719,4.B,Metallic coated sheets (automotive),FTA Quota – Other countries,822
2026-08-22,09.9720,4.B,Metallic coated sheets (automotive),Egypt,1641
2026-08-22,09.9721,4.B,Metallic coated sheets (automotive),Switzerland,0
2026-08-22,09.9842,5,Organic coated sheets,India,0
2026-08-22,09.9843,5,Organic coated sheets,Korea,0
2026-08-22,09.9844,5,Organic coated sheets,Viet Nam,3935
2026-08-22,09.9845,5,Organic coated sheets,Türkiye,0
2026-08-22,09.9846,5,Organic coated sheets,Taiwan,95
2026-08-22,09.9847,5,Organic coated sheets,United Kingdom,4026
2026-08-22,09.9507,5,Organic coated sheets,FTA Quota – CSQ,0
2026-08-22,09.9607,5,Organic coated sheets,Other countries,0
2026-08-22,09.9722,5,Organic coated sheets,FTA Quota – Other countries,1459
2026-08-22,09.9723,5,Organic coated sheets,North Macedonia,0
2026-08-22,09.9848,6,Tin mill products,China,30230
2026-08-22,09.9849,6,Tin mill products,Serbia,9237
2026-08-22,09.9850,6,Tin mill products,United Kingdom,7729
2026-08-22,09.9851,6,Tin mill products,Türkiye,11574
2026-08-22,09.9852,6,Tin mill products,Korea,7151
2026-08-22,09.9853,6,Tin mill products,India,5860
2026-08-22,09.9508,6,Tin mill products,FTA Quota – CSQ,11255
2026-08-22,09.9608,6,Tin mill products,Other countries,0
2026-08-22,09.9724,6,Tin mill products,FTA Quota – Other countries,4567
2026-08-22,09.9725,6,Tin mill products,Japan,0
2026-08-22,09.9726,6,Tin mill products,Singapore,21
2026-08-22,09.9854,7,Non-alloy & other alloy quarto plates,Korea,0
2026-08-22,09.9855,7,Non-alloy & other alloy quarto plates,Indonesia,18206
2026-08-22,09.9856,7,Non-alloy & other alloy quarto plates,India,18380
2026-08-22,09.9857,7,Non-alloy & other alloy quarto plates,Japan,7257
2026-08-22,09.9858,7,Non-alloy & other alloy quarto plates,North Macedonia,839
2026-08-22,09.9859,7,Non-alloy & other alloy quarto plates,United Kingdom,1679
2026-08-22,09.9509,7,Non-alloy & other alloy quarto plates,FTA Quota – CSQ,6786
2026-08-22,09.9609,7,Non-alloy & other alloy quarto plates,Other countries,0
2026-08-22,09.9727,7,Non-alloy & other alloy quarto plates,FTA Quota – Other countries,6895
2026-08-22,09.9728,7,Non-alloy & other alloy quarto plates,Türkiye,0
2026-08-22,09.9491,7,Non-alloy & other alloy quarto plates,United Kingdom (to Northern Ireland from other parts of the United Kingdom),3125
2026-08-22,09.9860,8,Stainless hot rolled sheets and strips,Taiwan,2055
2026-08-22,09.9861,8,Stainless hot rolled sheets and strips,Indonesia,8955
2026-08-22,09.9862,8,Stainless hot rolled sheets and strips,India,2331
2026-08-22,09.9863,8,Stainless hot rolled sheets and strips,China,2222
2026-08-22,09.9864,8,Stainless hot rolled sheets and strips,Korea,523
2026-08-22,09.9865,8,Stainless hot rolled sheets and strips,Türkiye,3430
2026-08-22,09.9866,8,Stainless hot rolled sheets and strips,South Africa,860
2026-08-22,09.9510,8,Stainless hot rolled sheets and strips,FTA Quota – CSQ,2806
2026-08-22,09.9610,8,Stainless hot rolled sheets and strips,Other countries,320
2026-08-22,09.9729,8,Stainless hot rolled sheets and strips,FTA Quota – Other countries,359
2026-08-22,09.9492,8,Stainless hot rolled sheets and strips,United Kingdom (to Northern Ireland from other parts of the United Kingdom),13
2026-08-22,09.9867,9,Stainless cold rolled sheets and strips,Taiwan,6452
2026-08-22,09.9868,9,Stainless cold rolled sheets and strips,China,6934
2026-08-22,09.9869,9,Stainless cold rolled sheets and strips,Korea,11565
2026-08-22,09.9870,9,Stainless cold rolled sheets and strips,Türkiye,8241
2026-08-22,09.9871,9,Stainless cold rolled sheets and strips,South Africa,7573
2026-08-22,09.9872,9,Stainless cold rolled sheets and strips,Viet Nam,5729
2026-08-22,09.9873,9,Stainless cold rolled sheets and strips,India,5369
2026-08-22,09.9511,9,Stainless cold rolled sheets and strips,FTA Quota – CSQ,9935
2026-08-22,09.9611,9,Stainless cold rolled sheets and strips,Other countries,2048
2026-08-22,09.9730,9,Stainless cold rolled sheets and strips,FTA Quota – Other countries,4654
2026-08-22,09.9731,9,Stainless cold rolled sheets and strips,Switzerland,123
2026-08-22,09.9493,9,Stainless cold rolled sheets and strips,United Kingdom (to Northern Ireland from other parts of the United Kingdom),29
2026-08-22,09.9874,10,Stainless hot rolled quarto plates,China,718
2026-08-22,09.9875,10,Stainless hot rolled quarto plates,India,595
2026-08-22,09.9876,10,Stainless hot rolled quarto plates,Korea,405
2026-08-22,09.9877,10,Stainless hot rolled quarto plates,South Africa,234
2026-08-22,09.9512,10,Stainless hot rolled quarto plates,FTA Quota – CSQ,279
2026-08-22,09.9612,10,Stainless hot rolled quarto plates,Other countries,139
2026-08-22,09.9732,10,Stainless hot rolled quarto plates,FTA Quota – Other countries,250
2026-08-22,09.9878,12,Non-alloy & other alloy merchant bars & light sections,China,11366
2026-08-22,09.9879,12,Non-alloy & other alloy merchant bars & light sections,Türkiye,28619
2026-08-22,09.9880,12,Non-alloy & other alloy merchant bars & light sections,United Kingdom,14524
2026-08-22,09.9881,12,Non-alloy & other alloy merchant bars & light sections,Switzerland,15765
2026-08-22,09.9882,12,Non-alloy & other alloy merchant bars & light sections,Korea,5912
2026-08-22,09.9883,12,Non-alloy & other alloy merchant bars & light sections,North Macedonia,5519
2026-08-22,09.9513,12,Non-alloy & other alloy merchant bars & light sections,FTA Quota – CSQ,14063
2026-08-22,09.9613,12,Non-alloy & other alloy merchant bars & light sections,Other countries,355
2026-08-22,09.9733,12,Non-alloy & other alloy merchant bars & light sections,FTA Quota – Other countries,10327
2026-08-22,09.9734,12,Non-alloy & other alloy merchant bars & light sections,Brazil,2819
2026-08-22,09.9735,12,Non-alloy & other alloy merchant bars & light sections,Egypt,26
2026-08-22,09.9884,13,Rebars,Türkiye,0
2026-08-22,09.9885,13,Rebars,Egypt,24756
2026-08-22,09.9886,13,Rebars,Algeria,8480
2026-08-22,09.9887,13,Rebars,Moldova,6458
2026-08-22,09.9888,13,Rebars,China,4870
2026-08-22,09.9889,13,Rebars,Ukraine,6404
2026-08-22,09.9514,13,Rebars,FTA Quota – CSQ,0
2026-08-22,09.9614,13,Rebars,Other countries,13038
2026-08-22,09.9736,13,Rebars,FTA Quota – Other countries,9575
2026-08-22,09.9494,13,Rebars,United Kingdom (to Northern Ireland from other parts of the United Kingdom),1616
2026-08-22,09.9890,14,Stainless bars and light sections,India,0
2026-08-22,09.9891,14,Stainless bars and light sections,Switzerland,583
2026-08-22,09.9892,14,Stainless bars and light sections,United Kingdom,1012
2026-08-22,09.9893,14,Stainless bars and light sections,China,324
2026-08-22,09.9515,14,Stainless bars and light sections,FTA Quota – CSQ,0
2026-08-22,09.9615,14,Stainless bars and light sections,Other countries,70
2026-08-22,09.9737,14,Stainless bars and light sections,FTA Quota – Other countries,456
2026-08-22,09.9894,15,Stainless wire rod,India,1910
2026-08-22,09.9895,15,Stainless wire rod,Taiwan,41
2026-08-22,09.9896,15,Stainless wire rod,Korea,665
2026-08-22,09.9897,15,Stainless wire rod,United Kingdom,615
2026-08-22,09.9898,15,Stainless wire rod,China,328
2026-08-22,09.9899,15,Stainless wire rod,Japan,14
2026-08-22,09.9516,15,Stainless wire rod,FTA Quota – CSQ,810
2026-08-22,09.9616,15,Stainless wire rod,Other countries,99
2026-08-22,09.9738,15,Stainless wire rod,FTA Quota – Other countries,91
2026-08-22,09.9900,16,Non-alloy & other alloy wire rod,Türkiye,0
2026-08-22,09.9901,16,Non-alloy & other alloy wire rod,Malaysia,21671
2026-08-22,09.9902,16,Non-alloy & other alloy wire rod,United Kingdom,32959
2026-08-22,09.9903,16,Non-alloy & other alloy wire rod,Ukraine,6890
2026-08-22,09.9904,16,Non-alloy & other alloy wire rod,Switzerland,7522
2026-08-22,09.9905,16,Non-alloy & other alloy wire rod,Viet Nam,15389
2026-08-22,09.9906,16,Non-alloy & other alloy wire rod,Moldova,15685
2026-08-22,09.9907,16,Non-alloy & other alloy wire rod,Egypt,2166
2026-08-22,09.9517,16,Non-alloy & other alloy wire rod,FTA Quota – CSQ,0
2026-08-22,09.9617,16,Non-alloy & other alloy wire rod,Other countries,31161
2026-08-22,09.9739,16,Non-alloy & other alloy wire rod,FTA Quota – Other countries,29412
2026-08-22,09.9740,16,Non-alloy & other alloy wire rod,Korea,2685
2026-08-22,09.9741,16,Non-alloy & other alloy wire rod,Japan,871
2026-08-22,09.9908,17,"Angles, shapes and sections of iron/non-alloy steel",Türkiye,492
2026-08-22,09.9909,17,"Angles, shapes and sections of iron/non-alloy steel",United Kingdom,4131
2026-08-22,09.9910,17,"Angles, shapes and sections of iron/non-alloy steel",Switzerland,2589
2026-08-22,09.9911,17,"Angles, shapes and sections of iron/non-alloy steel",United Arab Emirates,1486
2026-08-22,09.9518,17,"Angles, shapes and sections of iron/non-alloy steel",FTA Quota – CSQ,3032
2026-08-22,09.9618,17,"Angles, shapes and sections of iron/non-alloy steel",Other countries,2143
2026-08-22,09.9742,17,"Angles, shapes and sections of iron/non-alloy steel",FTA Quota – Other countries,1026
2026-08-22,09.9743,17,"Angles, shapes and sections of iron/non-alloy steel",Korea,1245
2026-08-22,09.9495,17,"Angles, shapes and sections of iron/non-alloy steel",United Kingdom (to Northern Ireland from other parts of the United Kingdom),11483
2026-08-22,09.9912,18,Sheet piling,China,0
2026-08-22,09.9913,18,Sheet piling,United Arab Emirates,2
2026-08-22,09.9914,18,Sheet piling,United Kingdom,1635
2026-08-22,09.9519,18,Sheet piling,FTA Quota – CSQ,1234
2026-08-22,09.9619,18,Sheet piling,Other countries,0
2026-08-22,09.9744,18,Sheet piling,FTA Quota – Other countries,1367
2026-08-22,09.9915,19,Railway material,United Kingdom,107
2026-08-22,09.9916,19,Railway material,Türkiye,69
2026-08-22,09.9917,19,Railway material,China,0
2026-08-22,09.9520,19,Railway material,FTA Quota – CSQ,286
2026-08-22,09.9620,19,Railway material,Other countries,143
2026-08-22,09.9745,19,Railway material,FTA Quota – Other countries,140
2026-08-22,09.9918,20,Gas pipes,Türkiye,0
2026-08-22,09.9919,20,Gas pipes,India,0
2026-08-22,09.9920,20,Gas pipes,United Arab Emirates,2471
2026-08-22,09.9921,20,Gas pipes,North Macedonia,28
2026-08-22,09.9922,20,Gas pipes,United Kingdom,1693
2026-08-22,09.9521,20,Gas pipes,FTA Quota – CSQ,0
2026-08-22,09.9621,20,Gas pipes,Other countries,0
2026-08-22,09.9746,20,Gas pipes,FTA Quota – Other countries,878
2026-08-22,09.9923,21,Hollow sections,Türkiye,0
2026-08-22,09.9924,21,Hollow sections,United Kingdom,11374
2026-08-22,09.9925,21,Hollow sections,North Macedonia,0
2026-08-22,09.9926,21,Hollow sections,China,0
2026-08-22,09.9927,21,Hollow sections,Ukraine,0
2026-08-22,09.9522,21,Hollow sections,FTA Quota – CSQ,0
2026-08-22,09.9622,21,Hollow sections,Other countries,0
2026-08-22,09.9747,21,Hollow sections,FTA Quota – Other countries,0
2026-08-22,09.9748,21,Hollow sections,Switzerland,423
2026-08-22,09.9928,22,Seamless stainless tubes and pipes,India,0
2026-08-22,09.9929,22,Seamless stainless tubes and pipes,Ukraine,338
2026-08-22,09.9930,22,Seamless stainless tubes and pipes,China,65
2026-08-22,09.9931,22,Seamless stainless tubes and pipes,Korea,412
2026-08-22,09.9523,22,Seamless stainless tubes and pipes,FTA Quota – CSQ,0
2026-08-22,09.9623,22,Seamless stainless tubes and pipes,Other countries,0
2026-08-22,09.9749,22,Seamless stainless tubes and pipes,FTA Quota – Other countries,0
2026-08-22,09.9750,22,Seamless stainless tubes and pipes,Japan,0
2026-08-22,09.9932,24,Other seamless tubes,China,0
2026-08-22,09.9933,24,Other seamless tubes,Ukraine,766
2026-08-22,09.9934,24,Other seamless tubes,Brazil,5171
2026-08-22,09.9524,24,Other seamless tubes,FTA Quota – CSQ,3052
2026-08-22,09.9624,24,Other seamless tubes,Other countries,2877
2026-08-22,09.9751,24,Other seamless tubes,FTA Quota – Other countries,8703
2026-08-22,09.9752,24,Other seamless tubes,Argentina,982
2026-08-22,09.9753,24,Other seamless tubes,Singapore,110
2026-08-22,09.9935,25.A,Large welded tubes,Türkiye,1947
2026-08-22,09.9936,25.A,Large welded tubes,Israel,834
2026-08-22,09.9937,25.A,Large welded tubes,China,0
2026-08-22,09.9938,25.A,Large welded tubes,India,0
2026-08-22,09.9525,25.A,Large welded tubes,FTA Quota – CSQ,1113
2026-08-22,09.9625,25.A,Large welded tubes,Other countries,350
2026-08-22,09.9754,25.A,Large welded tubes,FTA Quota – Other countries,584
2026-08-22,09.9496,25.A,Large welded tubes,United Kingdom (to Northern Ireland from other parts of the United Kingdom),14
2026-08-22,09.9939,25.B,Large welded tubes (line pipe),Türkiye,4141
2026-08-22,09.9940,25.B,Large welded tubes (line pipe),China,0
2026-08-22,09.9941,25.B,Large welded tubes (line pipe),United Kingdom,1321
2026-08-22,09.9942,25.B,Large welded tubes (line pipe),Algeria,0
2026-08-22,09.9526,25.B,Large welded tubes (line pipe),FTA Quota – CSQ,2030
2026-08-22,09.9626,25.B,Large welded tubes (line pipe),Other countries,0
2026-08-22,09.9755,25.B,Large welded tubes (line pipe),FTA Quota – Other countries,811
2026-08-22,09.9756,25.B,Large welded tubes (line pipe),Singapore,21
2026-08-22,09.9943,26,Other welded tubes,Türkiye,0
2026-08-22,09.9944,26,Other welded tubes,Switzerland,10518
2026-08-22,09.9945,26,Other welded tubes,China,0
2026-08-22,09.9946,26,Other welded tubes,India,0
2026-08-22,09.9947,26,Other welded tubes,United Kingdom,2413
2026-08-22,09.9948,26,Other welded tubes,Taiwan,0
2026-08-22,09.9527,26,Other welded tubes,FTA Quota – CSQ,0
2026-08-22,09.9627,26,Other welded tubes,Other countries,179
2026-08-22,09.9757,26,Other welded tubes,FTA Quota – Other countries,1591
2026-08-22,09.9758,26,Other welded tubes,Singapore,0
2026-08-22,09.9949,27,Non-alloy & alloy cold finished bars,China,661
2026-08-22,09.9950,27,Non-alloy & alloy cold finished bars,Türkiye,1995
2026-08-22,09.9951,27,Non-alloy & alloy cold finished bars,Switzerland,2365
2026-08-22,09.9952,27,Non-alloy & alloy cold finished bars,Ukraine,1273
2026-08-22,09.9528,27,Non-alloy & alloy cold finished bars,FTA Quota – CSQ,1491
2026-08-22,09.9628,27,Non-alloy & alloy cold finished bars,Other countries,18
2026-08-22,09.9759,27,Non-alloy & alloy cold finished bars,FTA Quota – Other countries,1566
2026-08-22,09.9953,27,Non-alloy & alloy cold finished bars,China,0
2026-08-22,09.9954,27,Non-alloy & alloy cold finished bars,Türkiye,0
2026-08-22,09.9955,27,Non-alloy & alloy cold finished bars,Ukraine,6300
2026-08-22,09.9529,27,Non-alloy & alloy cold finished bars,FTA Quota – CSQ,3367
2026-08-22,09.9629,27,Non-alloy & alloy cold finished bars,Other countries,0
2026-08-22,09.9760,27,Non-alloy & alloy cold finished bars,FTA Quota – Other countries,6051
2026-08-22,09.9497,27,Non-alloy & alloy cold finished bars,United Kingdom (to Northern Ireland from other parts of the United Kingdom),156
2026-08-23,09.9801,1.A,Non-alloy & other alloy hot rolled sheets/strips,Türkiye,0
2026-08-23,09.9802,1.A,Non-alloy & other alloy hot rolled sheets/strips,Japan,117559
2026-08-23,09.9803,1.A,Non-alloy & other alloy hot rolled sheets/strips,India,38357
2026-08-23,09.9804,1.A,Non-alloy & other alloy hot rolled sheets/strips,Taiwan,62665
2026-08-23,09.9805,1.A,Non-alloy & other alloy hot rolled sheets/strips,Ukraine,42084
2026-08-23,09.9806,1.A,Non-alloy & other alloy hot rolled sheets/strips,Korea,43419
2026-08-23,09.9807,1.A,Non-alloy & other alloy hot rolled sheets/strips,Viet Nam,46573
2026-08-23,09.9808,1.A,Non-alloy & other alloy hot rolled sheets/strips,Egypt,99402
2026-08-23,09.9809,1.A,Non-alloy & other alloy hot rolled sheets/strips,Serbia,37833
2026-08-23,09.9500,1.A,Non-alloy & other alloy hot rolled sheets/strips,FTA Quota – CSQ,0
2026-08-23,09.9701,1.A,Non-alloy & other alloy hot rolled sheets/strips,Brazil,42408
2026-08-23,09.9705,1.A,Non-alloy & other alloy hot rolled sheets/strips,United Kingdom,35703
2026-08-23,09.9702,1.A,Non-alloy & other alloy hot rolled sheets/strips,Indonesia,0
2026-08-23,09.9810,1.A,Non-alloy & other alloy hot rolled sheets/strips,Australia,11652
2026-08-23,09.9811,1.A,Non-alloy & other alloy hot rolled sheets/strips,Saudi Arabia,9545
2026-08-23,09.9704,1.A,Non-alloy & other alloy hot rolled sheets/strips,Switzerland,5296
2026-08-23,09.9812,1.A,Non-alloy & other alloy hot rolled sheets/strips,Kazakhstan,2349
2026-08-23,09.9703,1.A,Non-alloy & other alloy hot rolled sheets/strips,North Macedonia,837
2026-08-23,09.9600,1.A,Non-alloy & other alloy hot rolled sheets/strips,Other countries,0
2026-08-23,09.9700,1.A,Non-alloy & other alloy hot rolled sheets/strips,FTA Quota – Other countries,0
2026-08-23,09.9813,1.B,Non-alloy & other alloy hot rolled sheets/strips (7212 60),United Kingdom,202
2026-08-23,09.9814,1.B,Non-alloy & other alloy hot rolled sheets/strips (7212 60),United States,0
2026-08-23,09.9815,1.B,Non-alloy & other alloy hot rolled sheets/strips (7212 60),Japan,90
2026-08-23,09.9816,1.B,Non-alloy & other alloy hot rolled sheets/strips (7212 60),China,20
2026-08-23,09.9501,1.B,Non-alloy & other alloy hot rolled sheets/strips (7212 60),FTA Quota – CSQ,107
2026-08-23,09.9601,1.B,Non-alloy & other alloy hot rolled sheets/strips (7212 60),Other countries,40
2026-08-23,09.9706,1.B,Non-alloy & other alloy hot rolled sheets/strips (7212 60),FTA Quota – Other countries,49
2026-08-23,09.9817,2,Non-alloy & other alloy cold rolled sheets,Taiwan,33504
2026-08-23,09.9818,2,Non-alloy & other alloy cold rolled sheets,India,44157
2026-08-23,09.9819,2,Non-alloy & other alloy cold rolled sheets,Korea,12490
2026-08-23,09.9820,2,Non-alloy & other alloy cold rolled sheets,Türkiye,36768
2026-08-23,09.9821,2,Non-alloy & other alloy cold rolled sheets,United Kingdom,19504
2026-08-23,09.9822,2,Non-alloy & other alloy cold rolled sheets,Japan,28792
2026-08-23,09.9823,2,Non-alloy & other alloy cold rolled sheets,Ukraine,1698
2026-08-23,09.9502,2,Non-alloy & other alloy cold rolled sheets,FTA Quota – CSQ,33671
2026-08-23,09.9602,2,Non-alloy & other alloy cold rolled sheets,Other countries,0
2026-08-23,09.9707,2,Non-alloy & other alloy cold rolled sheets,FTA Quota – Other countries,7970
2026-08-23,09.9709,2,Non-alloy & other alloy cold rolled sheets,Egypt,0
2026-08-23,09.9710,2,Non-alloy & other alloy cold rolled sheets,Switzerland,335
2026-08-23,09.9708,2,Non-alloy & other alloy cold rolled sheets,Brazil,0
2026-08-23,09.9824,3.A,Electrical sheets (non grain-oriented),Japan,78
2026-08-23,09.9825,3.A,Electrical sheets (non grain-oriented),United Kingdom,20
2026-08-23,09.9826,3.A,Electrical sheets (non grain-oriented),China,5
2026-08-23,09.9827,3.A,Electrical sheets (non grain-oriented),Türkiye,9
2026-08-23,09.9503,3.A,Electrical sheets (non grain-oriented),FTA Quota – CSQ,29
2026-08-23,09.9603,3.A,Electrical sheets (non grain-oriented),Other countries,7
2026-08-23,09.9711,3.A,Electrical sheets (non grain-oriented),FTA Quota – Other countries,5
2026-08-23,09.9828,3.B,Electrical sheets (grain-oriented),China,0
2026-08-23,09.9829,3.B,Electrical sheets (grain-oriented),Taiwan,3916
2026-08-23,09.9830,3.B,Electrical sheets (grain-oriented),Korea,9210
2026-08-23,09.9831,3.B,Electrical sheets (grain-oriented),Viet Nam,6925
2026-08-23,09.9504,3.B,Electrical sheets (grain-oriented),FTA Quota – CSQ,4217
2026-08-23,09.9604,3.B,Electrical sheets (grain-oriented),Other countries,1477
2026-08-23,09.9712,3.B,Electrical sheets (grain-oriented),FTA Quota – Other countries,4078
2026-08-23,09.9713,3.B,Electrical sheets (grain-oriented),Japan,476
2026-08-23,09.9832,4.A,Metallic coated sheets,Viet Nam,96857
2026-08-23,09.9833,4.A,Metallic coated sheets,Taiwan,2851
2026-08-23,09.9834,4.A,Metallic coated sheets,Türkiye,0
2026-08-23,09.9835,4.A,Metallic coated sheets,India,34811
2026-08-23,09.9836,4.A,Metallic coated sheets,Korea,4734
2026-08-23,09.9505,4.A,Metallic coated sheets,FTA Quota – CSQ,0
2026-08-23,09.9605,4.A,Metallic coated sheets,Other countries,0
2026-08-23,09.9714,4.A,Metallic coated sheets,FTA Quota – Other countries,0
2026-08-23,09.9718,4.A,Metallic coated sheets,United Kingdom,390
2026-08-23,09.9716,4.A,Metallic coated sheets,Japan,1
2026-08-23,09.9715,4.A,Metallic coated sheets,Egypt,0
2026-08-23,09.9717,4.A,Metallic coated sheets,South Africa,0
2026-08-23,09.9837,4.B,Metallic coated sheets (automotive),Korea,13856
2026-08-23,09.9838,4.B,Metallic coated sheets (automotive),China,0
2026-08-23,09.9839,4.B,Metallic coated sheets (automotive),United Kingdom,32414
2026-08-23,09.9840,4.B,Metallic coated sheets (automotive),Türkiye,0
2026-08-23,09.9841,4.B,Metallic coated sheets (automotive),India,22376
2026-08-23,09.9506,4.B,Metallic coated sheets (automotive),FTA Quota – CSQ,0
2026-08-23,09.9606,4.B,Metallic coated sheets (automotive),Other countries,0
2026-08-23,09.9719,4.B,Metallic coated sheets (automotive),FTA Quota – Other countries,822
2026-08-23,09.9720,4.B,Metallic coated sheets (automotive),Egypt,1641
2026-08-23,09.9721,4.B,Metallic coated sheets (automotive),Switzerland,0
2026-08-23,09.9842,5,Organic coated sheets,India,0
2026-08-23,09.9843,5,Organic coated sheets,Korea,0
2026-08-23,09.9844,5,Organic coated sheets,Viet Nam,3935
2026-08-23,09.9845,5,Organic coated sheets,Türkiye,0
2026-08-23,09.9846,5,Organic coated sheets,Taiwan,95
2026-08-23,09.9847,5,Organic coated sheets,United Kingdom,4026
2026-08-23,09.9507,5,Organic coated sheets,FTA Quota – CSQ,0
2026-08-23,09.9607,5,Organic coated sheets,Other countries,0
2026-08-23,09.9722,5,Organic coated sheets,FTA Quota – Other countries,1459
2026-08-23,09.9723,5,Organic coated sheets,North Macedonia,0
2026-08-23,09.9848,6,Tin mill products,China,30230
2026-08-23,09.9849,6,Tin mill products,Serbia,9237
2026-08-23,09.9850,6,Tin mill products,United Kingdom,7729
2026-08-23,09.9851,6,Tin mill products,Türkiye,11574
2026-08-23,09.9852,6,Tin mill products,Korea,7151
2026-08-23,09.9853,6,Tin mill products,India,5860
2026-08-23,09.9508,6,Tin mill products,FTA Quota – CSQ,11255
2026-08-23,09.9608,6,Tin mill products,Other countries,0
2026-08-23,09.9724,6,Tin mill products,FTA Quota – Other countries,4567
2026-08-23,09.9725,6,Tin mill products,Japan,0
2026-08-23,09.9726,6,Tin mill products,Singapore,21
2026-08-23,09.9854,7,Non-alloy & other alloy quarto plates,Korea,0
2026-08-23,09.9855,7,Non-alloy & other alloy quarto plates,Indonesia,18206
2026-08-23,09.9856,7,Non-alloy & other alloy quarto plates,India,18380
2026-08-23,09.9857,7,Non-alloy & other alloy quarto plates,Japan,7257
2026-08-23,09.9858,7,Non-alloy & other alloy quarto plates,North Macedonia,839
2026-08-23,09.9859,7,Non-alloy & other alloy quarto plates,United Kingdom,1679
2026-08-23,09.9509,7,Non-alloy & other alloy quarto plates,FTA Quota – CSQ,6786
2026-08-23,09.9609,7,Non-alloy & other alloy quarto plates,Other countries,0
2026-08-23,09.9727,7,Non-alloy & other alloy quarto plates,FTA Quota – Other countries,6895
2026-08-23,09.9728,7,Non-alloy & other alloy quarto plates,Türkiye,0
2026-08-23,09.9491,7,Non-alloy & other alloy quarto plates,United Kingdom (to Northern Ireland from other parts of the United Kingdom),3125
2026-08-23,09.9860,8,Stainless hot rolled sheets and strips,Taiwan,2055
2026-08-23,09.9861,8,Stainless hot rolled sheets and strips,Indonesia,8955
2026-08-23,09.9862,8,Stainless hot rolled sheets and strips,India,2331
2026-08-23,09.9863,8,Stainless hot rolled sheets and strips,China,2222
2026-08-23,09.9864,8,Stainless hot rolled sheets and strips,Korea,523
2026-08-23,09.9865,8,Stainless hot rolled sheets and strips,Türkiye,3430
2026-08-23,09.9866,8,Stainless hot rolled sheets and strips,South Africa,860
2026-08-23,09.9510,8,Stainless hot rolled sheets and strips,FTA Quota – CSQ,2806
2026-08-23,09.9610,8,Stainless hot rolled sheets and strips,Other countries,320
2026-08-23,09.9729,8,Stainless hot rolled sheets and strips,FTA Quota – Other countries,359
2026-08-23,09.9492,8,Stainless hot rolled sheets and strips,United Kingdom (to Northern Ireland from other parts of the United Kingdom),13
2026-08-23,09.9867,9,Stainless cold rolled sheets and strips,Taiwan,6452
2026-08-23,09.9868,9,Stainless cold rolled sheets and strips,China,6934
2026-08-23,09.9869,9,Stainless cold rolled sheets and strips,Korea,11565
2026-08-23,09.9870,9,Stainless cold rolled sheets and strips,Türkiye,8241
2026-08-23,09.9871,9,Stainless cold rolled sheets and strips,South Africa,7573
2026-08-23,09.9872,9,Stainless cold rolled sheets and strips,Viet Nam,5729
2026-08-23,09.9873,9,Stainless cold rolled sheets and strips,India,5369
2026-08-23,09.9511,9,Stainless cold rolled sheets and strips,FTA Quota – CSQ,9935
2026-08-23,09.9611,9,Stainless cold rolled sheets and strips,Other countries,2048
2026-08-23,09.9730,9,Stainless cold rolled sheets and strips,FTA Quota – Other countries,4654
2026-08-23,09.9731,9,Stainless cold rolled sheets and strips,Switzerland,123
2026-08-23,09.9493,9,Stainless cold rolled sheets and strips,United Kingdom (to Northern Ireland from other parts of the United Kingdom),29
2026-08-23,09.9874,10,Stainless hot rolled quarto plates,China,718
2026-08-23,09.9875,10,Stainless hot rolled quarto plates,India,595
2026-08-23,09.9876,10,Stainless hot rolled quarto plates,Korea,405
2026-08-23,09.9877,10,Stainless hot rolled quarto plates,South Africa,234
2026-08-23,09.9512,10,Stainless hot rolled quarto plates,FTA Quota – CSQ,279
2026-08-23,09.9612,10,Stainless hot rolled quarto plates,Other countries,139
2026-08-23,09.9732,10,Stainless hot rolled quarto plates,FTA Quota – Other countries,250
2026-08-23,09.9878,12,Non-alloy & other alloy merchant bars & light sections,China,11366
2026-08-23,09.9879,12,Non-alloy & other alloy merchant bars & light sections,Türkiye,28619
2026-08-23,09.9880,12,Non-alloy & other alloy merchant bars & light sections,United Kingdom,14524
2026-08-23,09.9881,12,Non-alloy & other alloy merchant bars & light sections,Switzerland,15765
2026-08-23,09.9882,12,Non-alloy & other alloy merchant bars & light sections,Korea,5912
2026-08-23,09.9883,12,Non-alloy & other alloy merchant bars & light sections,North Macedonia,5519
2026-08-23,09.9513,12,Non-alloy & other alloy merchant bars & light sections,FTA Quota – CSQ,14063
2026-08-23,09.9613,12,Non-alloy & other alloy merchant bars & light sections,Other countries,355
2026-08-23,09.9733,12,Non-alloy & other alloy merchant bars & light sections,FTA Quota – Other countries,10327
2026-08-23,09.9734,12,Non-alloy & other alloy merchant bars & light sections,Brazil,2819
2026-08-23,09.9735,12,Non-alloy & other alloy merchant bars & light sections,Egypt,26
2026-08-23,09.9884,13,Rebars,Türkiye,0
2026-08-23,09.9885,13,Rebars,Egypt,24756
2026-08-23,09.9886,13,Rebars,Algeria,8480
2026-08-23,09.9887,13,Rebars,Moldova,6458
2026-08-23,09.9888,13,Rebars,China,4870
2026-08-23,09.9889,13,Rebars,Ukraine,6404
2026-08-23,09.9514,13,Rebars,FTA Quota – CSQ,0
2026-08-23,09.9614,13,Rebars,Other countries,13038
2026-08-23,09.9736,13,Rebars,FTA Quota – Other countries,9575
2026-08-23,09.9494,13,Rebars,United Kingdom (to Northern Ireland from other parts of the United Kingdom),1616
2026-08-23,09.9890,14,Stainless bars and light sections,India,0
2026-08-23,09.9891,14,Stainless bars and light sections,Switzerland,583
2026-08-23,09.9892,14,Stainless bars and light sections,United Kingdom,1012
2026-08-23,09.9893,14,Stainless bars and light sections,China,324
2026-08-23,09.9515,14,Stainless bars and light sections,FTA Quota – CSQ,0
2026-08-23,09.9615,14,Stainless bars and light sections,Other countries,70
2026-08-23,09.9737,14,Stainless bars and light sections,FTA Quota – Other countries,456
2026-08-23,09.9894,15,Stainless wire rod,India,1910
2026-08-23,09.9895,15,Stainless wire rod,Taiwan,41
2026-08-23,09.9896,15,Stainless wire rod,Korea,665
2026-08-23,09.9897,15,Stainless wire rod,United Kingdom,615
2026-08-23,09.9898,15,Stainless wire rod,China,328
2026-08-23,09.9899,15,Stainless wire rod,Japan,14
2026-08-23,09.9516,15,Stainless wire rod,FTA Quota – CSQ,810
2026-08-23,09.9616,15,Stainless wire rod,Other countries,99
2026-08-23,09.9738,15,Stainless wire rod,FTA Quota – Other countries,91
2026-08-23,09.9900,16,Non-alloy & other alloy wire rod,Türkiye,0
2026-08-23,09.9901,16,Non-alloy & other alloy wire rod,Malaysia,21671
2026-08-23,09.9902,16,Non-alloy & other alloy wire rod,United Kingdom,32959
2026-08-23,09.9903,16,Non-alloy & other alloy wire rod,Ukraine,6890
2026-08-23,09.9904,16,Non-alloy & other alloy wire rod,Switzerland,7522
2026-08-23,09.9905,16,Non-alloy & other alloy wire rod,Viet Nam,15389
2026-08-23,09.9906,16,Non-alloy & other alloy wire rod,Moldova,15685
2026-08-23,09.9907,16,Non-alloy & other alloy wire rod,Egypt,2166
2026-08-23,09.9517,16,Non-alloy & other alloy wire rod,FTA Quota – CSQ,0
2026-08-23,09.9617,16,Non-alloy & other alloy wire rod,Other countries,31161
2026-08-23,09.9739,16,Non-alloy & other alloy wire rod,FTA Quota – Other countries,29412
2026-08-23,09.9740,16,Non-alloy & other alloy wire rod,Korea,2685
2026-08-23,09.9741,16,Non-alloy & other alloy wire rod,Japan,871
2026-08-23,09.9908,17,"Angles, shapes and sections of iron/non-alloy steel",Türkiye,492
2026-08-23,09.9909,17,"Angles, shapes and sections of iron/non-alloy steel",United Kingdom,4131
2026-08-23,09.9910,17,"Angles, shapes and sections of iron/non-alloy steel",Switzerland,2589
2026-08-23,09.9911,17,"Angles, shapes and sections of iron/non-alloy steel",United Arab Emirates,1486
2026-08-23,09.9518,17,"Angles, shapes and sections of iron/non-alloy steel",FTA Quota – CSQ,3032
2026-08-23,09.9618,17,"Angles, shapes and sections of iron/non-alloy steel",Other countries,2143
2026-08-23,09.9742,17,"Angles, shapes and sections of iron/non-alloy steel",FTA Quota – Other countries,1026
2026-08-23,09.9743,17,"Angles, shapes and sections of iron/non-alloy steel",Korea,1245
2026-08-23,09.9495,17,"Angles, shapes and sections of iron/non-alloy steel",United Kingdom (to Northern Ireland from other parts of the United Kingdom),11483
2026-08-23,09.9912,18,Sheet piling,China,0
2026-08-23,09.9913,18,Sheet piling,United Arab Emirates,2
2026-08-23,09.9914,18,Sheet piling,United Kingdom,1635
2026-08-23,09.9519,18,Sheet piling,FTA Quota – CSQ,1234
2026-08-23,09.9619,18,Sheet piling,Other countries,0
2026-08-23,09.9744,18,Sheet piling,FTA Quota – Other countries,1367
2026-08-23,09.9915,19,Railway material,United Kingdom,107
2026-08-23,09.9916,19,Railway material,Türkiye,69
2026-08-23,09.9917,19,Railway material,China,0
2026-08-23,09.9520,19,Railway material,FTA Quota – CSQ,286
2026-08-23,09.9620,19,Railway material,Other countries,143
2026-08-23,09.9745,19,Railway material,FTA Quota – Other countries,140
2026-08-23,09.9918,20,Gas pipes,Türkiye,0
2026-08-23,09.9919,20,Gas pipes,India,0
2026-08-23,09.9920,20,Gas pipes,United Arab Emirates,2471
2026-08-23,09.9921,20,Gas pipes,North Macedonia,28
2026-08-23,09.9922,20,Gas pipes,United Kingdom,1693
2026-08-23,09.9521,20,Gas pipes,FTA Quota – CSQ,0
2026-08-23,09.9621,20,Gas pipes,Other countries,0
2026-08-23,09.9746,20,Gas pipes,FTA Quota – Other countries,878
2026-08-23,09.9923,21,Hollow sections,Türkiye,0
2026-08-23,09.9924,21,Hollow sections,United Kingdom,11374
2026-08-23,09.9925,21,Hollow sections,North Macedonia,0
2026-08-23,09.9926,21,Hollow sections,China,0
2026-08-23,09.9927,21,Hollow sections,Ukraine,0
2026-08-23,09.9522,21,Hollow sections,FTA Quota – CSQ,0
2026-08-23,09.9622,21,Hollow sections,Other countries,0
2026-08-23,09.9747,21,Hollow sections,FTA Quota – Other countries,0
2026-08-23,09.9748,21,Hollow sections,Switzerland,423
2026-08-23,09.9928,22,Seamless stainless tubes and pipes,India,0
2026-08-23,09.9929,22,Seamless stainless tubes and pipes,Ukraine,338
2026-08-23,09.9930,22,Seamless stainless tubes and pipes,China,65
2026-08-23,09.9931,22,Seamless stainless tubes and pipes,Korea,412
2026-08-23,09.9523,22,Seamless stainless tubes and pipes,FTA Quota – CSQ,0
2026-08-23,09.9623,22,Seamless stainless tubes and pipes,Other countries,0
2026-08-23,09.9749,22,Seamless stainless tubes and pipes,FTA Quota – Other countries,0
2026-08-23,09.9750,22,Seamless stainless tubes and pipes,Japan,0
2026-08-23,09.9932,24,Other seamless tubes,China,0
2026-08-23,09.9933,24,Other seamless tubes,Ukraine,766
2026-08-23,09.9934,24,Other seamless tubes,Brazil,5171
2026-08-23,09.9524,24,Other seamless tubes,FTA Quota – CSQ,3052
2026-08-23,09.9624,24,Other seamless tubes,Other countries,2877
2026-08-23,09.9751,24,Other seamless tubes,FTA Quota – Other countries,8703
2026-08-23,09.9752,24,Other seamless tubes,Argentina,982
2026-08-23,09.9753,24,Other seamless tubes,Singapore,110
2026-08-23,09.9935,25.A,Large welded tubes,Türkiye,1947
2026-08-23,09.9936,25.A,Large welded tubes,Israel,834
2026-08-23,09.9937,25.A,Large welded tubes,China,0
2026-08-23,09.9938,25.A,Large welded tubes,India,0
2026-08-23,09.9525,25.A,Large welded tubes,FTA Quota – CSQ,1113
2026-08-23,09.9625,25.A,Large welded tubes,Other countries,350
2026-08-23,09.9754,25.A,Large welded tubes,FTA Quota – Other countries,584
2026-08-23,09.9496,25.A,Large welded tubes,United Kingdom (to Northern Ireland from other parts of the United Kingdom),14
2026-08-23,09.9939,25.B,Large welded tubes (line pipe),Türkiye,4141
2026-08-23,09.9940,25.B,Large welded tubes (line pipe),China,0
2026-08-23,09.9941,25.B,Large welded tubes (line pipe),United Kingdom,1321
2026-08-23,09.9942,25.B,Large welded tubes (line pipe),Algeria,0
2026-08-23,09.9526,25.B,Large welded tubes (line pipe),FTA Quota – CSQ,2030
2026-08-23,09.9626,25.B,Large welded tubes (line pipe),Other countries,0
2026-08-23,09.9755,25.B,Large welded tubes (line pipe),FTA Quota – Other countries,811
2026-08-23,09.9756,25.B,Large welded tubes (line pipe),Singapore,21
2026-08-23,09.9943,26,Other welded tubes,Türkiye,0
2026-08-23,09.9944,26,Other welded tubes,Switzerland,10518
2026-08-23,09.9945,26,Other welded tubes,China,0
2026-08-23,09.9946,26,Other welded tubes,India,0
2026-08-23,09.9947,26,Other welded tubes,United Kingdom,2413
2026-08-23,09.9948,26,Other welded tubes,Taiwan,0
2026-08-23,09.9527,26,Other welded tubes,FTA Quota – CSQ,0
2026-08-23,09.9627,26,Other welded tubes,Other countries,179
2026-08-23,09.9757,26,Other welded tubes,FTA Quota – Other countries,1591
2026-08-23,09.9758,26,Other welded tubes,Singapore,0
2026-08-23,09.9949,27,Non-alloy & alloy cold finished bars,China,661
2026-08-23,09.9950,27,Non-alloy & alloy cold finished bars,Türkiye,1995
2026-08-23,09.9951,27,Non-alloy & alloy cold finished bars,Switzerland,2365
2026-08-23,09.9952,27,Non-alloy & alloy cold finished bars,Ukraine,1273
2026-08-23,09.9528,27,Non-alloy & alloy cold finished bars,FTA Quota – CSQ,1491
2026-08-23,09.9628,27,Non-alloy & alloy cold finished bars,Other countries,18
2026-08-23,09.9759,27,Non-alloy & alloy cold finished bars,FTA Quota – Other countries,1566
2026-08-23,09.9953,27,Non-alloy & alloy cold finished bars,China,0
2026-08-23,09.9954,27,Non-alloy & alloy cold finished bars,Türkiye,0
2026-08-23,09.9955,27,Non-alloy & alloy cold finished bars,Ukraine,6300
2026-08-23,09.9529,27,Non-alloy & alloy cold finished bars,FTA Quota – CSQ,3367
2026-08-23,09.9629,27,Non-alloy & alloy cold finished bars,Other countries,0
2026-08-23,09.9760,27,Non-alloy & alloy cold finished bars,FTA Quota – Other countries,6051
2026-08-23,09.9497,27,Non-alloy & alloy cold finished bars,United Kingdom (to Northern Ireland from other parts of the United Kingdom),156
2026-08-24,09.9801,1.A,Non-alloy & other alloy hot rolled sheets/strips,Türkiye,0
2026-08-24,09.9802,1.A,Non-alloy & other alloy hot rolled sheets/strips,Japan,117544
2026-08-24,09.9803,1.A,Non-alloy & other alloy hot rolled sheets/strips,India,38357
2026-08-24,09.9804,1.A,Non-alloy & other alloy hot rolled sheets/strips,Taiwan,62665
2026-08-24,09.9805,1.A,Non-alloy & other alloy hot rolled sheets/strips,Ukraine,41970
2026-08-24,09.9806,1.A,Non-alloy & other alloy hot rolled sheets/strips,Korea,43312
2026-08-24,09.9807,1.A,Non-alloy & other alloy hot rolled sheets/strips,Viet Nam,46573
2026-08-24,09.9808,1.A,Non-alloy & other alloy hot rolled sheets/strips,Egypt,99379
2026-08-24,09.9809,1.A,Non-alloy & other alloy hot rolled sheets/strips,Serbia,37809
2026-08-24,09.9500,1.A,Non-alloy & other alloy hot rolled sheets/strips,FTA Quota – CSQ,0
2026-08-24,09.9701,1.A,Non-alloy & other alloy hot rolled sheets/strips,Brazil,42408
2026-08-24,09.9705,1.A,Non-alloy & other alloy hot rolled sheets/strips,United Kingdom,35655
2026-08-24,09.9702,1.A,Non-alloy & other alloy hot rolled sheets/strips,Indonesia,0
2026-08-24,09.9810,1.A,Non-alloy & other alloy hot rolled sheets/strips,Australia,11652
2026-08-24,09.9811,1.A,Non-alloy & other alloy hot rolled sheets/strips,Saudi Arabia,9545
2026-08-24,09.9704,1.A,Non-alloy & other alloy hot rolled sheets/strips,Switzerland,5291
2026-08-24,09.9812,1.A,Non-alloy & other alloy hot rolled sheets/strips,Kazakhstan,2349
2026-08-24,09.9703,1.A,Non-alloy & other alloy hot rolled sheets/strips,North Macedonia,798
2026-08-24,09.9600,1.A,Non-alloy & other alloy hot rolled sheets/strips,Other countries,0
2026-08-24,09.9700,1.A,Non-alloy & other alloy hot rolled sheets/strips,FTA Quota – Other countries,0
2026-08-24,09.9813,1.B,Non-alloy & other alloy hot rolled sheets/strips (7212 60),United Kingdom,202
2026-08-24,09.9814,1.B,Non-alloy & other alloy hot rolled sheets/strips (7212 60),United States,0
2026-08-24,09.9815,1.B,Non-alloy & other alloy hot rolled sheets/strips (7212 60),Japan,90
2026-08-24,09.9816,1.B,Non-alloy & other alloy hot rolled sheets/strips (7212 60),China,20
2026-08-24,09.9501,1.B,Non-alloy & other alloy hot rolled sheets/strips (7212 60),FTA Quota – CSQ,107
2026-08-24,09.9601,1.B,Non-alloy & other alloy hot rolled sheets/strips (7212 60),Other countries,40
2026-08-24,09.9706,1.B,Non-alloy & other alloy hot rolled sheets/strips (7212 60),FTA Quota – Other countries,49
2026-08-24,09.9817,2,Non-alloy & other alloy cold rolled sheets,Taiwan,33504
2026-08-24,09.9818,2,Non-alloy & other alloy cold rolled sheets,India,44157
2026-08-24,09.9819,2,Non-alloy & other alloy cold rolled sheets,Korea,12126
2026-08-24,09.9820,2,Non-alloy & other alloy cold rolled sheets,Türkiye,36720
2026-08-24,09.9821,2,Non-alloy & other alloy cold rolled sheets,United Kingdom,19477
2026-08-24,09.9822,2,Non-alloy & other alloy cold rolled sheets,Japan,28792
2026-08-24,09.9823,2,Non-alloy & other alloy cold rolled sheets,Ukraine,1638
2026-08-24,09.9502,2,Non-alloy & other alloy cold rolled sheets,FTA Quota – CSQ,33671
2026-08-24,09.9602,2,Non-alloy & other alloy cold rolled sheets,Other countries,0
2026-08-24,09.9707,2,Non-alloy & other alloy cold rolled sheets,FTA Quota – Other countries,7953
2026-08-24,09.9709,2,Non-alloy & other alloy cold rolled sheets,Egypt,0
2026-08-24,09.9710,2,Non-alloy & other alloy cold rolled sheets,Switzerland,312
2026-08-24,09.9708,2,Non-alloy & other alloy cold rolled sheets,Brazil,0
2026-08-24,09.9824,3.A,Electrical sheets (non grain-oriented),Japan,78
2026-08-24,09.9825,3.A,Electrical sheets (non grain-oriented),United Kingdom,20
2026-08-24,09.9826,3.A,Electrical sheets (non grain-oriented),China,5
2026-08-24,09.9827,3.A,Electrical sheets (non grain-oriented),Türkiye,9
2026-08-24,09.9503,3.A,Electrical sheets (non grain-oriented),FTA Quota – CSQ,29
2026-08-24,09.9603,3.A,Electrical sheets (non grain-oriented),Other countries,7
2026-08-24,09.9711,3.A,Electrical sheets (non grain-oriented),FTA Quota – Other countries,5
2026-08-24,09.9828,3.B,Electrical sheets (grain-oriented),China,0
2026-08-24,09.9829,3.B,Electrical sheets (grain-oriented),Taiwan,3916
2026-08-24,09.9830,3.B,Electrical sheets (grain-oriented),Korea,9210
2026-08-24,09.9831,3.B,Electrical sheets (grain-oriented),Viet Nam,6925
2026-08-24,09.9504,3.B,Electrical sheets (grain-oriented),FTA Quota – CSQ,4217
2026-08-24,09.9604,3.B,Electrical sheets (grain-oriented),Other countries,1477
2026-08-24,09.9712,3.B,Electrical sheets (grain-oriented),FTA Quota – Other countries,4078
2026-08-24,09.9713,3.B,Electrical sheets (grain-oriented),Japan,476
2026-08-24,09.9832,4.A,Metallic coated sheets,Viet Nam,96788
2026-08-24,09.9833,4.A,Metallic coated sheets,Taiwan,2851
2026-08-24,09.9834,4.A,Metallic coated sheets,Türkiye,0
2026-08-24,09.9835,4.A,Metallic coated sheets,India,34324
2026-08-24,09.9836,4.A,Metallic coated sheets,Korea,4709
2026-08-24,09.9505,4.A,Metallic coated sheets,FTA Quota – CSQ,0
2026-08-24,09.9605,4.A,Metallic coated sheets,Other countries,0
2026-08-24,09.9714,4.A,Metallic coated sheets,FTA Quota – Other countries,0
2026-08-24,09.9718,4.A,Metallic coated sheets,United Kingdom,301
2026-08-24,09.9716,4.A,Metallic coated sheets,Japan,1
2026-08-24,09.9715,4.A,Metallic coated sheets,Egypt,0
2026-08-24,09.9717,4.A,Metallic coated sheets,South Africa,0
2026-08-24,09.9837,4.B,Metallic coated sheets (automotive),Korea,13856
2026-08-24,09.9838,4.B,Metallic coated sheets (automotive),China,0
2026-08-24,09.9839,4.B,Metallic coated sheets (automotive),United Kingdom,32318
2026-08-24,09.9840,4.B,Metallic coated sheets (automotive),Türkiye,0
2026-08-24,09.9841,4.B,Metallic coated sheets (automotive),India,22376
2026-08-24,09.9506,4.B,Metallic coated sheets (automotive),FTA Quota – CSQ,0
2026-08-24,09.9606,4.B,Metallic coated sheets (automotive),Other countries,0
2026-08-24,09.9719,4.B,Metallic coated sheets (automotive),FTA Quota – Other countries,822
2026-08-24,09.9720,4.B,Metallic coated sheets (automotive),Egypt,1625
2026-08-24,09.9721,4.B,Metallic coated sheets (automotive),Switzerland,0
2026-08-24,09.9842,5,Organic coated sheets,India,0
2026-08-24,09.9843,5,Organic coated sheets,Korea,0
2026-08-24,09.9844,5,Organic coated sheets,Viet Nam,3935
2026-08-24,09.9845,5,Organic coated sheets,Türkiye,0
2026-08-24,09.9846,5,Organic coated sheets,Taiwan,95
2026-08-24,09.9847,5,Organic coated sheets,United Kingdom,3962
2026-08-24,09.9507,5,Organic coated sheets,FTA Quota – CSQ,0
2026-08-24,09.9607,5,Organic coated sheets,Other countries,0
2026-08-24,09.9722,5,Organic coated sheets,FTA Quota – Other countries,1418
2026-08-24,09.9723,5,Organic coated sheets,North Macedonia,0
2026-08-24,09.9848,6,Tin mill products,China,29352
2026-08-24,09.9849,6,Tin mill products,Serbia,9191
2026-08-24,09.9850,6,Tin mill products,United Kingdom,7339
2026-08-24,09.9851,6,Tin mill products,Türkiye,11574
2026-08-24,09.9852,6,Tin mill products,Korea,7151
2026-08-24,09.9853,6,Tin mill products,India,5860
2026-08-24,09.9508,6,Tin mill products,FTA Quota – CSQ,11255
2026-08-24,09.9608,6,Tin mill products,Other countries,0
2026-08-24,09.9724,6,Tin mill products,FTA Quota – Other countries,4522
2026-08-24,09.9725,6,Tin mill products,Japan,0
2026-08-24,09.9726,6,Tin mill products,Singapore,21
2026-08-24,09.9854,7,Non-alloy & other alloy quarto plates,Korea,0
2026-08-24,09.9855,7,Non-alloy & other alloy quarto plates,Indonesia,18206
2026-08-24,09.9856,7,Non-alloy & other alloy quarto plates,India,6209
2026-08-24,09.9857,7,Non-alloy & other alloy quarto plates,Japan,7257
2026-08-24,09.9858,7,Non-alloy & other alloy quarto plates,North Macedonia,723
2026-08-24,09.9859,7,Non-alloy & other alloy quarto plates,United Kingdom,1313
2026-08-24,09.9509,7,Non-alloy & other alloy quarto plates,FTA Quota – CSQ,5361
2026-08-24,09.9609,7,Non-alloy & other alloy quarto plates,Other countries,0
2026-08-24,09.9727,7,Non-alloy & other alloy quarto plates,FTA Quota – Other countries,6889
2026-08-24,09.9728,7,Non-alloy & other alloy quarto plates,Türkiye,0
2026-08-24,09.9491,7,Non-alloy & other alloy quarto plates,United Kingdom (to Northern Ireland from other parts of the United Kingdom),3065
2026-08-24,09.9860,8,Stainless hot rolled sheets and strips,Taiwan,2055
2026-08-24,09.9861,8,Stainless hot rolled sheets and strips,Indonesia,8955
2026-08-24,09.9862,8,Stainless hot rolled sheets and strips,India,2331
2026-08-24,09.9863,8,Stainless hot rolled sheets and strips,China,2222
2026-08-24,09.9864,8,Stainless hot rolled sheets and strips,Korea,447
2026-08-24,09.9865,8,Stainless hot rolled sheets and strips,Türkiye,3430
2026-08-24,09.9866,8,Stainless hot rolled sheets and strips,South Africa,860
2026-08-24,09.9510,8,Stainless hot rolled sheets and strips,FTA Quota – CSQ,2806
2026-08-24,09.9610,8,Stainless hot rolled sheets and strips,Other countries,320
2026-08-24,09.9729,8,Stainless hot rolled sheets and strips,FTA Quota – Other countries,358
2026-08-24,09.9492,8,Stainless hot rolled sheets and strips,United Kingdom (to Northern Ireland from other parts of the United Kingdom),13
2026-08-24,09.9867,9,Stainless cold rolled sheets and strips,Taiwan,6452
2026-08-24,09.9868,9,Stainless cold rolled sheets and strips,China,6932
2026-08-24,09.9869,9,Stainless cold rolled sheets and strips,Korea,11545
2026-08-24,09.9870,9,Stainless cold rolled sheets and strips,Türkiye,7280
2026-08-24,09.9871,9,Stainless cold rolled sheets and strips,South Africa,7563
2026-08-24,09.9872,9,Stainless cold rolled sheets and strips,Viet Nam,5729
2026-08-24,09.9873,9,Stainless cold rolled sheets and strips,India,5351
2026-08-24,09.9511,9,Stainless cold rolled sheets and strips,FTA Quota – CSQ,9935
2026-08-24,09.9611,9,Stainless cold rolled sheets and strips,Other countries,2024
2026-08-24,09.9730,9,Stainless cold rolled sheets and strips,FTA Quota – Other countries,4650
2026-08-24,09.9731,9,Stainless cold rolled sheets and strips,Switzerland,106
2026-08-24,09.9493,9,Stainless cold rolled sheets and strips,United Kingdom (to Northern Ireland from other parts of the United Kingdom),29
2026-08-24,09.9874,10,Stainless hot rolled quarto plates,China,718
2026-08-24,09.9875,10,Stainless hot rolled quarto plates,India,595
2026-08-24,09.9876,10,Stainless hot rolled quarto plates,Korea,405
2026-08-24,09.9877,10,Stainless hot rolled quarto plates,South Africa,232
2026-08-24,09.9512,10,Stainless hot rolled quarto plates,FTA Quota – CSQ,279
2026-08-24,09.9612,10,Stainless hot rolled quarto plates,Other countries,139
2026-08-24,09.9732,10,Stainless hot rolled quarto plates,FTA Quota – Other countries,250
2026-08-24,09.9878,12,Non-alloy & other alloy merchant bars & light sections,China,9928
2026-08-24,09.9879,12,Non-alloy & other alloy merchant bars & light sections,Türkiye,28412
2026-08-24,09.9880,12,Non-alloy & other alloy merchant bars & light sections,United Kingdom,14379
2026-08-24,09.9881,12,Non-alloy & other alloy merchant bars & light sections,Switzerland,15663
2026-08-24,09.9882,12,Non-alloy & other alloy merchant bars & light sections,Korea,5828
2026-08-24,09.9883,12,Non-alloy & other alloy merchant bars & light sections,North Macedonia,5439
2026-08-24,09.9513,12,Non-alloy & other alloy merchant bars & light sections,FTA Quota – CSQ,14063
2026-08-24,09.9613,12,Non-alloy & other alloy merchant bars & light sections,Other countries,354
2026-08-24,09.9733,12,Non-alloy & other alloy merchant bars & light sections,FTA Quota – Other countries,10024
2026-08-24,09.9734,12,Non-alloy & other alloy merchant bars & light sections,Brazil,2819
2026-08-24,09.9735,12,Non-alloy & other alloy merchant bars & light sections,Egypt,26
2026-08-24,09.9884,13,Rebars,Türkiye,0
2026-08-24,09.9885,13,Rebars,Egypt,24756
2026-08-24,09.9886,13,Rebars,Algeria,8480
2026-08-24,09.9887,13,Rebars,Moldova,6435
2026-08-24,09.9888,13,Rebars,China,4870
2026-08-24,09.9889,13,Rebars,Ukraine,6269
2026-08-24,09.9514,13,Rebars,FTA Quota – CSQ,0
2026-08-24,09.9614,13,Rebars,Other countries,13034
2026-08-24,09.9736,13,Rebars,FTA Quota – Other countries,9575
2026-08-24,09.9494,13,Rebars,United Kingdom (to Northern Ireland from other parts of the United Kingdom),5
2026-08-24,09.9890,14,Stainless bars and light sections,India,0
2026-08-24,09.9891,14,Stainless bars and light sections,Switzerland,578
2026-08-24,09.9892,14,Stainless bars and light sections,United Kingdom,978
2026-08-24,09.9893,14,Stainless bars and light sections,China,298
2026-08-24,09.9515,14,Stainless bars and light sections,FTA Quota – CSQ,0
2026-08-24,09.9615,14,Stainless bars and light sections,Other countries,45
2026-08-24,09.9737,14,Stainless bars and light sections,FTA Quota – Other countries,450
2026-08-24,09.9894,15,Stainless wire rod,India,1910
2026-08-24,09.9895,15,Stainless wire rod,Taiwan,41
2026-08-24,09.9896,15,Stainless wire rod,Korea,665
2026-08-24,09.9897,15,Stainless wire rod,United Kingdom,615
2026-08-24,09.9898,15,Stainless wire rod,China,328
2026-08-24,09.9899,15,Stainless wire rod,Japan,14
2026-08-24,09.9516,15,Stainless wire rod,FTA Quota – CSQ,810
2026-08-24,09.9616,15,Stainless wire rod,Other countries,99
2026-08-24,09.9738,15,Stainless wire rod,FTA Quota – Other countries,91
2026-08-24,09.9900,16,Non-alloy & other alloy wire rod,Türkiye,0
2026-08-24,09.9901,16,Non-alloy & other alloy wire rod,Malaysia,21671
2026-08-24,09.9902,16,Non-alloy & other alloy wire rod,United Kingdom,32761
2026-08-24,09.9903,16,Non-alloy & other alloy wire rod,Ukraine,6636
2026-08-24,09.9904,16,Non-alloy & other alloy wire rod,Switzerland,7236
2026-08-24,09.9905,16,Non-alloy & other alloy wire rod,Viet Nam,15389
2026-08-24,09.9906,16,Non-alloy & other alloy wire rod,Moldova,15554
2026-08-24,09.9907,16,Non-alloy & other alloy wire rod,Egypt,2166
2026-08-24,09.9517,16,Non-alloy & other alloy wire rod,FTA Quota – CSQ,0
2026-08-24,09.9617,16,Non-alloy & other alloy wire rod,Other countries,31161
2026-08-24,09.9739,16,Non-alloy & other alloy wire rod,FTA Quota – Other countries,29412
2026-08-24,09.9740,16,Non-alloy & other alloy wire rod,Korea,2685
2026-08-24,09.9741,16,Non-alloy & other alloy wire rod,Japan,871
2026-08-24,09.9908,17,"Angles, shapes and sections of iron/non-alloy steel",Türkiye,492
2026-08-24,09.9909,17,"Angles, shapes and sections of iron/non-alloy steel",United Kingdom,4131
2026-08-24,09.9910,17,"Angles, shapes and sections of iron/non-alloy steel",Switzerland,2589
2026-08-24,09.9911,17,"Angles, shapes and sections of iron/non-alloy steel",United Arab Emirates,1486
2026-08-24,09.9518,17,"Angles, shapes and sections of iron/non-alloy steel",FTA Quota – CSQ,3032
2026-08-24,09.9618,17,"Angles, shapes and sections of iron/non-alloy steel",Other countries,2143
2026-08-24,09.9742,17,"Angles, shapes and sections of iron/non-alloy steel",FTA Quota – Other countries,1026
2026-08-24,09.9743,17,"Angles, shapes and sections of iron/non-alloy steel",Korea,1245
2026-08-24,09.9495,17,"Angles, shapes and sections of iron/non-alloy steel",United Kingdom (to Northern Ireland from other parts of the United Kingdom),11164
2026-08-24,09.9912,18,Sheet piling,China,0
2026-08-24,09.9913,18,Sheet piling,United Arab Emirates,2
2026-08-24,09.9914,18,Sheet piling,United Kingdom,1635
2026-08-24,09.9519,18,Sheet piling,FTA Quota – CSQ,1234
2026-08-24,09.9619,18,Sheet piling,Other countries,0
2026-08-24,09.9744,18,Sheet piling,FTA Quota – Other countries,1367
2026-08-24,09.9915,19,Railway material,United Kingdom,88
2026-08-24,09.9916,19,Railway material,Türkiye,69
2026-08-24,09.9917,19,Railway material,China,0
2026-08-24,09.9520,19,Railway material,FTA Quota – CSQ,286
2026-08-24,09.9620,19,Railway material,Other countries,143
2026-08-24,09.9745,19,Railway material,FTA Quota – Other countries,140
2026-08-24,09.9918,20,Gas pipes,Türkiye,0
2026-08-24,09.9919,20,Gas pipes,India,0
2026-08-24,09.9920,20,Gas pipes,United Arab Emirates,2471
2026-08-24,09.9921,20,Gas pipes,North Macedonia,28
2026-08-24,09.9922,20,Gas pipes,United Kingdom,1691
2026-08-24,09.9521,20,Gas pipes,FTA Quota – CSQ,0
2026-08-24,09.9621,20,Gas pipes,Other countries,0
2026-08-24,09.9746,20,Gas pipes,FTA Quota – Other countries,878
2026-08-24,09.9923,21,Hollow sections,Türkiye,0
2026-08-24,09.9924,21,Hollow sections,United Kingdom,11069
2026-08-24,09.9925,21,Hollow sections,North Macedonia,0
2026-08-24,09.9926,21,Hollow sections,China,0
2026-08-24,09.9927,21,Hollow sections,Ukraine,0
2026-08-24,09.9522,21,Hollow sections,FTA Quota – CSQ,0
2026-08-24,09.9622,21,Hollow sections,Other countries,0
2026-08-24,09.9747,21,Hollow sections,FTA Quota – Other countries,0
2026-08-24,09.9748,21,Hollow sections,Switzerland,400
2026-08-24,09.9928,22,Seamless stainless tubes and pipes,India,0
2026-08-24,09.9929,22,Seamless stainless tubes and pipes,Ukraine,332
2026-08-24,09.9930,22,Seamless stainless tubes and pipes,China,62
2026-08-24,09.9931,22,Seamless stainless tubes and pipes,Korea,412
2026-08-24,09.9523,22,Seamless stainless tubes and pipes,FTA Quota – CSQ,0
2026-08-24,09.9623,22,Seamless stainless tubes and pipes,Other countries,0
2026-08-24,09.9749,22,Seamless stainless tubes and pipes,FTA Quota – Other countries,0
2026-08-24,09.9750,22,Seamless stainless tubes and pipes,Japan,0
2026-08-24,09.9932,24,Other seamless tubes,China,0
2026-08-24,09.9933,24,Other seamless tubes,Ukraine,562
2026-08-24,09.9934,24,Other seamless tubes,Brazil,5159
2026-08-24,09.9524,24,Other seamless tubes,FTA Quota – CSQ,3052
2026-08-24,09.9624,24,Other seamless tubes,Other countries,2701
2026-08-24,09.9751,24,Other seamless tubes,FTA Quota – Other countries,8609
2026-08-24,09.9752,24,Other seamless tubes,Argentina,982
2026-08-24,09.9753,24,Other seamless tubes,Singapore,110
2026-08-24,09.9935,25.A,Large welded tubes,Türkiye,1947
2026-08-24,09.9936,25.A,Large welded tubes,Israel,834
2026-08-24,09.9937,25.A,Large welded tubes,China,0
2026-08-24,09.9938,25.A,Large welded tubes,India,0
2026-08-24,09.9525,25.A,Large welded tubes,FTA Quota – CSQ,960
2026-08-24,09.9625,25.A,Large welded tubes,Other countries,333
2026-08-24,09.9754,25.A,Large welded tubes,FTA Quota – Other countries,584
2026-08-24,09.9496,25.A,Large welded tubes,United Kingdom (to Northern Ireland from other parts of the United Kingdom),14
2026-08-24,09.9939,25.B,Large welded tubes (line pipe),Türkiye,4141
2026-08-24,09.9940,25.B,Large welded tubes (line pipe),China,0
2026-08-24,09.9941,25.B,Large welded tubes (line pipe),United Kingdom,1281
2026-08-24,09.9942,25.B,Large welded tubes (line pipe),Algeria,0
2026-08-24,09.9526,25.B,Large welded tubes (line pipe),FTA Quota – CSQ,2030
2026-08-24,09.9626,25.B,Large welded tubes (line pipe),Other countries,0
2026-08-24,09.9755,25.B,Large welded tubes (line pipe),FTA Quota – Other countries,811
2026-08-24,09.9756,25.B,Large welded tubes (line pipe),Singapore,21
2026-08-24,09.9943,26,Other welded tubes,Türkiye,0
2026-08-24,09.9944,26,Other welded tubes,Switzerland,10506
2026-08-24,09.9945,26,Other welded tubes,China,0
2026-08-24,09.9946,26,Other welded tubes,India,0
2026-08-24,09.9947,26,Other welded tubes,United Kingdom,2308
2026-08-24,09.9948,26,Other welded tubes,Taiwan,0
2026-08-24,09.9527,26,Other welded tubes,FTA Quota – CSQ,0
2026-08-24,09.9627,26,Other welded tubes,Other countries,179
2026-08-24,09.9757,26,Other welded tubes,FTA Quota – Other countries,1446
2026-08-24,09.9758,26,Other welded tubes,Singapore,0
2026-08-24,09.9949,27,Non-alloy & alloy cold finished bars,China,553
2026-08-24,09.9950,27,Non-alloy & alloy cold finished bars,Türkiye,1971
2026-08-24,09.9951,27,Non-alloy & alloy cold finished bars,Switzerland,2314
2026-08-24,09.9952,27,Non-alloy & alloy cold finished bars,Ukraine,1273
2026-08-24,09.9528,27,Non-alloy & alloy cold finished bars,FTA Quota – CSQ,1491
2026-08-24,09.9628,27,Non-alloy & alloy cold finished bars,Other countries,6
2026-08-24,09.9759,27,Non-alloy & alloy cold finished bars,FTA Quota – Other countries,1565
2026-08-24,09.9953,27,Non-alloy & alloy cold finished bars,China,0
2026-08-24,09.9954,27,Non-alloy & alloy cold finished bars,Türkiye,0
2026-08-24,09.9955,27,Non-alloy & alloy cold finished bars,Ukraine,6052
2026-08-24,09.9529,27,Non-alloy & alloy cold finished bars,FTA Quota – CSQ,2967
2026-08-24,09.9629,27,Non-alloy & alloy cold finished bars,Other countries,0
2026-08-24,09.9760,27,Non-alloy & alloy cold finished bars,FTA Quota – Other countries,5756
2026-08-24,09.9497,27,Non-alloy & alloy cold finished bars,United Kingdom (to Northern Ireland from other parts of the United Kingdom),156
2026-08-25,09.9801,1.A,Non-alloy & other alloy hot rolled sheets/strips,Türkiye,0
2026-08-25,09.9802,1.A,Non-alloy & other alloy hot rolled sheets/strips,Japan,117544
2026-08-25,09.9803,1.A,Non-alloy & other alloy hot rolled sheets/strips,India,38357
2026-08-25,09.9804,1.A,Non-alloy & other alloy hot rolled sheets/strips,Taiwan,62665
2026-08-25,09.9805,1.A,Non-alloy & other alloy hot rolled sheets/strips,Ukraine,40959
2026-08-25,09.9806,1.A,Non-alloy & other alloy hot rolled sheets/strips,Korea,30074
2026-08-25,09.9807,1.A,Non-alloy & other alloy hot rolled sheets/strips,Viet Nam,46573
2026-08-25,09.9808,1.A,Non-alloy & other alloy hot rolled sheets/strips,Egypt,99379
2026-08-25,09.9809,1.A,Non-alloy & other alloy hot rolled sheets/strips,Serbia,37788
2026-08-25,09.9500,1.A,Non-alloy & other alloy hot rolled sheets/strips,FTA Quota – CSQ,0
2026-08-25,09.9701,1.A,Non-alloy & other alloy hot rolled sheets/strips,Brazil,42408
2026-08-25,09.9705,1.A,Non-alloy & other alloy hot rolled sheets/strips,United Kingdom,35632
2026-08-25,09.9702,1.A,Non-alloy & other alloy hot rolled sheets/strips,Indonesia,0
2026-08-25,09.9810,1.A,Non-alloy & other alloy hot rolled sheets/strips,Australia,11602
2026-08-25,09.9811,1.A,Non-alloy & other alloy hot rolled sheets/strips,Saudi Arabia,9545
2026-08-25,09.9704,1.A,Non-alloy & other alloy hot rolled sheets/strips,Switzerland,5289
2026-08-25,09.9812,1.A,Non-alloy & other alloy hot rolled sheets/strips,Kazakhstan,2349
2026-08-25,09.9703,1.A,Non-alloy & other alloy hot rolled sheets/strips,North Macedonia,773
2026-08-25,09.9600,1.A,Non-alloy & other alloy hot rolled sheets/strips,Other countries,0
2026-08-25,09.9700,1.A,Non-alloy & other alloy hot rolled sheets/strips,FTA Quota – Other countries,0
2026-08-25,09.9813,1.B,Non-alloy & other alloy hot rolled sheets/strips (7212 60),United Kingdom,184
2026-08-25,09.9814,1.B,Non-alloy & other alloy hot rolled sheets/strips (7212 60),United States,0
2026-08-25,09.9815,1.B,Non-alloy & other alloy hot rolled sheets/strips (7212 60),Japan,90
2026-08-25,09.9816,1.B,Non-alloy & other alloy hot rolled sheets/strips (7212 60),China,20
2026-08-25,09.9501,1.B,Non-alloy & other alloy hot rolled sheets/strips (7212 60),FTA Quota – CSQ,107
2026-08-25,09.9601,1.B,Non-alloy & other alloy hot rolled sheets/strips (7212 60),Other countries,40
2026-08-25,09.9706,1.B,Non-alloy & other alloy hot rolled sheets/strips (7212 60),FTA Quota – Other countries,49
2026-08-25,09.9817,2,Non-alloy & other alloy cold rolled sheets,Taiwan,33504
2026-08-25,09.9818,2,Non-alloy & other alloy cold rolled sheets,India,44157
2026-08-25,09.9819,2,Non-alloy & other alloy cold rolled sheets,Korea,12100
2026-08-25,09.9820,2,Non-alloy & other alloy cold rolled sheets,Türkiye,36672
2026-08-25,09.9821,2,Non-alloy & other alloy cold rolled sheets,United Kingdom,19477
2026-08-25,09.9822,2,Non-alloy & other alloy cold rolled sheets,Japan,28792
2026-08-25,09.9823,2,Non-alloy & other alloy cold rolled sheets,Ukraine,1638
2026-08-25,09.9502,2,Non-alloy & other alloy cold rolled sheets,FTA Quota – CSQ,33671
2026-08-25,09.9602,2,Non-alloy & other alloy cold rolled sheets,Other countries,0
2026-08-25,09.9707,2,Non-alloy & other alloy cold rolled sheets,FTA Quota – Other countries,7931
2026-08-25,09.9709,2,Non-alloy & other alloy cold rolled sheets,Egypt,0
2026-08-25,09.9710,2,Non-alloy & other alloy cold rolled sheets,Switzerland,312
2026-08-25,09.9708,2,Non-alloy & other alloy cold rolled sheets,Brazil,0
2026-08-25,09.9824,3.A,Electrical sheets (non grain-oriented),Japan,78
2026-08-25,09.9825,3.A,Electrical sheets (non grain-oriented),United Kingdom,20
2026-08-25,09.9826,3.A,Electrical sheets (non grain-oriented),China,5
2026-08-25,09.9827,3.A,Electrical sheets (non grain-oriented),Türkiye,9
2026-08-25,09.9503,3.A,Electrical sheets (non grain-oriented),FTA Quota – CSQ,29
2026-08-25,09.9603,3.A,Electrical sheets (non grain-oriented),Other countries,7
2026-08-25,09.9711,3.A,Electrical sheets (non grain-oriented),FTA Quota – Other countries,5
2026-08-25,09.9828,3.B,Electrical sheets (grain-oriented),China,0
2026-08-25,09.9829,3.B,Electrical sheets (grain-oriented),Taiwan,3916
2026-08-25,09.9830,3.B,Electrical sheets (grain-oriented),Korea,9210
2026-08-25,09.9831,3.B,Electrical sheets (grain-oriented),Viet Nam,6925
2026-08-25,09.9504,3.B,Electrical sheets (grain-oriented),FTA Quota – CSQ,4217
2026-08-25,09.9604,3.B,Electrical sheets (grain-oriented),Other countries,1477
2026-08-25,09.9712,3.B,Electrical sheets (grain-oriented),FTA Quota – Other countries,4078
2026-08-25,09.9713,3.B,Electrical sheets (grain-oriented),Japan,476
2026-08-25,09.9832,4.A,Metallic coated sheets,Viet Nam,96512
2026-08-25,09.9833,4.A,Metallic coated sheets,Taiwan,2846
2026-08-25,09.9834,4.A,Metallic coated sheets,Türkiye,0
2026-08-25,09.9835,4.A,Metallic coated sheets,India,34291
2026-08-25,09.9836,4.A,Metallic coated sheets,Korea,4696
2026-08-25,09.9505,4.A,Metallic coated sheets,FTA Quota – CSQ,0
2026-08-25,09.9605,4.A,Metallic coated sheets,Other countries,0
2026-08-25,09.9714,4.A,Metallic coated sheets,FTA Quota – Other countries,0
2026-08-25,09.9718,4.A,Metallic coated sheets,United Kingdom,183
2026-08-25,09.9716,4.A,Metallic coated sheets,Japan,1
2026-08-25,09.9715,4.A,Metallic coated sheets,Egypt,0
2026-08-25,09.9717,4.A,Metallic coated sheets,South Africa,0
2026-08-25,09.9837,4.B,Metallic coated sheets (automotive),Korea,13856
2026-08-25,09.9838,4.B,Metallic coated sheets (automotive),China,0
2026-08-25,09.9839,4.B,Metallic coated sheets (automotive),United Kingdom,31892
2026-08-25,09.9840,4.B,Metallic coated sheets (automotive),Türkiye,0
2026-08-25,09.9841,4.B,Metallic coated sheets (automotive),India,22376
2026-08-25,09.9506,4.B,Metallic coated sheets (automotive),FTA Quota – CSQ,0
2026-08-25,09.9606,4.B,Metallic coated sheets (automotive),Other countries,0
2026-08-25,09.9719,4.B,Metallic coated sheets (automotive),FTA Quota – Other countries,70
2026-08-25,09.9720,4.B,Metallic coated sheets (automotive),Egypt,1625
2026-08-25,09.9721,4.B,Metallic coated sheets (automotive),Switzerland,0
2026-08-25,09.9842,5,Organic coated sheets,India,0
2026-08-25,09.9843,5,Organic coated sheets,Korea,0
2026-08-25,09.9844,5,Organic coated sheets,Viet Nam,3932
2026-08-25,09.9845,5,Organic coated sheets,Türkiye,0
2026-08-25,09.9846,5,Organic coated sheets,Taiwan,95
2026-08-25,09.9847,5,Organic coated sheets,United Kingdom,3906
2026-08-25,09.9507,5,Organic coated sheets,FTA Quota – CSQ,0
2026-08-25,09.9607,5,Organic coated sheets,Other countries,0
2026-08-25,09.9722,5,Organic coated sheets,FTA Quota – Other countries,1409
2026-08-25,09.9723,5,Organic coated sheets,North Macedonia,0
2026-08-25,09.9848,6,Tin mill products,China,29352
2026-08-25,09.9849,6,Tin mill products,Serbia,9098
2026-08-25,09.9850,6,Tin mill products,United Kingdom,7219
2026-08-25,09.9851,6,Tin mill products,Türkiye,11574
2026-08-25,09.9852,6,Tin mill products,Korea,7151
2026-08-25,09.9853,6,Tin mill products,India,5860
2026-08-25,09.9508,6,Tin mill products,FTA Quota – CSQ,11255
2026-08-25,09.9608,6,Tin mill products,Other countries,0
2026-08-25,09.9724,6,Tin mill products,FTA Quota – Other countries,4522
2026-08-25,09.9725,6,Tin mill products,Japan,0
2026-08-25,09.9726,6,Tin mill products,Singapore,21
2026-08-25,09.9854,7,Non-alloy & other alloy quarto plates,Korea,0
2026-08-25,09.9855,7,Non-alloy & other alloy quarto plates,Indonesia,18206
2026-08-25,09.9856,7,Non-alloy & other alloy quarto plates,India,6209
2026-08-25,09.9857,7,Non-alloy & other alloy quarto plates,Japan,6875
2026-08-25,09.9858,7,Non-alloy & other alloy quarto plates,North Macedonia,0
2026-08-25,09.9859,7,Non-alloy & other alloy quarto plates,United Kingdom,1231
2026-08-25,09.9509,7,Non-alloy & other alloy quarto plates,FTA Quota – CSQ,5361
2026-08-25,09.9609,7,Non-alloy & other alloy quarto plates,Other countries,0
2026-08-25,09.9727,7,Non-alloy & other alloy quarto plates,FTA Quota – Other countries,6889
2026-08-25,09.9728,7,Non-alloy & other alloy quarto plates,Türkiye,0
2026-08-25,09.9491,7,Non-alloy & other alloy quarto plates,United Kingdom (to Northern Ireland from other parts of the United Kingdom),3065
2026-08-25,09.9860,8,Stainless hot rolled sheets and strips,Taiwan,2055
2026-08-25,09.9861,8,Stainless hot rolled sheets and strips,Indonesia,8955
2026-08-25,09.9862,8,Stainless hot rolled sheets and strips,India,2331
2026-08-25,09.9863,8,Stainless hot rolled sheets and strips,China,2222
2026-08-25,09.9864,8,Stainless hot rolled sheets and strips,Korea,0
2026-08-25,09.9865,8,Stainless hot rolled sheets and strips,Türkiye,3430
2026-08-25,09.9866,8,Stainless hot rolled sheets and strips,South Africa,846
2026-08-25,09.9510,8,Stainless hot rolled sheets and strips,FTA Quota – CSQ,2806
2026-08-25,09.9610,8,Stainless hot rolled sheets and strips,Other countries,314
2026-08-25,09.9729,8,Stainless hot rolled sheets and strips,FTA Quota – Other countries,348
2026-08-25,09.9492,8,Stainless hot rolled sheets and strips,United Kingdom (to Northern Ireland from other parts of the United Kingdom),13
2026-08-25,09.9867,9,Stainless cold rolled sheets and strips,Taiwan,6452
2026-08-25,09.9868,9,Stainless cold rolled sheets and strips,China,6922
2026-08-25,09.9869,9,Stainless cold rolled sheets and strips,Korea,9569
2026-08-25,09.9870,9,Stainless cold rolled sheets and strips,Türkiye,7219
2026-08-25,09.9871,9,Stainless cold rolled sheets and strips,South Africa,7563
2026-08-25,09.9872,9,Stainless cold rolled sheets and strips,Viet Nam,5498
2026-08-25,09.9873,9,Stainless cold rolled sheets and strips,India,5331
2026-08-25,09.9511,9,Stainless cold rolled sheets and strips,FTA Quota – CSQ,9935
2026-08-25,09.9611,9,Stainless cold rolled sheets and strips,Other countries,1939
2026-08-25,09.9730,9,Stainless cold rolled sheets and strips,FTA Quota – Other countries,4611
2026-08-25,09.9731,9,Stainless cold rolled sheets and strips,Switzerland,102
2026-08-25,09.9493,9,Stainless cold rolled sheets and strips,United Kingdom (to Northern Ireland from other parts of the United Kingdom),29
2026-08-25,09.9874,10,Stainless hot rolled quarto plates,China,718
2026-08-25,09.9875,10,Stainless hot rolled quarto plates,India,595
2026-08-25,09.9876,10,Stainless hot rolled quarto plates,Korea,405
2026-08-25,09.9877,10,Stainless hot rolled quarto plates,South Africa,217
2026-08-25,09.9512,10,Stainless hot rolled quarto plates,FTA Quota – CSQ,279
2026-08-25,09.9612,10,Stainless hot rolled quarto plates,Other countries,139
2026-08-25,09.9732,10,Stainless hot rolled quarto plates,FTA Quota – Other countries,250
2026-08-25,09.9878,12,Non-alloy & other alloy merchant bars & light sections,China,9633
2026-08-25,09.9879,12,Non-alloy & other alloy merchant bars & light sections,Türkiye,27702
2026-08-25,09.9880,12,Non-alloy & other alloy merchant bars & light sections,United Kingdom,14137
2026-08-25,09.9881,12,Non-alloy & other alloy merchant bars & light sections,Switzerland,15617
2026-08-25,09.9882,12,Non-alloy & other alloy merchant bars & light sections,Korea,5828
2026-08-25,09.9883,12,Non-alloy & other alloy merchant bars & light sections,North Macedonia,5417
2026-08-25,09.9513,12,Non-alloy & other alloy merchant bars & light sections,FTA Quota – CSQ,14063
2026-08-25,09.9613,12,Non-alloy & other alloy merchant bars & light sections,Other countries,353
2026-08-25,09.9733,12,Non-alloy & other alloy merchant bars & light sections,FTA Quota – Other countries,10001
2026-08-25,09.9734,12,Non-alloy & other alloy merchant bars & light sections,Brazil,2790
2026-08-25,09.9735,12,Non-alloy & other alloy merchant bars & light sections,Egypt,26
2026-08-25,09.9884,13,Rebars,Türkiye,0
2026-08-25,09.9885,13,Rebars,Egypt,24779
2026-08-25,09.9886,13,Rebars,Algeria,8480
2026-08-25,09.9887,13,Rebars,Moldova,5765
2026-08-25,09.9888,13,Rebars,China,4870
2026-08-25,09.9889,13,Rebars,Ukraine,6203
2026-08-25,09.9514,13,Rebars,FTA Quota – CSQ,0
2026-08-25,09.9614,13,Rebars,Other countries,12953
2026-08-25,09.9736,13,Rebars,FTA Quota – Other countries,9575
2026-08-25,09.9494,13,Rebars,United Kingdom (to Northern Ireland from other parts of the United Kingdom),5
2026-08-25,09.9890,14,Stainless bars and light sections,India,0
2026-08-25,09.9891,14,Stainless bars and light sections,Switzerland,416
2026-08-25,09.9892,14,Stainless bars and light sections,United Kingdom,946
2026-08-25,09.9893,14,Stainless bars and light sections,China,272
2026-08-25,09.9515,14,Stainless bars and light sections,FTA Quota – CSQ,0
2026-08-25,09.9615,14,Stainless bars and light sections,Other countries,40
2026-08-25,09.9737,14,Stainless bars and light sections,FTA Quota – Other countries,447
2026-08-25,09.9894,15,Stainless wire rod,India,1910
2026-08-25,09.9895,15,Stainless wire rod,Taiwan,41
2026-08-25,09.9896,15,Stainless wire rod,Korea,665
2026-08-25,09.9897,15,Stainless wire rod,United Kingdom,615
2026-08-25,09.9898,15,Stainless wire rod,China,328
2026-08-25,09.9899,15,Stainless wire rod,Japan,14
2026-08-25,09.9516,15,Stainless wire rod,FTA Quota – CSQ,810
2026-08-25,09.9616,15,Stainless wire rod,Other countries,99
2026-08-25,09.9738,15,Stainless wire rod,FTA Quota – Other countries,41
2026-08-25,09.9900,16,Non-alloy & other alloy wire rod,Türkiye,0
2026-08-25,09.9901,16,Non-alloy & other alloy wire rod,Malaysia,21671
2026-08-25,09.9902,16,Non-alloy & other alloy wire rod,United Kingdom,32517
2026-08-25,09.9903,16,Non-alloy & other alloy wire rod,Ukraine,6570
2026-08-25,09.9904,16,Non-alloy & other alloy wire rod,Switzerland,6839
2026-08-25,09.9905,16,Non-alloy & other alloy wire rod,Viet Nam,15389
2026-08-25,09.9906,16,Non-alloy & other alloy wire rod,Moldova,14728
2026-08-25,09.9907,16,Non-alloy & other alloy wire rod,Egypt,2166
2026-08-25,09.9517,16,Non-alloy & other alloy wire rod,FTA Quota – CSQ,0
2026-08-25,09.9617,16,Non-alloy & other alloy wire rod,Other countries,31031
2026-08-25,09.9739,16,Non-alloy & other alloy wire rod,FTA Quota – Other countries,29412
2026-08-25,09.9740,16,Non-alloy & other alloy wire rod,Korea,2685
2026-08-25,09.9741,16,Non-alloy & other alloy wire rod,Japan,871
2026-08-25,09.9908,17,"Angles, shapes and sections of iron/non-alloy steel",Türkiye,489
2026-08-25,09.9909,17,"Angles, shapes and sections of iron/non-alloy steel",United Kingdom,4105
2026-08-25,09.9910,17,"Angles, shapes and sections of iron/non-alloy steel",Switzerland,2589
2026-08-25,09.9911,17,"Angles, shapes and sections of iron/non-alloy steel",United Arab Emirates,1486
2026-08-25,09.9518,17,"Angles, shapes and sections of iron/non-alloy steel",FTA Quota – CSQ,3032
2026-08-25,09.9618,17,"Angles, shapes and sections of iron/non-alloy steel",Other countries,2128
2026-08-25,09.9742,17,"Angles, shapes and sections of iron/non-alloy steel",FTA Quota – Other countries,1026
2026-08-25,09.9743,17,"Angles, shapes and sections of iron/non-alloy steel",Korea,1245
2026-08-25,09.9495,17,"Angles, shapes and sections of iron/non-alloy steel",United Kingdom (to Northern Ireland from other parts of the United Kingdom),11164
2026-08-25,09.9912,18,Sheet piling,China,0
2026-08-25,09.9913,18,Sheet piling,United Arab Emirates,2
2026-08-25,09.9914,18,Sheet piling,United Kingdom,1635
2026-08-25,09.9519,18,Sheet piling,FTA Quota – CSQ,1234
2026-08-25,09.9619,18,Sheet piling,Other countries,0
2026-08-25,09.9744,18,Sheet piling,FTA Quota – Other countries,1359
2026-08-25,09.9915,19,Railway material,United Kingdom,70
2026-08-25,09.9916,19,Railway material,Türkiye,69
2026-08-25,09.9917,19,Railway material,China,0
2026-08-25,09.9520,19,Railway material,FTA Quota – CSQ,286
2026-08-25,09.9620,19,Railway material,Other countries,143
2026-08-25,09.9745,19,Railway material,FTA Quota – Other countries,140
2026-08-25,09.9918,20,Gas pipes,Türkiye,0
2026-08-25,09.9919,20,Gas pipes,India,0
2026-08-25,09.9920,20,Gas pipes,United Arab Emirates,2471
2026-08-25,09.9921,20,Gas pipes,North Macedonia,28
2026-08-25,09.9922,20,Gas pipes,United Kingdom,1667
2026-08-25,09.9521,20,Gas pipes,FTA Quota – CSQ,0
2026-08-25,09.9621,20,Gas pipes,Other countries,0
2026-08-25,09.9746,20,Gas pipes,FTA Quota – Other countries,759
2026-08-25,09.9923,21,Hollow sections,Türkiye,0
2026-08-25,09.9924,21,Hollow sections,United Kingdom,10706
2026-08-25,09.9925,21,Hollow sections,North Macedonia,0
2026-08-25,09.9926,21,Hollow sections,China,0
2026-08-25,09.9927,21,Hollow sections,Ukraine,0
2026-08-25,09.9522,21,Hollow sections,FTA Quota – CSQ,0
2026-08-25,09.9622,21,Hollow sections,Other countries,0
2026-08-25,09.9747,21,Hollow sections,FTA Quota – Other countries,0
2026-08-25,09.9748,21,Hollow sections,Switzerland,395
2026-08-25,09.9928,22,Seamless stainless tubes and pipes,India,0
2026-08-25,09.9929,22,Seamless stainless tubes and pipes,Ukraine,331
2026-08-25,09.9930,22,Seamless stainless tubes and pipes,China,61
2026-08-25,09.9931,22,Seamless stainless tubes and pipes,Korea,366
2026-08-25,09.9523,22,Seamless stainless tubes and pipes,FTA Quota – CSQ,0
2026-08-25,09.9623,22,Seamless stainless tubes and pipes,Other countries,0
2026-08-25,09.9749,22,Seamless stainless tubes and pipes,FTA Quota – Other countries,0
2026-08-25,09.9750,22,Seamless stainless tubes and pipes,Japan,0
2026-08-25,09.9932,24,Other seamless tubes,China,0
2026-08-25,09.9933,24,Other seamless tubes,Ukraine,285
2026-08-25,09.9934,24,Other seamless tubes,Brazil,5143
2026-08-25,09.9524,24,Other seamless tubes,FTA Quota – CSQ,3052
2026-08-25,09.9624,24,Other seamless tubes,Other countries,2313
2026-08-25,09.9751,24,Other seamless tubes,FTA Quota – Other countries,8609
2026-08-25,09.9752,24,Other seamless tubes,Argentina,974
2026-08-25,09.9753,24,Other seamless tubes,Singapore,110
2026-08-25,09.9935,25.A,Large welded tubes,Türkiye,1947
2026-08-25,09.9936,25.A,Large welded tubes,Israel,834
2026-08-25,09.9937,25.A,Large welded tubes,China,0
2026-08-25,09.9938,25.A,Large welded tubes,India,0
2026-08-25,09.9525,25.A,Large welded tubes,FTA Quota – CSQ,960
2026-08-25,09.9625,25.A,Large welded tubes,Other countries,278
2026-08-25,09.9754,25.A,Large welded tubes,FTA Quota – Other countries,584
2026-08-25,09.9496,25.A,Large welded tubes,United Kingdom (to Northern Ireland from other parts of the United Kingdom),14
2026-08-25,09.9939,25.B,Large welded tubes (line pipe),Türkiye,4141
2026-08-25,09.9940,25.B,Large welded tubes (line pipe),China,0
2026-08-25,09.9941,25.B,Large welded tubes (line pipe),United Kingdom,1262
2026-08-25,09.9942,25.B,Large welded tubes (line pipe),Algeria,0
2026-08-25,09.9526,25.B,Large welded tubes (line pipe),FTA Quota – CSQ,2030
2026-08-25,09.9626,25.B,Large welded tubes (line pipe),Other countries,0
2026-08-25,09.9755,25.B,Large welded tubes (line pipe),FTA Quota – Other countries,811
2026-08-25,09.9756,25.B,Large welded tubes (line pipe),Singapore,21
2026-08-25,09.9943,26,Other welded tubes,Türkiye,0
2026-08-25,09.9944,26,Other welded tubes,Switzerland,10457
2026-08-25,09.9945,26,Other welded tubes,China,0
2026-08-25,09.9946,26,Other welded tubes,India,0
2026-08-25,09.9947,26,Other welded tubes,United Kingdom,2298
2026-08-25,09.9948,26,Other welded tubes,Taiwan,0
2026-08-25,09.9527,26,Other welded tubes,FTA Quota – CSQ,0
2026-08-25,09.9627,26,Other welded tubes,Other countries,112
2026-08-25,09.9757,26,Other welded tubes,FTA Quota – Other countries,1419
2026-08-25,09.9758,26,Other welded tubes,Singapore,0
2026-08-25,09.9949,27,Non-alloy & alloy cold finished bars,China,238
2026-08-25,09.9950,27,Non-alloy & alloy cold finished bars,Türkiye,1657
2026-08-25,09.9951,27,Non-alloy & alloy cold finished bars,Switzerland,2235
2026-08-25,09.9952,27,Non-alloy & alloy cold finished bars,Ukraine,1273
2026-08-25,09.9528,27,Non-alloy & alloy cold finished bars,FTA Quota – CSQ,1491
2026-08-25,09.9628,27,Non-alloy & alloy cold finished bars,Other countries,0
2026-08-25,09.9759,27,Non-alloy & alloy cold finished bars,FTA Quota – Other countries,1562
2026-08-25,09.9953,27,Non-alloy & alloy cold finished bars,China,0
2026-08-25,09.9954,27,Non-alloy & alloy cold finished bars,Türkiye,0
2026-08-25,09.9955,27,Non-alloy & alloy cold finished bars,Ukraine,5867
2026-08-25,09.9529,27,Non-alloy & alloy cold finished bars,FTA Quota – CSQ,2785
2026-08-25,09.9629,27,Non-alloy & alloy cold finished bars,Other countries,0
2026-08-25,09.9760,27,Non-alloy & alloy cold finished bars,FTA Quota – Other countries,5669
2026-08-25,09.9497,27,Non-alloy & alloy cold finished bars,United Kingdom (to Northern Ireland from other parts of the United Kingdom),156
2026-08-26,09.9801,1.A,Non-alloy & other alloy hot rolled sheets/strips,Türkiye,0
2026-08-26,09.9802,1.A,Non-alloy & other alloy hot rolled sheets/strips,Japan,117544
2026-08-26,09.9803,1.A,Non-alloy & other alloy hot rolled sheets/strips,India,38357
2026-08-26,09.9804,1.A,Non-alloy & other alloy hot rolled sheets/strips,Taiwan,62665
2026-08-26,09.9805,1.A,Non-alloy & other alloy hot rolled sheets/strips,Ukraine,38872
2026-08-26,09.9806,1.A,Non-alloy & other alloy hot rolled sheets/strips,Korea,30074
2026-08-26,09.9807,1.A,Non-alloy & other alloy hot rolled sheets/strips,Viet Nam,46573
2026-08-26,09.9808,1.A,Non-alloy & other alloy hot rolled sheets/strips,Egypt,99379
2026-08-26,09.9809,1.A,Non-alloy & other alloy hot rolled sheets/strips,Serbia,33727
2026-08-26,09.9500,1.A,Non-alloy & other alloy hot rolled sheets/strips,FTA Quota – CSQ,0
2026-08-26,09.9701,1.A,Non-alloy & other alloy hot rolled sheets/strips,Brazil,42408
2026-08-26,09.9705,1.A,Non-alloy & other alloy hot rolled sheets/strips,United Kingdom,35540
2026-08-26,09.9702,1.A,Non-alloy & other alloy hot rolled sheets/strips,Indonesia,0
2026-08-26,09.9810,1.A,Non-alloy & other alloy hot rolled sheets/strips,Australia,11602
2026-08-26,09.9811,1.A,Non-alloy & other alloy hot rolled sheets/strips,Saudi Arabia,9545
2026-08-26,09.9704,1.A,Non-alloy & other alloy hot rolled sheets/strips,Switzerland,5264
2026-08-26,09.9812,1.A,Non-alloy & other alloy hot rolled sheets/strips,Kazakhstan,2349
2026-08-26,09.9703,1.A,Non-alloy & other alloy hot rolled sheets/strips,North Macedonia,665
2026-08-26,09.9600,1.A,Non-alloy & other alloy hot rolled sheets/strips,Other countries,0
2026-08-26,09.9700,1.A,Non-alloy & other alloy hot rolled sheets/strips,FTA Quota – Other countries,0
2026-08-26,09.9813,1.B,Non-alloy & other alloy hot rolled sheets/strips (7212 60),United Kingdom,174
2026-08-26,09.9814,1.B,Non-alloy & other alloy hot rolled sheets/strips (7212 60),United States,0
2026-08-26,09.9815,1.B,Non-alloy & other alloy hot rolled sheets/strips (7212 60),Japan,90
2026-08-26,09.9816,1.B,Non-alloy & other alloy hot rolled sheets/strips (7212 60),China,20
2026-08-26,09.9501,1.B,Non-alloy & other alloy hot rolled sheets/strips (7212 60),FTA Quota – CSQ,107
2026-08-26,09.9601,1.B,Non-alloy & other alloy hot rolled sheets/strips (7212 60),Other countries,40
2026-08-26,09.9706,1.B,Non-alloy & other alloy hot rolled sheets/strips (7212 60),FTA Quota – Other countries,49
2026-08-26,09.9817,2,Non-alloy & other alloy cold rolled sheets,Taiwan,33504
2026-08-26,09.9818,2,Non-alloy & other alloy cold rolled sheets,India,39048
2026-08-26,09.9819,2,Non-alloy & other alloy cold rolled sheets,Korea,12100
2026-08-26,09.9820,2,Non-alloy & other alloy cold rolled sheets,Türkiye,36628
2026-08-26,09.9821,2,Non-alloy & other alloy cold rolled sheets,United Kingdom,19477
2026-08-26,09.9822,2,Non-alloy & other alloy cold rolled sheets,Japan,28792
2026-08-26,09.9823,2,Non-alloy & other alloy cold rolled sheets,Ukraine,1517
2026-08-26,09.9502,2,Non-alloy & other alloy cold rolled sheets,FTA Quota – CSQ,33671
2026-08-26,09.9602,2,Non-alloy & other alloy cold rolled sheets,Other countries,0
2026-08-26,09.9707,2,Non-alloy & other alloy cold rolled sheets,FTA Quota – Other countries,7667
2026-08-26,09.9709,2,Non-alloy & other alloy cold rolled sheets,Egypt,0
2026-08-26,09.9710,2,Non-alloy & other alloy cold rolled sheets,Switzerland,288
2026-08-26,09.9708,2,Non-alloy & other alloy cold rolled sheets,Brazil,0
2026-08-26,09.9824,3.A,Electrical sheets (non grain-oriented),Japan,78
2026-08-26,09.9825,3.A,Electrical sheets (non grain-oriented),United Kingdom,20
2026-08-26,09.9826,3.A,Electrical sheets (non grain-oriented),China,5
2026-08-26,09.9827,3.A,Electrical sheets (non grain-oriented),Türkiye,9
2026-08-26,09.9503,3.A,Electrical sheets (non grain-oriented),FTA Quota – CSQ,29
2026-08-26,09.9603,3.A,Electrical sheets (non grain-oriented),Other countries,7
2026-08-26,09.9711,3.A,Electrical sheets (non grain-oriented),FTA Quota – Other countries,5
2026-08-26,09.9828,3.B,Electrical sheets (grain-oriented),China,0
2026-08-26,09.9829,3.B,Electrical sheets (grain-oriented),Taiwan,3916
2026-08-26,09.9830,3.B,Electrical sheets (grain-oriented),Korea,9210
2026-08-26,09.9831,3.B,Electrical sheets (grain-oriented),Viet Nam,6925
2026-08-26,09.9504,3.B,Electrical sheets (grain-oriented),FTA Quota – CSQ,4217
2026-08-26,09.9604,3.B,Electrical sheets (grain-oriented),Other countries,1477
2026-08-26,09.9712,3.B,Electrical sheets (grain-oriented),FTA Quota – Other countries,4078
2026-08-26,09.9713,3.B,Electrical sheets (grain-oriented),Japan,476
2026-08-26,09.9832,4.A,Metallic coated sheets,Viet Nam,96486
2026-08-26,09.9833,4.A,Metallic coated sheets,Taiwan,2846
2026-08-26,09.9834,4.A,Metallic coated sheets,Türkiye,0
2026-08-26,09.9835,4.A,Metallic coated sheets,India,33539
2026-08-26,09.9836,4.A,Metallic coated sheets,Korea,4696
2026-08-26,09.9505,4.A,Metallic coated sheets,FTA Quota – CSQ,0
2026-08-26,09.9605,4.A,Metallic coated sheets,Other countries,0
2026-08-26,09.9714,4.A,Metallic coated sheets,FTA Quota – Other countries,0
2026-08-26,09.9718,4.A,Metallic coated sheets,United Kingdom,146
2026-08-26,09.9716,4.A,Metallic coated sheets,Japan,1
2026-08-26,09.9715,4.A,Metallic coated sheets,Egypt,0
2026-08-26,09.9717,4.A,Metallic coated sheets,South Africa,0
2026-08-26,09.9837,4.B,Metallic coated sheets (automotive),Korea,8854
2026-08-26,09.9838,4.B,Metallic coated sheets (automotive),China,0
2026-08-26,09.9839,4.B,Metallic coated sheets (automotive),United Kingdom,31262
2026-08-26,09.9840,4.B,Metallic coated sheets (automotive),Türkiye,0
2026-08-26,09.9841,4.B,Metallic coated sheets (automotive),India,22240
2026-08-26,09.9506,4.B,Metallic coated sheets (automotive),FTA Quota – CSQ,0
2026-08-26,09.9606,4.B,Metallic coated sheets (automotive),Other countries,0
2026-08-26,09.9719,4.B,Metallic coated sheets (automotive),FTA Quota – Other countries,42
2026-08-26,09.9720,4.B,Metallic coated sheets (automotive),Egypt,1625
2026-08-26,09.9721,4.B,Metallic coated sheets (automotive),Switzerland,0
2026-08-26,09.9842,5,Organic coated sheets,India,0
2026-08-26,09.9843,5,Organic coated sheets,Korea,0
2026-08-26,09.9844,5,Organic coated sheets,Viet Nam,3931
2026-08-26,09.9845,5,Organic coated sheets,Türkiye,0
2026-08-26,09.9846,5,Organic coated sheets,Taiwan,95
2026-08-26,09.9847,5,Organic coated sheets,United Kingdom,3753
2026-08-26,09.9507,5,Organic coated sheets,FTA Quota – CSQ,0
2026-08-26,09.9607,5,Organic coated sheets,Other countries,0
2026-08-26,09.9722,5,Organic coated sheets,FTA Quota – Other countries,1408
2026-08-26,09.9723,5,Organic coated sheets,North Macedonia,0
2026-08-26,09.9848,6,Tin mill products,China,29332
2026-08-26,09.9849,6,Tin mill products,Serbia,8435
2026-08-26,09.9850,6,Tin mill products,United Kingdom,6900
2026-08-26,09.9851,6,Tin mill products,Türkiye,11574
2026-08-26,09.9852,6,Tin mill products,Korea,7151
2026-08-26,09.9853,6,Tin mill products,India,5860
2026-08-26,09.9508,6,Tin mill products,FTA Quota – CSQ,11255
2026-08-26,09.9608,6,Tin mill products,Other countries,0
2026-08-26,09.9724,6,Tin mill products,FTA Quota – Other countries,4189
2026-08-26,09.9725,6,Tin mill products,Japan,0
2026-08-26,09.9726,6,Tin mill products,Singapore,21
2026-08-26,09.9854,7,Non-alloy & other alloy quarto plates,Korea,0
2026-08-26,09.9855,7,Non-alloy & other alloy quarto plates,Indonesia,18206
2026-08-26,09.9856,7,Non-alloy & other alloy quarto plates,India,6209
2026-08-26,09.9857,7,Non-alloy & other alloy quarto plates,Japan,6875
2026-08-26,09.9858,7,Non-alloy & other alloy quarto plates,North Macedonia,0
2026-08-26,09.9859,7,Non-alloy & other alloy quarto plates,United Kingdom,1046
2026-08-26,09.9509,7,Non-alloy & other alloy quarto plates,FTA Quota – CSQ,5206
2026-08-26,09.9609,7,Non-alloy & other alloy quarto plates,Other countries,0
2026-08-26,09.9727,7,Non-alloy & other alloy quarto plates,FTA Quota – Other countries,6887
2026-08-26,09.9728,7,Non-alloy & other alloy quarto plates,Türkiye,0
2026-08-26,09.9491,7,Non-alloy & other alloy quarto plates,United Kingdom (to Northern Ireland from other parts of the United Kingdom),3065
2026-08-26,09.9860,8,Stainless hot rolled sheets and strips,Taiwan,2055
2026-08-26,09.9861,8,Stainless hot rolled sheets and strips,Indonesia,8955
2026-08-26,09.9862,8,Stainless hot rolled sheets and strips,India,1716
2026-08-26,09.9863,8,Stainless hot rolled sheets and strips,China,2221
2026-08-26,09.9864,8,Stainless hot rolled sheets and strips,Korea,0
2026-08-26,09.9865,8,Stainless hot rolled sheets and strips,Türkiye,3430
2026-08-26,09.9866,8,Stainless hot rolled sheets and strips,South Africa,846
2026-08-26,09.9510,8,Stainless hot rolled sheets and strips,FTA Quota – CSQ,2720
2026-08-26,09.9610,8,Stainless hot rolled sheets and strips,Other countries,298
2026-08-26,09.9729,8,Stainless hot rolled sheets and strips,FTA Quota – Other countries,348
2026-08-26,09.9492,8,Stainless hot rolled sheets and strips,United Kingdom (to Northern Ireland from other parts of the United Kingdom),13
2026-08-26,09.9867,9,Stainless cold rolled sheets and strips,Taiwan,6394
2026-08-26,09.9868,9,Stainless cold rolled sheets and strips,China,6873
2026-08-26,09.9869,9,Stainless cold rolled sheets and strips,Korea,9555
2026-08-26,09.9870,9,Stainless cold rolled sheets and strips,Türkiye,6565
2026-08-26,09.9871,9,Stainless cold rolled sheets and strips,South Africa,7516
2026-08-26,09.9872,9,Stainless cold rolled sheets and strips,Viet Nam,5395
2026-08-26,09.9873,9,Stainless cold rolled sheets and strips,India,5288
2026-08-26,09.9511,9,Stainless cold rolled sheets and strips,FTA Quota – CSQ,9935
2026-08-26,09.9611,9,Stainless cold rolled sheets and strips,Other countries,1791
2026-08-26,09.9730,9,Stainless cold rolled sheets and strips,FTA Quota – Other countries,4547
2026-08-26,09.9731,9,Stainless cold rolled sheets and strips,Switzerland,97
2026-08-26,09.9493,9,Stainless cold rolled sheets and strips,United Kingdom (to Northern Ireland from other parts of the United Kingdom),29
2026-08-26,09.9874,10,Stainless hot rolled quarto plates,China,718
2026-08-26,09.9875,10,Stainless hot rolled quarto plates,India,416
2026-08-26,09.9876,10,Stainless hot rolled quarto plates,Korea,405
2026-08-26,09.9877,10,Stainless hot rolled quarto plates,South Africa,193
2026-08-26,09.9512,10,Stainless hot rolled quarto plates,FTA Quota – CSQ,279
2026-08-26,09.9612,10,Stainless hot rolled quarto plates,Other countries,139
2026-08-26,09.9732,10,Stainless hot rolled quarto plates,FTA Quota – Other countries,238
2026-08-26,09.9878,12,Non-alloy & other alloy merchant bars & light sections,China,8939
2026-08-26,09.9879,12,Non-alloy & other alloy merchant bars & light sections,Türkiye,26584
2026-08-26,09.9880,12,Non-alloy & other alloy merchant bars & light sections,United Kingdom,13859
2026-08-26,09.9881,12,Non-alloy & other alloy merchant bars & light sections,Switzerland,15462
2026-08-26,09.9882,12,Non-alloy & other alloy merchant bars & light sections,Korea,5769
2026-08-26,09.9883,12,Non-alloy & other alloy merchant bars & light sections,North Macedonia,5069
2026-08-26,09.9513,12,Non-alloy & other alloy merchant bars & light sections,FTA Quota – CSQ,14063
2026-08-26,09.9613,12,Non-alloy & other alloy merchant bars & light sections,Other countries,349
2026-08-26,09.9733,12,Non-alloy & other alloy merchant bars & light sections,FTA Quota – Other countries,9977
2026-08-26,09.9734,12,Non-alloy & other alloy merchant bars & light sections,Brazil,2740
2026-08-26,09.9735,12,Non-alloy & other alloy merchant bars & light sections,Egypt,26
2026-08-26,09.9884,13,Rebars,Türkiye,0
2026-08-26,09.9885,13,Rebars,Egypt,24779
2026-08-26,09.9886,13,Rebars,Algeria,13
2026-08-26,09.9887,13,Rebars,Moldova,5699
2026-08-26,09.9888,13,Rebars,China,4826
2026-08-26,09.9889,13,Rebars,Ukraine,4920
2026-08-26,09.9514,13,Rebars,FTA Quota – CSQ,0
2026-08-26,09.9614,13,Rebars,Other countries,12953
2026-08-26,09.9736,13,Rebars,FTA Quota – Other countries,9575
2026-08-26,09.9494,13,Rebars,United Kingdom (to Northern Ireland from other parts of the United Kingdom),5
2026-08-26,09.9890,14,Stainless bars and light sections,India,0
2026-08-26,09.9891,14,Stainless bars and light sections,Switzerland,361
2026-08-26,09.9892,14,Stainless bars and light sections,United Kingdom,857
2026-08-26,09.9893,14,Stainless bars and light sections,China,268
2026-08-26,09.9515,14,Stainless bars and light sections,FTA Quota – CSQ,0
2026-08-26,09.9615,14,Stainless bars and light sections,Other countries,29
2026-08-26,09.9737,14,Stainless bars and light sections,FTA Quota – Other countries,446
2026-08-26,09.9894,15,Stainless wire rod,India,1870
2026-08-26,09.9895,15,Stainless wire rod,Taiwan,41
2026-08-26,09.9896,15,Stainless wire rod,Korea,665
2026-08-26,09.9897,15,Stainless wire rod,United Kingdom,614
2026-08-26,09.9898,15,Stainless wire rod,China,328
2026-08-26,09.9899,15,Stainless wire rod,Japan,14
2026-08-26,09.9516,15,Stainless wire rod,FTA Quota – CSQ,810
2026-08-26,09.9616,15,Stainless wire rod,Other countries,83
2026-08-26,09.9738,15,Stainless wire rod,FTA Quota – Other countries,17
2026-08-26,09.9900,16,Non-alloy & other alloy wire rod,Türkiye,0
2026-08-26,09.9901,16,Non-alloy & other alloy wire rod,Malaysia,14251
2026-08-26,09.9902,16,Non-alloy & other alloy wire rod,United Kingdom,32195
2026-08-26,09.9903,16,Non-alloy & other alloy wire rod,Ukraine,3943
2026-08-26,09.9904,16,Non-alloy & other alloy wire rod,Switzerland,6631
2026-08-26,09.9905,16,Non-alloy & other alloy wire rod,Viet Nam,15389
2026-08-26,09.9906,16,Non-alloy & other alloy wire rod,Moldova,14051
2026-08-26,09.9907,16,Non-alloy & other alloy wire rod,Egypt,2166
2026-08-26,09.9517,16,Non-alloy & other alloy wire rod,FTA Quota – CSQ,0
2026-08-26,09.9617,16,Non-alloy & other alloy wire rod,Other countries,31031
2026-08-26,09.9739,16,Non-alloy & other alloy wire rod,FTA Quota – Other countries,29412
2026-08-26,09.9740,16,Non-alloy & other alloy wire rod,Korea,2608
2026-08-26,09.9741,16,Non-alloy & other alloy wire rod,Japan,656
2026-08-26,09.9908,17,"Angles, shapes and sections of iron/non-alloy steel",Türkiye,489
2026-08-26,09.9909,17,"Angles, shapes and sections of iron/non-alloy steel",United Kingdom,4078
2026-08-26,09.9910,17,"Angles, shapes and sections of iron/non-alloy steel",Switzerland,2589
2026-08-26,09.9911,17,"Angles, shapes and sections of iron/non-alloy steel",United Arab Emirates,1486
2026-08-26,09.9518,17,"Angles, shapes and sections of iron/non-alloy steel",FTA Quota – CSQ,3032
2026-08-26,09.9618,17,"Angles, shapes and sections of iron/non-alloy steel",Other countries,2128
2026-08-26,09.9742,17,"Angles, shapes and sections of iron/non-alloy steel",FTA Quota – Other countries,1026
2026-08-26,09.9743,17,"Angles, shapes and sections of iron/non-alloy steel",Korea,1245
2026-08-26,09.9495,17,"Angles, shapes and sections of iron/non-alloy steel",United Kingdom (to Northern Ireland from other parts of the United Kingdom),11164
2026-08-26,09.9912,18,Sheet piling,China,0
2026-08-26,09.9913,18,Sheet piling,United Arab Emirates,2
2026-08-26,09.9914,18,Sheet piling,United Kingdom,1583
2026-08-26,09.9519,18,Sheet piling,FTA Quota – CSQ,1234
2026-08-26,09.9619,18,Sheet piling,Other countries,0
2026-08-26,09.9744,18,Sheet piling,FTA Quota – Other countries,1358
2026-08-26,09.9915,19,Railway material,United Kingdom,70
2026-08-26,09.9916,19,Railway material,Türkiye,0
2026-08-26,09.9917,19,Railway material,China,0
2026-08-26,09.9520,19,Railway material,FTA Quota – CSQ,286
2026-08-26,09.9620,19,Railway material,Other countries,143
2026-08-26,09.9745,19,Railway material,FTA Quota – Other countries,140
2026-08-26,09.9918,20,Gas pipes,Türkiye,0
2026-08-26,09.9919,20,Gas pipes,India,0
2026-08-26,09.9920,20,Gas pipes,United Arab Emirates,2471
2026-08-26,09.9921,20,Gas pipes,North Macedonia,28
2026-08-26,09.9922,20,Gas pipes,United Kingdom,1667
2026-08-26,09.9521,20,Gas pipes,FTA Quota – CSQ,0
2026-08-26,09.9621,20,Gas pipes,Other countries,0
2026-08-26,09.9746,20,Gas pipes,FTA Quota – Other countries,646
2026-08-26,09.9923,21,Hollow sections,Türkiye,0
2026-08-26,09.9924,21,Hollow sections,United Kingdom,10437
2026-08-26,09.9925,21,Hollow sections,North Macedonia,0
2026-08-26,09.9926,21,Hollow sections,China,0
2026-08-26,09.9927,21,Hollow sections,Ukraine,0
2026-08-26,09.9522,21,Hollow sections,FTA Quota – CSQ,0
2026-08-26,09.9622,21,Hollow sections,Other countries,0
2026-08-26,09.9747,21,Hollow sections,FTA Quota – Other countries,0
2026-08-26,09.9748,21,Hollow sections,Switzerland,373
2026-08-26,09.9928,22,Seamless stainless tubes and pipes,India,0
2026-08-26,09.9929,22,Seamless stainless tubes and pipes,Ukraine,283
2026-08-26,09.9930,22,Seamless stainless tubes and pipes,China,61
2026-08-26,09.9931,22,Seamless stainless tubes and pipes,Korea,360
2026-08-26,09.9523,22,Seamless stainless tubes and pipes,FTA Quota – CSQ,0
2026-08-26,09.9623,22,Seamless stainless tubes and pipes,Other countries,0
2026-08-26,09.9749,22,Seamless stainless tubes and pipes,FTA Quota – Other countries,0
2026-08-26,09.9750,22,Seamless stainless tubes and pipes,Japan,0
2026-08-26,09.9932,24,Other seamless tubes,China,0
2026-08-26,09.9933,24,Other seamless tubes,Ukraine,0
2026-08-26,09.9934,24,Other seamless tubes,Brazil,5125
2026-08-26,09.9524,24,Other seamless tubes,FTA Quota – CSQ,3052
2026-08-26,09.9624,24,Other seamless tubes,Other countries,1959
2026-08-26,09.9751,24,Other seamless tubes,FTA Quota – Other countries,8513
2026-08-26,09.9752,24,Other seamless tubes,Argentina,973
2026-08-26,09.9753,24,Other seamless tubes,Singapore,110
2026-08-26,09.9935,25.A,Large welded tubes,Türkiye,1947
2026-08-26,09.9936,25.A,Large welded tubes,Israel,834
2026-08-26,09.9937,25.A,Large welded tubes,China,0
2026-08-26,09.9938,25.A,Large welded tubes,India,0
2026-08-26,09.9525,25.A,Large welded tubes,FTA Quota – CSQ,351
2026-08-26,09.9625,25.A,Large welded tubes,Other countries,0
2026-08-26,09.9754,25.A,Large welded tubes,FTA Quota – Other countries,584
2026-08-26,09.9496,25.A,Large welded tubes,United Kingdom (to Northern Ireland from other parts of the United Kingdom),14
2026-08-26,09.9939,25.B,Large welded tubes (line pipe),Türkiye,3563
2026-08-26,09.9940,25.B,Large welded tubes (line pipe),China,0
2026-08-26,09.9941,25.B,Large welded tubes (line pipe),United Kingdom,1239
2026-08-26,09.9942,25.B,Large welded tubes (line pipe),Algeria,0
2026-08-26,09.9526,25.B,Large welded tubes (line pipe),FTA Quota – CSQ,2030
2026-08-26,09.9626,25.B,Large welded tubes (line pipe),Other countries,0
2026-08-26,09.9755,25.B,Large welded tubes (line pipe),FTA Quota – Other countries,811
2026-08-26,09.9756,25.B,Large welded tubes (line pipe),Singapore,21
2026-08-26,09.9943,26,Other welded tubes,Türkiye,0
2026-08-26,09.9944,26,Other welded tubes,Switzerland,10399
2026-08-26,09.9945,26,Other welded tubes,China,0
2026-08-26,09.9946,26,Other welded tubes,India,0
2026-08-26,09.9947,26,Other welded tubes,United Kingdom,2201
2026-08-26,09.9948,26,Other welded tubes,Taiwan,0
2026-08-26,09.9527,26,Other welded tubes,FTA Quota – CSQ,0
2026-08-26,09.9627,26,Other welded tubes,Other countries,0
2026-08-26,09.9757,26,Other welded tubes,FTA Quota – Other countries,1148
2026-08-26,09.9758,26,Other welded tubes,Singapore,0
2026-08-26,09.9949,27,Non-alloy & alloy cold finished bars,China,0
2026-08-26,09.9950,27,Non-alloy & alloy cold finished bars,Türkiye,1457
2026-08-26,09.9951,27,Non-alloy & alloy cold finished bars,Switzerland,2157
2026-08-26,09.9952,27,Non-alloy & alloy cold finished bars,Ukraine,1250
2026-08-26,09.9528,27,Non-alloy & alloy cold finished bars,FTA Quota – CSQ,1491
2026-08-26,09.9628,27,Non-alloy & alloy cold finished bars,Other countries,0
2026-08-26,09.9759,27,Non-alloy & alloy cold finished bars,FTA Quota – Other countries,1530
2026-08-26,09.9953,27,Non-alloy & alloy cold finished bars,China,0
2026-08-26,09.9954,27,Non-alloy & alloy cold finished bars,Türkiye,0
2026-08-26,09.9955,27,Non-alloy & alloy cold finished bars,Ukraine,5336
2026-08-26,09.9529,27,Non-alloy & alloy cold finished bars,FTA Quota – CSQ,2154
2026-08-26,09.9629,27,Non-alloy & alloy cold finished bars,Other countries,0
2026-08-26,09.9760,27,Non-alloy & alloy cold finished bars,FTA Quota – Other countries,5511
2026-08-26,09.9497,27,Non-alloy & alloy cold finished bars,United Kingdom (to Northern Ireland from other parts of the United Kingdom),156
2026-08-27,09.9801,1.A,Non-alloy & other alloy hot rolled sheets/strips,Türkiye,0
2026-08-27,09.9802,1.A,Non-alloy & other alloy hot rolled sheets/strips,Japan,117544
2026-08-27,09.9803,1.A,Non-alloy & other alloy hot rolled sheets/strips,India,38357
2026-08-27,09.9804,1.A,Non-alloy & other alloy hot rolled sheets/strips,Taiwan,62665
2026-08-27,09.9805,1.A,Non-alloy & other alloy hot rolled sheets/strips,Ukraine,38447
2026-08-27,09.9806,1.A,Non-alloy & other alloy hot rolled sheets/strips,Korea,30062
2026-08-27,09.9807,1.A,Non-alloy & other alloy hot rolled sheets/strips,Viet Nam,45775
2026-08-27,09.9808,1.A,Non-alloy & other alloy hot rolled sheets/strips,Egypt,99379
2026-08-27,09.9809,1.A,Non-alloy & other alloy hot rolled sheets/strips,Serbia,33579
2026-08-27,09.9500,1.A,Non-alloy & other alloy hot rolled sheets/strips,FTA Quota – CSQ,0
2026-08-27,09.9701,1.A,Non-alloy & other alloy hot rolled sheets/strips,Brazil,42408
2026-08-27,09.9705,1.A,Non-alloy & other alloy hot rolled sheets/strips,United Kingdom,35498
2026-08-27,09.9702,1.A,Non-alloy & other alloy hot rolled sheets/strips,Indonesia,0
2026-08-27,09.9810,1.A,Non-alloy & other alloy hot rolled sheets/strips,Australia,0
2026-08-27,09.9811,1.A,Non-alloy & other alloy hot rolled sheets/strips,Saudi Arabia,9545
2026-08-27,09.9704,1.A,Non-alloy & other alloy hot rolled sheets/strips,Switzerland,5259
2026-08-27,09.9812,1.A,Non-alloy & other alloy hot rolled sheets/strips,Kazakhstan,2349
2026-08-27,09.9703,1.A,Non-alloy & other alloy hot rolled sheets/strips,North Macedonia,616
2026-08-27,09.9600,1.A,Non-alloy & other alloy hot rolled sheets/strips,Other countries,0
2026-08-27,09.9700,1.A,Non-alloy & other alloy hot rolled sheets/strips,FTA Quota – Other countries,0
2026-08-27,09.9813,1.B,Non-alloy & other alloy hot rolled sheets/strips (7212 60),United Kingdom,174
2026-08-27,09.9814,1.B,Non-alloy & other alloy hot rolled sheets/strips (7212 60),United States,0
2026-08-27,09.9815,1.B,Non-alloy & other alloy hot rolled sheets/strips (7212 60),Japan,90
2026-08-27,09.9816,1.B,Non-alloy & other alloy hot rolled sheets/strips (7212 60),China,20
2026-08-27,09.9501,1.B,Non-alloy & other alloy hot rolled sheets/strips (7212 60),FTA Quota – CSQ,107
2026-08-27,09.9601,1.B,Non-alloy & other alloy hot rolled sheets/strips (7212 60),Other countries,35
2026-08-27,09.9706,1.B,Non-alloy & other alloy hot rolled sheets/strips (7212 60),FTA Quota – Other countries,49
2026-08-27,09.9817,2,Non-alloy & other alloy cold rolled sheets,Taiwan,33504
2026-08-27,09.9818,2,Non-alloy & other alloy cold rolled sheets,India,37641
2026-08-27,09.9819,2,Non-alloy & other alloy cold rolled sheets,Korea,11959
2026-08-27,09.9820,2,Non-alloy & other alloy cold rolled sheets,Türkiye,36563
2026-08-27,09.9821,2,Non-alloy & other alloy cold rolled sheets,United Kingdom,19467
2026-08-27,09.9822,2,Non-alloy & other alloy cold rolled sheets,Japan,28786
2026-08-27,09.9823,2,Non-alloy & other alloy cold rolled sheets,Ukraine,1480
2026-08-27,09.9502,2,Non-alloy & other alloy cold rolled sheets,FTA Quota – CSQ,33671
2026-08-27,09.9602,2,Non-alloy & other alloy cold rolled sheets,Other countries,0
2026-08-27,09.9707,2,Non-alloy & other alloy cold rolled sheets,FTA Quota – Other countries,7611
2026-08-27,09.9709,2,Non-alloy & other alloy cold rolled sheets,Egypt,0
2026-08-27,09.9710,2,Non-alloy & other alloy cold rolled sheets,Switzerland,285
2026-08-27,09.9708,2,Non-alloy & other alloy cold rolled sheets,Brazil,0
2026-08-27,09.9824,3.A,Electrical sheets (non grain-oriented),Japan,78
2026-08-27,09.9825,3.A,Electrical sheets (non grain-oriented),United Kingdom,20
2026-08-27,09.9826,3.A,Electrical sheets (non grain-oriented),China,5
2026-08-27,09.9827,3.A,Electrical sheets (non grain-oriented),Türkiye,9
2026-08-27,09.9503,3.A,Electrical sheets (non grain-oriented),FTA Quota – CSQ,29
2026-08-27,09.9603,3.A,Electrical sheets (non grain-oriented),Other countries,7
2026-08-27,09.9711,3.A,Electrical sheets (non grain-oriented),FTA Quota – Other countries,5
2026-08-27,09.9828,3.B,Electrical sheets (grain-oriented),China,0
2026-08-27,09.9829,3.B,Electrical sheets (grain-oriented),Taiwan,3916
2026-08-27,09.9830,3.B,Electrical sheets (grain-oriented),Korea,9210
2026-08-27,09.9831,3.B,Electrical sheets (grain-oriented),Viet Nam,6925
2026-08-27,09.9504,3.B,Electrical sheets (grain-oriented),FTA Quota – CSQ,4217
2026-08-27,09.9604,3.B,Electrical sheets (grain-oriented),Other countries,1477
2026-08-27,09.9712,3.B,Electrical sheets (grain-oriented),FTA Quota – Other countries,4078
2026-08-27,09.9713,3.B,Electrical sheets (grain-oriented),Japan,476
2026-08-27,09.9832,4.A,Metallic coated sheets,Viet Nam,96426
2026-08-27,09.9833,4.A,Metallic coated sheets,Taiwan,2846
2026-08-27,09.9834,4.A,Metallic coated sheets,Türkiye,0
2026-08-27,09.9835,4.A,Metallic coated sheets,India,33439
2026-08-27,09.9836,4.A,Metallic coated sheets,Korea,4694
2026-08-27,09.9505,4.A,Metallic coated sheets,FTA Quota – CSQ,0
2026-08-27,09.9605,4.A,Metallic coated sheets,Other countries,0
2026-08-27,09.9714,4.A,Metallic coated sheets,FTA Quota – Other countries,0
2026-08-27,09.9718,4.A,Metallic coated sheets,United Kingdom,127
2026-08-27,09.9716,4.A,Metallic coated sheets,Japan,1
2026-08-27,09.9715,4.A,Metallic coated sheets,Egypt,0
2026-08-27,09.9717,4.A,Metallic coated sheets,South Africa,0
2026-08-27,09.9837,4.B,Metallic coated sheets (automotive),Korea,8125
2026-08-27,09.9838,4.B,Metallic coated sheets (automotive),China,0
2026-08-27,09.9839,4.B,Metallic coated sheets (automotive),United Kingdom,30921
2026-08-27,09.9840,4.B,Metallic coated sheets (automotive),Türkiye,0
2026-08-27,09.9841,4.B,Metallic coated sheets (automotive),India,21981
2026-08-27,09.9506,4.B,Metallic coated sheets (automotive),FTA Quota – CSQ,0
2026-08-27,09.9606,4.B,Metallic coated sheets (automotive),Other countries,0
2026-08-27,09.9719,4.B,Metallic coated sheets (automotive),FTA Quota – Other countries,0
2026-08-27,09.9720,4.B,Metallic coated sheets (automotive),Egypt,1616
2026-08-27,09.9721,4.B,Metallic coated sheets (automotive),Switzerland,0
2026-08-27,09.9842,5,Organic coated sheets,India,0
2026-08-27,09.9843,5,Organic coated sheets,Korea,0
2026-08-27,09.9844,5,Organic coated sheets,Viet Nam,3928
2026-08-27,09.9845,5,Organic coated sheets,Türkiye,0
2026-08-27,09.9846,5,Organic coated sheets,Taiwan,95
2026-08-27,09.9847,5,Organic coated sheets,United Kingdom,3651
2026-08-27,09.9507,5,Organic coated sheets,FTA Quota – CSQ,0
2026-08-27,09.9607,5,Organic coated sheets,Other countries,0
2026-08-27,09.9722,5,Organic coated sheets,FTA Quota – Other countries,1382
2026-08-27,09.9723,5,Organic coated sheets,North Macedonia,0
2026-08-27,09.9848,6,Tin mill products,China,29286
2026-08-27,09.9849,6,Tin mill products,Serbia,8227
2026-08-27,09.9850,6,Tin mill products,United Kingdom,6791
2026-08-27,09.9851,6,Tin mill products,Türkiye,11197
2026-08-27,09.9852,6,Tin mill products,Korea,7151
2026-08-27,09.9853,6,Tin mill products,India,5860
2026-08-27,09.9508,6,Tin mill products,FTA Quota – CSQ,11255
2026-08-27,09.9608,6,Tin mill products,Other countries,0
2026-08-27,09.9724,6,Tin mill products,FTA Quota – Other countries,4168
2026-08-27,09.9725,6,Tin mill products,Japan,0
2026-08-27,09.9726,6,Tin mill products,Singapore,21
2026-08-27,09.9854,7,Non-alloy & other alloy quarto plates,Korea,0
2026-08-27,09.9855,7,Non-alloy & other alloy quarto plates,Indonesia,18206
2026-08-27,09.9856,7,Non-alloy & other alloy quarto plates,India,6209
2026-08-27,09.9857,7,Non-alloy & other alloy quarto plates,Japan,6875
2026-08-27,09.9858,7,Non-alloy & other alloy quarto plates,North Macedonia,0
2026-08-27,09.9859,7,Non-alloy & other alloy quarto plates,United Kingdom,823
2026-08-27,09.9509,7,Non-alloy & other alloy quarto plates,FTA Quota – CSQ,4883
2026-08-27,09.9609,7,Non-alloy & other alloy quarto plates,Other countries,0
2026-08-27,09.9727,7,Non-alloy & other alloy quarto plates,FTA Quota – Other countries,6887
2026-08-27,09.9728,7,Non-alloy & other alloy quarto plates,Türkiye,0
2026-08-27,09.9491,7,Non-alloy & other alloy quarto plates,United Kingdom (to Northern Ireland from other parts of the United Kingdom),2875
2026-08-27,09.9860,8,Stainless hot rolled sheets and strips,Taiwan,2039
2026-08-27,09.9861,8,Stainless hot rolled sheets and strips,Indonesia,8955
2026-08-27,09.9862,8,Stainless hot rolled sheets and strips,India,1697
2026-08-27,09.9863,8,Stainless hot rolled sheets and strips,China,2221
2026-08-27,09.9864,8,Stainless hot rolled sheets and strips,Korea,0
2026-08-27,09.9865,8,Stainless hot rolled sheets and strips,Türkiye,3430
2026-08-27,09.9866,8,Stainless hot rolled sheets and strips,South Africa,833
2026-08-27,09.9510,8,Stainless hot rolled sheets and strips,FTA Quota – CSQ,2720
2026-08-27,09.9610,8,Stainless hot rolled sheets and strips,Other countries,253
2026-08-27,09.9729,8,Stainless hot rolled sheets and strips,FTA Quota – Other countries,348
2026-08-27,09.9492,8,Stainless hot rolled sheets and strips,United Kingdom (to Northern Ireland from other parts of the United Kingdom),13
2026-08-27,09.9867,9,Stainless cold rolled sheets and strips,Taiwan,5927
2026-08-27,09.9868,9,Stainless cold rolled sheets and strips,China,6872
2026-08-27,09.9869,9,Stainless cold rolled sheets and strips,Korea,9338
2026-08-27,09.9870,9,Stainless cold rolled sheets and strips,Türkiye,6473
2026-08-27,09.9871,9,Stainless cold rolled sheets and strips,South Africa,7506
2026-08-27,09.9872,9,Stainless cold rolled sheets and strips,Viet Nam,5342
2026-08-27,09.9873,9,Stainless cold rolled sheets and strips,India,5250
2026-08-27,09.9511,9,Stainless cold rolled sheets and strips,FTA Quota – CSQ,9935
2026-08-27,09.9611,9,Stainless cold rolled sheets and strips,Other countries,1727
2026-08-27,09.9730,9,Stainless cold rolled sheets and strips,FTA Quota – Other countries,4529
2026-08-27,09.9731,9,Stainless cold rolled sheets and strips,Switzerland,95
2026-08-27,09.9493,9,Stainless cold rolled sheets and strips,United Kingdom (to Northern Ireland from other parts of the United Kingdom),28
2026-08-27,09.9874,10,Stainless hot rolled quarto plates,China,718
2026-08-27,09.9875,10,Stainless hot rolled quarto plates,India,416
2026-08-27,09.9876,10,Stainless hot rolled quarto plates,Korea,405
2026-08-27,09.9877,10,Stainless hot rolled quarto plates,South Africa,167
2026-08-27,09.9512,10,Stainless hot rolled quarto plates,FTA Quota – CSQ,279
2026-08-27,09.9612,10,Stainless hot rolled quarto plates,Other countries,139
2026-08-27,09.9732,10,Stainless hot rolled quarto plates,FTA Quota – Other countries,238
2026-08-27,09.9878,12,Non-alloy & other alloy merchant bars & light sections,China,7846
2026-08-27,09.9879,12,Non-alloy & other alloy merchant bars & light sections,Türkiye,26516
2026-08-27,09.9880,12,Non-alloy & other alloy merchant bars & light sections,United Kingdom,13536
2026-08-27,09.9881,12,Non-alloy & other alloy merchant bars & light sections,Switzerland,15216
2026-08-27,09.9882,12,Non-alloy & other alloy merchant bars & light sections,Korea,5604
2026-08-27,09.9883,12,Non-alloy & other alloy merchant bars & light sections,North Macedonia,4864
2026-08-27,09.9513,12,Non-alloy & other alloy merchant bars & light sections,FTA Quota – CSQ,14063
2026-08-27,09.9613,12,Non-alloy & other alloy merchant bars & light sections,Other countries,349
2026-08-27,09.9733,12,Non-alloy & other alloy merchant bars & light sections,FTA Quota – Other countries,9972
2026-08-27,09.9734,12,Non-alloy & other alloy merchant bars & light sections,Brazil,2740
2026-08-27,09.9735,12,Non-alloy & other alloy merchant bars & light sections,Egypt,26
2026-08-27,09.9884,13,Rebars,Türkiye,0
2026-08-27,09.9885,13,Rebars,Egypt,24779
2026-08-27,09.9886,13,Rebars,Algeria,0
2026-08-27,09.9887,13,Rebars,Moldova,5029
2026-08-27,09.9888,13,Rebars,China,4781
2026-08-27,09.9889,13,Rebars,Ukraine,4920
2026-08-27,09.9514,13,Rebars,FTA Quota – CSQ,0
2026-08-27,09.9614,13,Rebars,Other countries,12953
2026-08-27,09.9736,13,Rebars,FTA Quota – Other countries,9575
2026-08-27,09.9494,13,Rebars,United Kingdom (to Northern Ireland from other parts of the United Kingdom),5
2026-08-27,09.9890,14,Stainless bars and light sections,India,0
2026-08-27,09.9891,14,Stainless bars and light sections,Switzerland,284
2026-08-27,09.9892,14,Stainless bars and light sections,United Kingdom,847
2026-08-27,09.9893,14,Stainless bars and light sections,China,253
2026-08-27,09.9515,14,Stainless bars and light sections,FTA Quota – CSQ,0
2026-08-27,09.9615,14,Stainless bars and light sections,Other countries,10
2026-08-27,09.9737,14,Stainless bars and light sections,FTA Quota – Other countries,360
2026-08-27,09.9894,15,Stainless wire rod,India,1720
2026-08-27,09.9895,15,Stainless wire rod,Taiwan,41
2026-08-27,09.9896,15,Stainless wire rod,Korea,354
2026-08-27,09.9897,15,Stainless wire rod,United Kingdom,614
2026-08-27,09.9898,15,Stainless wire rod,China,328
2026-08-27,09.9899,15,Stainless wire rod,Japan,14
2026-08-27,09.9516,15,Stainless wire rod,FTA Quota – CSQ,810
2026-08-27,09.9616,15,Stainless wire rod,Other countries,73
2026-08-27,09.9738,15,Stainless wire rod,FTA Quota – Other countries,17
2026-08-27,09.9900,16,Non-alloy & other alloy wire rod,Türkiye,0
2026-08-27,09.9901,16,Non-alloy & other alloy wire rod,Malaysia,14251
2026-08-27,09.9902,16,Non-alloy & other alloy wire rod,United Kingdom,31602
2026-08-27,09.9903,16,Non-alloy & other alloy wire rod,Ukraine,3876
2026-08-27,09.9904,16,Non-alloy & other alloy wire rod,Switzerland,5872
2026-08-27,09.9905,16,Non-alloy & other alloy wire rod,Viet Nam,15389
2026-08-27,09.9906,16,Non-alloy & other alloy wire rod,Moldova,12826
2026-08-27,09.9907,16,Non-alloy & other alloy wire rod,Egypt,2166
2026-08-27,09.9517,16,Non-alloy & other alloy wire rod,FTA Quota – CSQ,0
2026-08-27,09.9617,16,Non-alloy & other alloy wire rod,Other countries,31030
2026-08-27,09.9739,16,Non-alloy & other alloy wire rod,FTA Quota – Other countries,29412
2026-08-27,09.9740,16,Non-alloy & other alloy wire rod,Korea,2608
2026-08-27,09.9741,16,Non-alloy & other alloy wire rod,Japan,656
2026-08-27,09.9908,17,"Angles, shapes and sections of iron/non-alloy steel",Türkiye,489
2026-08-27,09.9909,17,"Angles, shapes and sections of iron/non-alloy steel",United Kingdom,4053
2026-08-27,09.9910,17,"Angles, shapes and sections of iron/non-alloy steel",Switzerland,2589
2026-08-27,09.9911,17,"Angles, shapes and sections of iron/non-alloy steel",United Arab Emirates,1486
2026-08-27,09.9518,17,"Angles, shapes and sections of iron/non-alloy steel",FTA Quota – CSQ,3032
2026-08-27,09.9618,17,"Angles, shapes and sections of iron/non-alloy steel",Other countries,2105
2026-08-27,09.9742,17,"Angles, shapes and sections of iron/non-alloy steel",FTA Quota – Other countries,1026
2026-08-27,09.9743,17,"Angles, shapes and sections of iron/non-alloy steel",Korea,1245
2026-08-27,09.9495,17,"Angles, shapes and sections of iron/non-alloy steel",United Kingdom (to Northern Ireland from other parts of the United Kingdom),11048
2026-08-27,09.9912,18,Sheet piling,China,0
2026-08-27,09.9913,18,Sheet piling,United Arab Emirates,2
2026-08-27,09.9914,18,Sheet piling,United Kingdom,1583
2026-08-27,09.9519,18,Sheet piling,FTA Quota – CSQ,1234
2026-08-27,09.9619,18,Sheet piling,Other countries,0
2026-08-27,09.9744,18,Sheet piling,FTA Quota – Other countries,1342
2026-08-27,09.9915,19,Railway material,United Kingdom,70
2026-08-27,09.9916,19,Railway material,Türkiye,0
2026-08-27,09.9917,19,Railway material,China,0
2026-08-27,09.9520,19,Railway material,FTA Quota – CSQ,272
2026-08-27,09.9620,19,Railway material,Other countries,119
2026-08-27,09.9745,19,Railway material,FTA Quota – Other countries,140
2026-08-27,09.9918,20,Gas pipes,Türkiye,0
2026-08-27,09.9919,20,Gas pipes,India,0
2026-08-27,09.9920,20,Gas pipes,United Arab Emirates,2471
2026-08-27,09.9921,20,Gas pipes,North Macedonia,28
2026-08-27,09.9922,20,Gas pipes,United Kingdom,1596
2026-08-27,09.9521,20,Gas pipes,FTA Quota – CSQ,0
2026-08-27,09.9621,20,Gas pipes,Other countries,0
2026-08-27,09.9746,20,Gas pipes,FTA Quota – Other countries,602
2026-08-27,09.9923,21,Hollow sections,Türkiye,0
2026-08-27,09.9924,21,Hollow sections,United Kingdom,10187
2026-08-27,09.9925,21,Hollow sections,North Macedonia,0
2026-08-27,09.9926,21,Hollow sections,China,0
2026-08-27,09.9927,21,Hollow sections,Ukraine,0
2026-08-27,09.9522,21,Hollow sections,FTA Quota – CSQ,0
2026-08-27,09.9622,21,Hollow sections,Other countries,0
2026-08-27,09.9747,21,Hollow sections,FTA Quota – Other countries,0
2026-08-27,09.9748,21,Hollow sections,Switzerland,346
2026-08-27,09.9928,22,Seamless stainless tubes and pipes,India,0
2026-08-27,09.9929,22,Seamless stainless tubes and pipes,Ukraine,261
2026-08-27,09.9930,22,Seamless stainless tubes and pipes,China,60
2026-08-27,09.9931,22,Seamless stainless tubes and pipes,Korea,353
2026-08-27,09.9523,22,Seamless stainless tubes and pipes,FTA Quota – CSQ,0
2026-08-27,09.9623,22,Seamless stainless tubes and pipes,Other countries,0
2026-08-27,09.9749,22,Seamless stainless tubes and pipes,FTA Quota – Other countries,0
2026-08-27,09.9750,22,Seamless stainless tubes and pipes,Japan,0
2026-08-27,09.9932,24,Other seamless tubes,China,0
2026-08-27,09.9933,24,Other seamless tubes,Ukraine,0
2026-08-27,09.9934,24,Other seamless tubes,Brazil,5035
2026-08-27,09.9524,24,Other seamless tubes,FTA Quota – CSQ,3052
2026-08-27,09.9624,24,Other seamless tubes,Other countries,1821
2026-08-27,09.9751,24,Other seamless tubes,FTA Quota – Other countries,8444
2026-08-27,09.9752,24,Other seamless tubes,Argentina,973
2026-08-27,09.9753,24,Other seamless tubes,Singapore,110
2026-08-27,09.9935,25.A,Large welded tubes,Türkiye,1947
2026-08-27,09.9936,25.A,Large welded tubes,Israel,834
2026-08-27,09.9937,25.A,Large welded tubes,China,0
2026-08-27,09.9938,25.A,Large welded tubes,India,0
2026-08-27,09.9525,25.A,Large welded tubes,FTA Quota – CSQ,351
2026-08-27,09.9625,25.A,Large welded tubes,Other countries,0
2026-08-27,09.9754,25.A,Large welded tubes,FTA Quota – Other countries,584
2026-08-27,09.9496,25.A,Large welded tubes,United Kingdom (to Northern Ireland from other parts of the United Kingdom),14
2026-08-27,09.9939,25.B,Large welded tubes (line pipe),Türkiye,3563
2026-08-27,09.9940,25.B,Large welded tubes (line pipe),China,0
2026-08-27,09.9941,25.B,Large welded tubes (line pipe),United Kingdom,1222
2026-08-27,09.9942,25.B,Large welded tubes (line pipe),Algeria,0
2026-08-27,09.9526,25.B,Large welded tubes (line pipe),FTA Quota – CSQ,2030
2026-08-27,09.9626,25.B,Large welded tubes (line pipe),Other countries,0
2026-08-27,09.9755,25.B,Large welded tubes (line pipe),FTA Quota – Other countries,811
2026-08-27,09.9756,25.B,Large welded tubes (line pipe),Singapore,21
2026-08-27,09.9943,26,Other welded tubes,Türkiye,0
2026-08-27,09.9944,26,Other welded tubes,Switzerland,10364
2026-08-27,09.9945,26,Other welded tubes,China,0
2026-08-27,09.9946,26,Other welded tubes,India,0
2026-08-27,09.9947,26,Other welded tubes,United Kingdom,2150
2026-08-27,09.9948,26,Other welded tubes,Taiwan,0
2026-08-27,09.9527,26,Other welded tubes,FTA Quota – CSQ,0
2026-08-27,09.9627,26,Other welded tubes,Other countries,0
2026-08-27,09.9757,26,Other welded tubes,FTA Quota – Other countries,963
2026-08-27,09.9758,26,Other welded tubes,Singapore,0
2026-08-27,09.9949,27,Non-alloy & alloy cold finished bars,China,0
2026-08-27,09.9950,27,Non-alloy & alloy cold finished bars,Türkiye,1306
2026-08-27,09.9951,27,Non-alloy & alloy cold finished bars,Switzerland,2047
2026-08-27,09.9952,27,Non-alloy & alloy cold finished bars,Ukraine,1228
2026-08-27,09.9528,27,Non-alloy & alloy cold finished bars,FTA Quota – CSQ,1491
2026-08-27,09.9628,27,Non-alloy & alloy cold finished bars,Other countries,0
2026-08-27,09.9759,27,Non-alloy & alloy cold finished bars,FTA Quota – Other countries,1385
2026-08-27,09.9953,27,Non-alloy & alloy cold finished bars,China,0
2026-08-27,09.9954,27,Non-alloy & alloy cold finished bars,Türkiye,0
2026-08-27,09.9955,27,Non-alloy & alloy cold finished bars,Ukraine,4905
2026-08-27,09.9529,27,Non-alloy & alloy cold finished bars,FTA Quota – CSQ,1958
2026-08-27,09.9629,27,Non-alloy & alloy cold finished bars,Other countries,0
2026-08-27,09.9760,27,Non-alloy & alloy cold finished bars,FTA Quota – Other countries,5398
2026-08-27,09.9497,27,Non-alloy & alloy cold finished bars,United Kingdom (to Northern Ireland from other parts of the United Kingdom),142
2026-08-28,09.9801,1.A,Non-alloy & other alloy hot rolled sheets/strips,Türkiye,0
2026-08-28,09.9802,1.A,Non-alloy & other alloy hot rolled sheets/strips,Japan,117544
2026-08-28,09.9803,1.A,Non-alloy & other alloy hot rolled sheets/strips,India,38357
2026-08-28,09.9804,1.A,Non-alloy & other alloy hot rolled sheets/strips,Taiwan,62665
2026-08-28,09.9805,1.A,Non-alloy & other alloy hot rolled sheets/strips,Ukraine,38401
2026-08-28,09.9806,1.A,Non-alloy & other alloy hot rolled sheets/strips,Korea,29197
2026-08-28,09.9807,1.A,Non-alloy & other alloy hot rolled sheets/strips,Viet Nam,44318
2026-08-28,09.9808,1.A,Non-alloy & other alloy hot rolled sheets/strips,Egypt,99362
2026-08-28,09.9809,1.A,Non-alloy & other alloy hot rolled sheets/strips,Serbia,33534
2026-08-28,09.9500,1.A,Non-alloy & other alloy hot rolled sheets/strips,FTA Quota – CSQ,0
2026-08-28,09.9701,1.A,Non-alloy & other alloy hot rolled sheets/strips,Brazil,42408
2026-08-28,09.9705,1.A,Non-alloy & other alloy hot rolled sheets/strips,United Kingdom,35385
2026-08-28,09.9702,1.A,Non-alloy & other alloy hot rolled sheets/strips,Indonesia,0
2026-08-28,09.9810,1.A,Non-alloy & other alloy hot rolled sheets/strips,Australia,0
2026-08-28,09.9811,1.A,Non-alloy & other alloy hot rolled sheets/strips,Saudi Arabia,9545
2026-08-28,09.9704,1.A,Non-alloy & other alloy hot rolled sheets/strips,Switzerland,5255
2026-08-28,09.9812,1.A,Non-alloy & other alloy hot rolled sheets/strips,Kazakhstan,2349
2026-08-28,09.9703,1.A,Non-alloy & other alloy hot rolled sheets/strips,North Macedonia,566
2026-08-28,09.9600,1.A,Non-alloy & other alloy hot rolled sheets/strips,Other countries,0
2026-08-28,09.9700,1.A,Non-alloy & other alloy hot rolled sheets/strips,FTA Quota – Other countries,0
2026-08-28,09.9813,1.B,Non-alloy & other alloy hot rolled sheets/strips (7212 60),United Kingdom,155
2026-08-28,09.9814,1.B,Non-alloy & other alloy hot rolled sheets/strips (7212 60),United States,0
2026-08-28,09.9815,1.B,Non-alloy & other alloy hot rolled sheets/strips (7212 60),Japan,71
2026-08-28,09.9816,1.B,Non-alloy & other alloy hot rolled sheets/strips (7212 60),China,20
2026-08-28,09.9501,1.B,Non-alloy & other alloy hot rolled sheets/strips (7212 60),FTA Quota – CSQ,107
2026-08-28,09.9601,1.B,Non-alloy & other alloy hot rolled sheets/strips (7212 60),Other countries,35
2026-08-28,09.9706,1.B,Non-alloy & other alloy hot rolled sheets/strips (7212 60),FTA Quota – Other countries,49
2026-08-28,09.9817,2,Non-alloy & other alloy cold rolled sheets,Taiwan,33504
2026-08-28,09.9818,2,Non-alloy & other alloy cold rolled sheets,India,36028
2026-08-28,09.9819,2,Non-alloy & other alloy cold rolled sheets,Korea,11917
2026-08-28,09.9820,2,Non-alloy & other alloy cold rolled sheets,Türkiye,36545
2026-08-28,09.9821,2,Non-alloy & other alloy cold rolled sheets,United Kingdom,19419
2026-08-28,09.9822,2,Non-alloy & other alloy cold rolled sheets,Japan,28778
2026-08-28,09.9823,2,Non-alloy & other alloy cold rolled sheets,Ukraine,1480
2026-08-28,09.9502,2,Non-alloy & other alloy cold rolled sheets,FTA Quota – CSQ,33671
2026-08-28,09.9602,2,Non-alloy & other alloy cold rolled sheets,Other countries,0
2026-08-28,09.9707,2,Non-alloy & other alloy cold rolled sheets,FTA Quota – Other countries,7611
2026-08-28,09.9709,2,Non-alloy & other alloy cold rolled sheets,Egypt,0
2026-08-28,09.9710,2,Non-alloy & other alloy cold rolled sheets,Switzerland,282
2026-08-28,09.9708,2,Non-alloy & other alloy cold rolled sheets,Brazil,0
2026-08-28,09.9824,3.A,Electrical sheets (non grain-oriented),Japan,78
2026-08-28,09.9825,3.A,Electrical sheets (non grain-oriented),United Kingdom,20
2026-08-28,09.9826,3.A,Electrical sheets (non grain-oriented),China,5
2026-08-28,09.9827,3.A,Electrical sheets (non grain-oriented),Türkiye,9
2026-08-28,09.9503,3.A,Electrical sheets (non grain-oriented),FTA Quota – CSQ,29
2026-08-28,09.9603,3.A,Electrical sheets (non grain-oriented),Other countries,7
2026-08-28,09.9711,3.A,Electrical sheets (non grain-oriented),FTA Quota – Other countries,5
2026-08-28,09.9828,3.B,Electrical sheets (grain-oriented),China,0
2026-08-28,09.9829,3.B,Electrical sheets (grain-oriented),Taiwan,3916
2026-08-28,09.9830,3.B,Electrical sheets (grain-oriented),Korea,9210
2026-08-28,09.9831,3.B,Electrical sheets (grain-oriented),Viet Nam,6925
2026-08-28,09.9504,3.B,Electrical sheets (grain-oriented),FTA Quota – CSQ,4217
2026-08-28,09.9604,3.B,Electrical sheets (grain-oriented),Other countries,1477
2026-08-28,09.9712,3.B,Electrical sheets (grain-oriented),FTA Quota – Other countries,4078
2026-08-28,09.9713,3.B,Electrical sheets (grain-oriented),Japan,476
2026-08-28,09.9832,4.A,Metallic coated sheets,Viet Nam,96356
2026-08-28,09.9833,4.A,Metallic coated sheets,Taiwan,2825
2026-08-28,09.9834,4.A,Metallic coated sheets,Türkiye,0
2026-08-28,09.9835,4.A,Metallic coated sheets,India,33005
2026-08-28,09.9836,4.A,Metallic coated sheets,Korea,4694
2026-08-28,09.9505,4.A,Metallic coated sheets,FTA Quota – CSQ,0
2026-08-28,09.9605,4.A,Metallic coated sheets,Other countries,0
2026-08-28,09.9714,4.A,Metallic coated sheets,FTA Quota – Other countries,0
2026-08-28,09.9718,4.A,Metallic coated sheets,United Kingdom,76
2026-08-28,09.9716,4.A,Metallic coated sheets,Japan,1
2026-08-28,09.9715,4.A,Metallic coated sheets,Egypt,0
2026-08-28,09.9717,4.A,Metallic coated sheets,South Africa,0
2026-08-28,09.9837,4.B,Metallic coated sheets (automotive),Korea,8053
2026-08-28,09.9838,4.B,Metallic coated sheets (automotive),China,0
2026-08-28,09.9839,4.B,Metallic coated sheets (automotive),United Kingdom,30838
2026-08-28,09.9840,4.B,Metallic coated sheets (automotive),Türkiye,0
2026-08-28,09.9841,4.B,Metallic coated sheets (automotive),India,21981
2026-08-28,09.9506,4.B,Metallic coated sheets (automotive),FTA Quota – CSQ,0
2026-08-28,09.9606,4.B,Metallic coated sheets (automotive),Other countries,0
2026-08-28,09.9719,4.B,Metallic coated sheets (automotive),FTA Quota – Other countries,0
2026-08-28,09.9720,4.B,Metallic coated sheets (automotive),Egypt,1616
2026-08-28,09.9721,4.B,Metallic coated sheets (automotive),Switzerland,0
2026-08-28,09.9842,5,Organic coated sheets,India,0
2026-08-28,09.9843,5,Organic coated sheets,Korea,0
2026-08-28,09.9844,5,Organic coated sheets,Viet Nam,3910
2026-08-28,09.9845,5,Organic coated sheets,Türkiye,0
2026-08-28,09.9846,5,Organic coated sheets,Taiwan,95
2026-08-28,09.9847,5,Organic coated sheets,United Kingdom,3541
2026-08-28,09.9507,5,Organic coated sheets,FTA Quota – CSQ,0
2026-08-28,09.9607,5,Organic coated sheets,Other countries,0
2026-08-28,09.9722,5,Organic coated sheets,FTA Quota – Other countries,1375
2026-08-28,09.9723,5,Organic coated sheets,North Macedonia,0
2026-08-28,09.9848,6,Tin mill products,China,29266
2026-08-28,09.9849,6,Tin mill products,Serbia,7970
2026-08-28,09.9850,6,Tin mill products,United Kingdom,6551
2026-08-28,09.9851,6,Tin mill products,Türkiye,11197
2026-08-28,09.9852,6,Tin mill products,Korea,7131
2026-08-28,09.9853,6,Tin mill products,India,5383
2026-08-28,09.9508,6,Tin mill products,FTA Quota – CSQ,11255
2026-08-28,09.9608,6,Tin mill products,Other countries,0
2026-08-28,09.9724,6,Tin mill products,FTA Quota – Other countries,4148
2026-08-28,09.9725,6,Tin mill products,Japan,0
2026-08-28,09.9726,6,Tin mill products,Singapore,21
2026-08-28,09.9854,7,Non-alloy & other alloy quarto plates,Korea,0
2026-08-28,09.9855,7,Non-alloy & other alloy quarto plates,Indonesia,18206
2026-08-28,09.9856,7,Non-alloy & other alloy quarto plates,India,6209
2026-08-28,09.9857,7,Non-alloy & other alloy quarto plates,Japan,6875
2026-08-28,09.9858,7,Non-alloy & other alloy quarto plates,North Macedonia,0
2026-08-28,09.9859,7,Non-alloy & other alloy quarto plates,United Kingdom,546
2026-08-28,09.9509,7,Non-alloy & other alloy quarto plates,FTA Quota – CSQ,3438
2026-08-28,09.9609,7,Non-alloy & other alloy quarto plates,Other countries,0
2026-08-28,09.9727,7,Non-alloy & other alloy quarto plates,FTA Quota – Other countries,6855
2026-08-28,09.9728,7,Non-alloy & other alloy quarto plates,Türkiye,0
2026-08-28,09.9491,7,Non-alloy & other alloy quarto plates,United Kingdom (to Northern Ireland from other parts of the United Kingdom),2444
2026-08-28,09.9860,8,Stainless hot rolled sheets and strips,Taiwan,2039
2026-08-28,09.9861,8,Stainless hot rolled sheets and strips,Indonesia,8955
2026-08-28,09.9862,8,Stainless hot rolled sheets and strips,India,1697
2026-08-28,09.9863,8,Stainless hot rolled sheets and strips,China,2221
2026-08-28,09.9864,8,Stainless hot rolled sheets and strips,Korea,0
2026-08-28,09.9865,8,Stainless hot rolled sheets and strips,Türkiye,3430
2026-08-28,09.9866,8,Stainless hot rolled sheets and strips,South Africa,831
2026-08-28,09.9510,8,Stainless hot rolled sheets and strips,FTA Quota – CSQ,2720
2026-08-28,09.9610,8,Stainless hot rolled sheets and strips,Other countries,252
2026-08-28,09.9729,8,Stainless hot rolled sheets and strips,FTA Quota – Other countries,348
2026-08-28,09.9492,8,Stainless hot rolled sheets and strips,United Kingdom (to Northern Ireland from other parts of the United Kingdom),13
2026-08-28,09.9867,9,Stainless cold rolled sheets and strips,Taiwan,5431
2026-08-28,09.9868,9,Stainless cold rolled sheets and strips,China,6857
2026-08-28,09.9869,9,Stainless cold rolled sheets and strips,Korea,9294
2026-08-28,09.9870,9,Stainless cold rolled sheets and strips,Türkiye,6471
2026-08-28,09.9871,9,Stainless cold rolled sheets and strips,South Africa,7399
2026-08-28,09.9872,9,Stainless cold rolled sheets and strips,Viet Nam,5287
2026-08-28,09.9873,9,Stainless cold rolled sheets and strips,India,5215
2026-08-28,09.9511,9,Stainless cold rolled sheets and strips,FTA Quota – CSQ,9935
2026-08-28,09.9611,9,Stainless cold rolled sheets and strips,Other countries,1557
2026-08-28,09.9730,9,Stainless cold rolled sheets and strips,FTA Quota – Other countries,4492
2026-08-28,09.9731,9,Stainless cold rolled sheets and strips,Switzerland,93
2026-08-28,09.9493,9,Stainless cold rolled sheets and strips,United Kingdom (to Northern Ireland from other parts of the United Kingdom),28
2026-08-28,09.9874,10,Stainless hot rolled quarto plates,China,718
2026-08-28,09.9875,10,Stainless hot rolled quarto plates,India,416
2026-08-28,09.9876,10,Stainless hot rolled quarto plates,Korea,405
2026-08-28,09.9877,10,Stainless hot rolled quarto plates,South Africa,167
2026-08-28,09.9512,10,Stainless hot rolled quarto plates,FTA Quota – CSQ,279
2026-08-28,09.9612,10,Stainless hot rolled quarto plates,Other countries,138
2026-08-28,09.9732,10,Stainless hot rolled quarto plates,FTA Quota – Other countries,236
2026-08-28,09.9878,12,Non-alloy & other alloy merchant bars & light sections,China,7280
2026-08-28,09.9879,12,Non-alloy & other alloy merchant bars & light sections,Türkiye,26456
2026-08-28,09.9880,12,Non-alloy & other alloy merchant bars & light sections,United Kingdom,13260
2026-08-28,09.9881,12,Non-alloy & other alloy merchant bars & light sections,Switzerland,15134
2026-08-28,09.9882,12,Non-alloy & other alloy merchant bars & light sections,Korea,5574
2026-08-28,09.9883,12,Non-alloy & other alloy merchant bars & light sections,North Macedonia,4675
2026-08-28,09.9513,12,Non-alloy & other alloy merchant bars & light sections,FTA Quota – CSQ,14063
2026-08-28,09.9613,12,Non-alloy & other alloy merchant bars & light sections,Other countries,328
2026-08-28,09.9733,12,Non-alloy & other alloy merchant bars & light sections,FTA Quota – Other countries,9791
2026-08-28,09.9734,12,Non-alloy & other alloy merchant bars & light sections,Brazil,2740
2026-08-28,09.9735,12,Non-alloy & other alloy merchant bars & light sections,Egypt,26
2026-08-28,09.9884,13,Rebars,Türkiye,0
2026-08-28,09.9885,13,Rebars,Egypt,24779
2026-08-28,09.9886,13,Rebars,Algeria,0
2026-08-28,09.9887,13,Rebars,Moldova,4918
2026-08-28,09.9888,13,Rebars,China,4781
2026-08-28,09.9889,13,Rebars,Ukraine,4920
2026-08-28,09.9514,13,Rebars,FTA Quota – CSQ,0
2026-08-28,09.9614,13,Rebars,Other countries,12953
2026-08-28,09.9736,13,Rebars,FTA Quota – Other countries,9575
2026-08-28,09.9494,13,Rebars,United Kingdom (to Northern Ireland from other parts of the United Kingdom),5
2026-08-28,09.9890,14,Stainless bars and light sections,India,0
2026-08-28,09.9891,14,Stainless bars and light sections,Switzerland,278
2026-08-28,09.9892,14,Stainless bars and light sections,United Kingdom,838
2026-08-28,09.9893,14,Stainless bars and light sections,China,242
2026-08-28,09.9515,14,Stainless bars and light sections,FTA Quota – CSQ,0
2026-08-28,09.9615,14,Stainless bars and light sections,Other countries,9
2026-08-28,09.9737,14,Stainless bars and light sections,FTA Quota – Other countries,352
2026-08-28,09.9894,15,Stainless wire rod,India,1720
2026-08-28,09.9895,15,Stainless wire rod,Taiwan,41
2026-08-28,09.9896,15,Stainless wire rod,Korea,336
2026-08-28,09.9897,15,Stainless wire rod,United Kingdom,614
2026-08-28,09.9898,15,Stainless wire rod,China,328
2026-08-28,09.9899,15,Stainless wire rod,Japan,14
2026-08-28,09.9516,15,Stainless wire rod,FTA Quota – CSQ,810
2026-08-28,09.9616,15,Stainless wire rod,Other countries,73
2026-08-28,09.9738,15,Stainless wire rod,FTA Quota – Other countries,17
2026-08-28,09.9900,16,Non-alloy & other alloy wire rod,Türkiye,0
2026-08-28,09.9901,16,Non-alloy & other alloy wire rod,Malaysia,14251
2026-08-28,09.9902,16,Non-alloy & other alloy wire rod,United Kingdom,31183
2026-08-28,09.9903,16,Non-alloy & other alloy wire rod,Ukraine,3854
2026-08-28,09.9904,16,Non-alloy & other alloy wire rod,Switzerland,4715
2026-08-28,09.9905,16,Non-alloy & other alloy wire rod,Viet Nam,15389
2026-08-28,09.9906,16,Non-alloy & other alloy wire rod,Moldova,12629
2026-08-28,09.9907,16,Non-alloy & other alloy wire rod,Egypt,2166
2026-08-28,09.9517,16,Non-alloy & other alloy wire rod,FTA Quota – CSQ,0
2026-08-28,09.9617,16,Non-alloy & other alloy wire rod,Other countries,31030
2026-08-28,09.9739,16,Non-alloy & other alloy wire rod,FTA Quota – Other countries,29412
2026-08-28,09.9740,16,Non-alloy & other alloy wire rod,Korea,2608
2026-08-28,09.9741,16,Non-alloy & other alloy wire rod,Japan,572
2026-08-28,09.9908,17,"Angles, shapes and sections of iron/non-alloy steel",Türkiye,489
2026-08-28,09.9909,17,"Angles, shapes and sections of iron/non-alloy steel",United Kingdom,4049
2026-08-28,09.9910,17,"Angles, shapes and sections of iron/non-alloy steel",Switzerland,2589
2026-08-28,09.9911,17,"Angles, shapes and sections of iron/non-alloy steel",United Arab Emirates,1486
2026-08-28,09.9518,17,"Angles, shapes and sections of iron/non-alloy steel",FTA Quota – CSQ,3032
2026-08-28,09.9618,17,"Angles, shapes and sections of iron/non-alloy steel",Other countries,2105
2026-08-28,09.9742,17,"Angles, shapes and sections of iron/non-alloy steel",FTA Quota – Other countries,1026
2026-08-28,09.9743,17,"Angles, shapes and sections of iron/non-alloy steel",Korea,1245
2026-08-28,09.9495,17,"Angles, shapes and sections of iron/non-alloy steel",United Kingdom (to Northern Ireland from other parts of the United Kingdom),10619
2026-08-28,09.9912,18,Sheet piling,China,0
2026-08-28,09.9913,18,Sheet piling,United Arab Emirates,2
2026-08-28,09.9914,18,Sheet piling,United Kingdom,1583
2026-08-28,09.9519,18,Sheet piling,FTA Quota – CSQ,1234
2026-08-28,09.9619,18,Sheet piling,Other countries,0
2026-08-28,09.9744,18,Sheet piling,FTA Quota – Other countries,1342
2026-08-28,09.9915,19,Railway material,United Kingdom,47
2026-08-28,09.9916,19,Railway material,Türkiye,0
2026-08-28,09.9917,19,Railway material,China,0
2026-08-28,09.9520,19,Railway material,FTA Quota – CSQ,272
2026-08-28,09.9620,19,Railway material,Other countries,119
2026-08-28,09.9745,19,Railway material,FTA Quota – Other countries,140
2026-08-28,09.9918,20,Gas pipes,Türkiye,0
2026-08-28,09.9919,20,Gas pipes,India,0
2026-08-28,09.9920,20,Gas pipes,United Arab Emirates,2471
2026-08-28,09.9921,20,Gas pipes,North Macedonia,28
2026-08-28,09.9922,20,Gas pipes,United Kingdom,1572
2026-08-28,09.9521,20,Gas pipes,FTA Quota – CSQ,0
2026-08-28,09.9621,20,Gas pipes,Other countries,0
2026-08-28,09.9746,20,Gas pipes,FTA Quota – Other countries,492
2026-08-28,09.9923,21,Hollow sections,Türkiye,0
2026-08-28,09.9924,21,Hollow sections,United Kingdom,9873
2026-08-28,09.9925,21,Hollow sections,North Macedonia,0
2026-08-28,09.9926,21,Hollow sections,China,0
2026-08-28,09.9927,21,Hollow sections,Ukraine,0
2026-08-28,09.9522,21,Hollow sections,FTA Quota – CSQ,0
2026-08-28,09.9622,21,Hollow sections,Other countries,0
2026-08-28,09.9747,21,Hollow sections,FTA Quota – Other countries,0
2026-08-28,09.9748,21,Hollow sections,Switzerland,345
2026-08-28,09.9928,22,Seamless stainless tubes and pipes,India,0
2026-08-28,09.9929,22,Seamless stainless tubes and pipes,Ukraine,251
2026-08-28,09.9930,22,Seamless stainless tubes and pipes,China,44
2026-08-28,09.9931,22,Seamless stainless tubes and pipes,Korea,332
2026-08-28,09.9523,22,Seamless stainless tubes and pipes,FTA Quota – CSQ,0
2026-08-28,09.9623,22,Seamless stainless tubes and pipes,Other countries,0
2026-08-28,09.9749,22,Seamless stainless tubes and pipes,FTA Quota – Other countries,0
2026-08-28,09.9750,22,Seamless stainless tubes and pipes,Japan,0
2026-08-28,09.9932,24,Other seamless tubes,China,0
2026-08-28,09.9933,24,Other seamless tubes,Ukraine,0
2026-08-28,09.9934,24,Other seamless tubes,Brazil,4989
2026-08-28,09.9524,24,Other seamless tubes,FTA Quota – CSQ,2838
2026-08-28,09.9624,24,Other seamless tubes,Other countries,1750
2026-08-28,09.9751,24,Other seamless tubes,FTA Quota – Other countries,8439
2026-08-28,09.9752,24,Other seamless tubes,Argentina,973
2026-08-28,09.9753,24,Other seamless tubes,Singapore,110
2026-08-28,09.9935,25.A,Large welded tubes,Türkiye,1947
2026-08-28,09.9936,25.A,Large welded tubes,Israel,834
2026-08-28,09.9937,25.A,Large welded tubes,China,0
2026-08-28,09.9938,25.A,Large welded tubes,India,0
2026-08-28,09.9525,25.A,Large welded tubes,FTA Quota – CSQ,351
2026-08-28,09.9625,25.A,Large welded tubes,Other countries,0
2026-08-28,09.9754,25.A,Large welded tubes,FTA Quota – Other countries,584
2026-08-28,09.9496,25.A,Large welded tubes,United Kingdom (to Northern Ireland from other parts of the United Kingdom),14
2026-08-28,09.9939,25.B,Large welded tubes (line pipe),Türkiye,3563
2026-08-28,09.9940,25.B,Large welded tubes (line pipe),China,0
2026-08-28,09.9941,25.B,Large welded tubes (line pipe),United Kingdom,1190
2026-08-28,09.9942,25.B,Large welded tubes (line pipe),Algeria,0
2026-08-28,09.9526,25.B,Large welded tubes (line pipe),FTA Quota – CSQ,2030
2026-08-28,09.9626,25.B,Large welded tubes (line pipe),Other countries,0
2026-08-28,09.9755,25.B,Large welded tubes (line pipe),FTA Quota – Other countries,793
2026-08-28,09.9756,25.B,Large welded tubes (line pipe),Singapore,21
2026-08-28,09.9943,26,Other welded tubes,Türkiye,0
2026-08-28,09.9944,26,Other welded tubes,Switzerland,10341
2026-08-28,09.9945,26,Other welded tubes,China,0
2026-08-28,09.9946,26,Other welded tubes,India,0
2026-08-28,09.9947,26,Other welded tubes,United Kingdom,2110
2026-08-28,09.9948,26,Other welded tubes,Taiwan,0
2026-08-28,09.9527,26,Other welded tubes,FTA Quota – CSQ,0
2026-08-28,09.9627,26,Other welded tubes,Other countries,0
2026-08-28,09.9757,26,Other welded tubes,FTA Quota – Other countries,714
2026-08-28,09.9758,26,Other welded tubes,Singapore,0
2026-08-28,09.9949,27,Non-alloy & alloy cold finished bars,China,0
2026-08-28,09.9950,27,Non-alloy & alloy cold finished bars,Türkiye,852
2026-08-28,09.9951,27,Non-alloy & alloy cold finished bars,Switzerland,1921
2026-08-28,09.9952,27,Non-alloy & alloy cold finished bars,Ukraine,1191
2026-08-28,09.9528,27,Non-alloy & alloy cold finished bars,FTA Quota – CSQ,1491
2026-08-28,09.9628,27,Non-alloy & alloy cold finished bars,Other countries,0
2026-08-28,09.9759,27,Non-alloy & alloy cold finished bars,FTA Quota – Other countries,1343
2026-08-28,09.9953,27,Non-alloy & alloy cold finished bars,China,0
2026-08-28,09.9954,27,Non-alloy & alloy cold finished bars,Türkiye,0
2026-08-28,09.9955,27,Non-alloy & alloy cold finished bars,Ukraine,4704
2026-08-28,09.9529,27,Non-alloy & alloy cold finished bars,FTA Quota – CSQ,1797
2026-08-28,09.9629,27,Non-alloy & alloy cold finished bars,Other countries,0
2026-08-28,09.9760,27,Non-alloy & alloy cold finished bars,FTA Quota – Other countries,5318
2026-08-28,09.9497,27,Non-alloy & alloy cold finished bars,United Kingdom (to Northern Ireland from other parts of the United Kingdom),142
2026-08-29,09.9801,1.A,Non-alloy & other alloy hot rolled sheets/strips,Türkiye,0
2026-08-29,09.9802,1.A,Non-alloy & other alloy hot rolled sheets/strips,Japan,117544
2026-08-29,09.9803,1.A,Non-alloy & other alloy hot rolled sheets/strips,India,38357
2026-08-29,09.9804,1.A,Non-alloy & other alloy hot rolled sheets/strips,Taiwan,62665
2026-08-29,09.9805,1.A,Non-alloy & other alloy hot rolled sheets/strips,Ukraine,38401
2026-08-29,09.9806,1.A,Non-alloy & other alloy hot rolled sheets/strips,Korea,29197
2026-08-29,09.9807,1.A,Non-alloy & other alloy hot rolled sheets/strips,Viet Nam,44318
2026-08-29,09.9808,1.A,Non-alloy & other alloy hot rolled sheets/strips,Egypt,99362
2026-08-29,09.9809,1.A,Non-alloy & other alloy hot rolled sheets/strips,Serbia,33534
2026-08-29,09.9500,1.A,Non-alloy & other alloy hot rolled sheets/strips,FTA Quota – CSQ,0
2026-08-29,09.9701,1.A,Non-alloy & other alloy hot rolled sheets/strips,Brazil,42408
2026-08-29,09.9705,1.A,Non-alloy & other alloy hot rolled sheets/strips,United Kingdom,35385
2026-08-29,09.9702,1.A,Non-alloy & other alloy hot rolled sheets/strips,Indonesia,0
2026-08-29,09.9810,1.A,Non-alloy & other alloy hot rolled sheets/strips,Australia,0
2026-08-29,09.9811,1.A,Non-alloy & other alloy hot rolled sheets/strips,Saudi Arabia,9545
2026-08-29,09.9704,1.A,Non-alloy & other alloy hot rolled sheets/strips,Switzerland,5255
2026-08-29,09.9812,1.A,Non-alloy & other alloy hot rolled sheets/strips,Kazakhstan,2349
2026-08-29,09.9703,1.A,Non-alloy & other alloy hot rolled sheets/strips,North Macedonia,566
2026-08-29,09.9600,1.A,Non-alloy & other alloy hot rolled sheets/strips,Other countries,0
2026-08-29,09.9700,1.A,Non-alloy & other alloy hot rolled sheets/strips,FTA Quota – Other countries,0
2026-08-29,09.9813,1.B,Non-alloy & other alloy hot rolled sheets/strips (7212 60),United Kingdom,155
2026-08-29,09.9814,1.B,Non-alloy & other alloy hot rolled sheets/strips (7212 60),United States,0
2026-08-29,09.9815,1.B,Non-alloy & other alloy hot rolled sheets/strips (7212 60),Japan,71
2026-08-29,09.9816,1.B,Non-alloy & other alloy hot rolled sheets/strips (7212 60),China,20
2026-08-29,09.9501,1.B,Non-alloy & other alloy hot rolled sheets/strips (7212 60),FTA Quota – CSQ,107
2026-08-29,09.9601,1.B,Non-alloy & other alloy hot rolled sheets/strips (7212 60),Other countries,35
2026-08-29,09.9706,1.B,Non-alloy & other alloy hot rolled sheets/strips (7212 60),FTA Quota – Other countries,49
2026-08-29,09.9817,2,Non-alloy & other alloy cold rolled sheets,Taiwan,33504
2026-08-29,09.9818,2,Non-alloy & other alloy cold rolled sheets,India,36028
2026-08-29,09.9819,2,Non-alloy & other alloy cold rolled sheets,Korea,11917
2026-08-29,09.9820,2,Non-alloy & other alloy cold rolled sheets,Türkiye,36545
2026-08-29,09.9821,2,Non-alloy & other alloy cold rolled sheets,United Kingdom,19419
2026-08-29,09.9822,2,Non-alloy & other alloy cold rolled sheets,Japan,28778
2026-08-29,09.9823,2,Non-alloy & other alloy cold rolled sheets,Ukraine,1480
2026-08-29,09.9502,2,Non-alloy & other alloy cold rolled sheets,FTA Quota – CSQ,33671
2026-08-29,09.9602,2,Non-alloy & other alloy cold rolled sheets,Other countries,0
2026-08-29,09.9707,2,Non-alloy & other alloy cold rolled sheets,FTA Quota – Other countries,7611
2026-08-29,09.9709,2,Non-alloy & other alloy cold rolled sheets,Egypt,0
2026-08-29,09.9710,2,Non-alloy & other alloy cold rolled sheets,Switzerland,282
2026-08-29,09.9708,2,Non-alloy & other alloy cold rolled sheets,Brazil,0
2026-08-29,09.9824,3.A,Electrical sheets (non grain-oriented),Japan,78
2026-08-29,09.9825,3.A,Electrical sheets (non grain-oriented),United Kingdom,20
2026-08-29,09.9826,3.A,Electrical sheets (non grain-oriented),China,5
2026-08-29,09.9827,3.A,Electrical sheets (non grain-oriented),Türkiye,9
2026-08-29,09.9503,3.A,Electrical sheets (non grain-oriented),FTA Quota – CSQ,29
2026-08-29,09.9603,3.A,Electrical sheets (non grain-oriented),Other countries,7
2026-08-29,09.9711,3.A,Electrical sheets (non grain-oriented),FTA Quota – Other countries,5
2026-08-29,09.9828,3.B,Electrical sheets (grain-oriented),China,0
2026-08-29,09.9829,3.B,Electrical sheets (grain-oriented),Taiwan,3916
2026-08-29,09.9830,3.B,Electrical sheets (grain-oriented),Korea,9210
2026-08-29,09.9831,3.B,Electrical sheets (grain-oriented),Viet Nam,6925
2026-08-29,09.9504,3.B,Electrical sheets (grain-oriented),FTA Quota – CSQ,4217
2026-08-29,09.9604,3.B,Electrical sheets (grain-oriented),Other countries,1477
2026-08-29,09.9712,3.B,Electrical sheets (grain-oriented),FTA Quota – Other countries,4078
2026-08-29,09.9713,3.B,Electrical sheets (grain-oriented),Japan,476
2026-08-29,09.9832,4.A,Metallic coated sheets,Viet Nam,96356
2026-08-29,09.9833,4.A,Metallic coated sheets,Taiwan,2825
2026-08-29,09.9834,4.A,Metallic coated sheets,Türkiye,0
2026-08-29,09.9835,4.A,Metallic coated sheets,India,33005
2026-08-29,09.9836,4.A,Metallic coated sheets,Korea,4694
2026-08-29,09.9505,4.A,Metallic coated sheets,FTA Quota – CSQ,0
2026-08-29,09.9605,4.A,Metallic coated sheets,Other countries,0
2026-08-29,09.9714,4.A,Metallic coated sheets,FTA Quota – Other countries,0
2026-08-29,09.9718,4.A,Metallic coated sheets,United Kingdom,76
2026-08-29,09.9716,4.A,Metallic coated sheets,Japan,1
2026-08-29,09.9715,4.A,Metallic coated sheets,Egypt,0
2026-08-29,09.9717,4.A,Metallic coated sheets,South Africa,0
2026-08-29,09.9837,4.B,Metallic coated sheets (automotive),Korea,8053
2026-08-29,09.9838,4.B,Metallic coated sheets (automotive),China,0
2026-08-29,09.9839,4.B,Metallic coated sheets (automotive),United Kingdom,30838
2026-08-29,09.9840,4.B,Metallic coated sheets (automotive),Türkiye,0
2026-08-29,09.9841,4.B,Metallic coated sheets (automotive),India,21981
2026-08-29,09.9506,4.B,Metallic coated sheets (automotive),FTA Quota – CSQ,0
2026-08-29,09.9606,4.B,Metallic coated sheets (automotive),Other countries,0
2026-08-29,09.9719,4.B,Metallic coated sheets (automotive),FTA Quota – Other countries,0
2026-08-29,09.9720,4.B,Metallic coated sheets (automotive),Egypt,1616
2026-08-29,09.9721,4.B,Metallic coated sheets (automotive),Switzerland,0
2026-08-29,09.9842,5,Organic coated sheets,India,0
2026-08-29,09.9843,5,Organic coated sheets,Korea,0
2026-08-29,09.9844,5,Organic coated sheets,Viet Nam,3910
2026-08-29,09.9845,5,Organic coated sheets,Türkiye,0
2026-08-29,09.9846,5,Organic coated sheets,Taiwan,95
2026-08-29,09.9847,5,Organic coated sheets,United Kingdom,3541
2026-08-29,09.9507,5,Organic coated sheets,FTA Quota – CSQ,0
2026-08-29,09.9607,5,Organic coated sheets,Other countries,0
2026-08-29,09.9722,5,Organic coated sheets,FTA Quota – Other countries,1375
2026-08-29,09.9723,5,Organic coated sheets,North Macedonia,0
2026-08-29,09.9848,6,Tin mill products,China,29266
2026-08-29,09.9849,6,Tin mill products,Serbia,7970
2026-08-29,09.9850,6,Tin mill products,United Kingdom,6551
2026-08-29,09.9851,6,Tin mill products,Türkiye,11197
2026-08-29,09.9852,6,Tin mill products,Korea,7131
2026-08-29,09.9853,6,Tin mill products,India,5383
2026-08-29,09.9508,6,Tin mill products,FTA Quota – CSQ,11255
2026-08-29,09.9608,6,Tin mill products,Other countries,0
2026-08-29,09.9724,6,Tin mill products,FTA Quota – Other countries,4148
2026-08-29,09.9725,6,Tin mill products,Japan,0
2026-08-29,09.9726,6,Tin mill products,Singapore,21
2026-08-29,09.9854,7,Non-alloy & other alloy quarto plates,Korea,0
2026-08-29,09.9855,7,Non-alloy & other alloy quarto plates,Indonesia,18206
2026-08-29,09.9856,7,Non-alloy & other alloy quarto plates,India,6209
2026-08-29,09.9857,7,Non-alloy & other alloy quarto plates,Japan,6875
2026-08-29,09.9858,7,Non-alloy & other alloy quarto plates,North Macedonia,0
2026-08-29,09.9859,7,Non-alloy & other alloy quarto plates,United Kingdom,546
2026-08-29,09.9509,7,Non-alloy & other alloy quarto plates,FTA Quota – CSQ,3438
2026-08-29,09.9609,7,Non-alloy & other alloy quarto plates,Other countries,0
2026-08-29,09.9727,7,Non-alloy & other alloy quarto plates,FTA Quota – Other countries,6855
2026-08-29,09.9728,7,Non-alloy & other alloy quarto plates,Türkiye,0
2026-08-29,09.9491,7,Non-alloy & other alloy quarto plates,United Kingdom (to Northern Ireland from other parts of the United Kingdom),2444
2026-08-29,09.9860,8,Stainless hot rolled sheets and strips,Taiwan,2039
2026-08-29,09.9861,8,Stainless hot rolled sheets and strips,Indonesia,8955
2026-08-29,09.9862,8,Stainless hot rolled sheets and strips,India,1697
2026-08-29,09.9863,8,Stainless hot rolled sheets and strips,China,2221
2026-08-29,09.9864,8,Stainless hot rolled sheets and strips,Korea,0
2026-08-29,09.9865,8,Stainless hot rolled sheets and strips,Türkiye,3430
2026-08-29,09.9866,8,Stainless hot rolled sheets and strips,South Africa,831
2026-08-29,09.9510,8,Stainless hot rolled sheets and strips,FTA Quota – CSQ,2720
2026-08-29,09.9610,8,Stainless hot rolled sheets and strips,Other countries,252
2026-08-29,09.9729,8,Stainless hot rolled sheets and strips,FTA Quota – Other countries,348
2026-08-29,09.9492,8,Stainless hot rolled sheets and strips,United Kingdom (to Northern Ireland from other parts of the United Kingdom),13
2026-08-29,09.9867,9,Stainless cold rolled sheets and strips,Taiwan,5431
2026-08-29,09.9868,9,Stainless cold rolled sheets and strips,China,6857
2026-08-29,09.9869,9,Stainless cold rolled sheets and strips,Korea,9294
2026-08-29,09.9870,9,Stainless cold rolled sheets and strips,Türkiye,6471
2026-08-29,09.9871,9,Stainless cold rolled sheets and strips,South Africa,7399
2026-08-29,09.9872,9,Stainless cold rolled sheets and strips,Viet Nam,5287
2026-08-29,09.9873,9,Stainless cold rolled sheets and strips,India,5215
2026-08-29,09.9511,9,Stainless cold rolled sheets and strips,FTA Quota – CSQ,9935
2026-08-29,09.9611,9,Stainless cold rolled sheets and strips,Other countries,1557
2026-08-29,09.9730,9,Stainless cold rolled sheets and strips,FTA Quota – Other countries,4492
2026-08-29,09.9731,9,Stainless cold rolled sheets and strips,Switzerland,93
2026-08-29,09.9493,9,Stainless cold rolled sheets and strips,United Kingdom (to Northern Ireland from other parts of the United Kingdom),28
2026-08-29,09.9874,10,Stainless hot rolled quarto plates,China,718
2026-08-29,09.9875,10,Stainless hot rolled quarto plates,India,416
2026-08-29,09.9876,10,Stainless hot rolled quarto plates,Korea,405
2026-08-29,09.9877,10,Stainless hot rolled quarto plates,South Africa,167
2026-08-29,09.9512,10,Stainless hot rolled quarto plates,FTA Quota – CSQ,279
2026-08-29,09.9612,10,Stainless hot rolled quarto plates,Other countries,138
2026-08-29,09.9732,10,Stainless hot rolled quarto plates,FTA Quota – Other countries,236
2026-08-29,09.9878,12,Non-alloy & other alloy merchant bars & light sections,China,7280
2026-08-29,09.9879,12,Non-alloy & other alloy merchant bars & light sections,Türkiye,26456
2026-08-29,09.9880,12,Non-alloy & other alloy merchant bars & light sections,United Kingdom,13260
2026-08-29,09.9881,12,Non-alloy & other alloy merchant bars & light sections,Switzerland,15134
2026-08-29,09.9882,12,Non-alloy & other alloy merchant bars & light sections,Korea,5574
2026-08-29,09.9883,12,Non-alloy & other alloy merchant bars & light sections,North Macedonia,4675
2026-08-29,09.9513,12,Non-alloy & other alloy merchant bars & light sections,FTA Quota – CSQ,14063
2026-08-29,09.9613,12,Non-alloy & other alloy merchant bars & light sections,Other countries,328
2026-08-29,09.9733,12,Non-alloy & other alloy merchant bars & light sections,FTA Quota – Other countries,9791
2026-08-29,09.9734,12,Non-alloy & other alloy merchant bars & light sections,Brazil,2740
2026-08-29,09.9735,12,Non-alloy & other alloy merchant bars & light sections,Egypt,26
2026-08-29,09.9884,13,Rebars,Türkiye,0
2026-08-29,09.9885,13,Rebars,Egypt,24779
2026-08-29,09.9886,13,Rebars,Algeria,0
2026-08-29,09.9887,13,Rebars,Moldova,4918
2026-08-29,09.9888,13,Rebars,China,4781
2026-08-29,09.9889,13,Rebars,Ukraine,4920
2026-08-29,09.9514,13,Rebars,FTA Quota – CSQ,0
2026-08-29,09.9614,13,Rebars,Other countries,12953
2026-08-29,09.9736,13,Rebars,FTA Quota – Other countries,9575
2026-08-29,09.9494,13,Rebars,United Kingdom (to Northern Ireland from other parts of the United Kingdom),5
2026-08-29,09.9890,14,Stainless bars and light sections,India,0
2026-08-29,09.9891,14,Stainless bars and light sections,Switzerland,278
2026-08-29,09.9892,14,Stainless bars and light sections,United Kingdom,838
2026-08-29,09.9893,14,Stainless bars and light sections,China,242
2026-08-29,09.9515,14,Stainless bars and light sections,FTA Quota – CSQ,0
2026-08-29,09.9615,14,Stainless bars and light sections,Other countries,9
2026-08-29,09.9737,14,Stainless bars and light sections,FTA Quota – Other countries,352
2026-08-29,09.9894,15,Stainless wire rod,India,1720
2026-08-29,09.9895,15,Stainless wire rod,Taiwan,41
2026-08-29,09.9896,15,Stainless wire rod,Korea,336
2026-08-29,09.9897,15,Stainless wire rod,United Kingdom,614
2026-08-29,09.9898,15,Stainless wire rod,China,328
2026-08-29,09.9899,15,Stainless wire rod,Japan,14
2026-08-29,09.9516,15,Stainless wire rod,FTA Quota – CSQ,810
2026-08-29,09.9616,15,Stainless wire rod,Other countries,73
2026-08-29,09.9738,15,Stainless wire rod,FTA Quota – Other countries,17
2026-08-29,09.9900,16,Non-alloy & other alloy wire rod,Türkiye,0
2026-08-29,09.9901,16,Non-alloy & other alloy wire rod,Malaysia,14251
2026-08-29,09.9902,16,Non-alloy & other alloy wire rod,United Kingdom,31183
2026-08-29,09.9903,16,Non-alloy & other alloy wire rod,Ukraine,3854
2026-08-29,09.9904,16,Non-alloy & other alloy wire rod,Switzerland,4715
2026-08-29,09.9905,16,Non-alloy & other alloy wire rod,Viet Nam,15389
2026-08-29,09.9906,16,Non-alloy & other alloy wire rod,Moldova,12629
2026-08-29,09.9907,16,Non-alloy & other alloy wire rod,Egypt,2166
2026-08-29,09.9517,16,Non-alloy & other alloy wire rod,FTA Quota – CSQ,0
2026-08-29,09.9617,16,Non-alloy & other alloy wire rod,Other countries,31030
2026-08-29,09.9739,16,Non-alloy & other alloy wire rod,FTA Quota – Other countries,29412
2026-08-29,09.9740,16,Non-alloy & other alloy wire rod,Korea,2608
2026-08-29,09.9741,16,Non-alloy & other alloy wire rod,Japan,572
2026-08-29,09.9908,17,"Angles, shapes and sections of iron/non-alloy steel",Türkiye,489
2026-08-29,09.9909,17,"Angles, shapes and sections of iron/non-alloy steel",United Kingdom,4049
2026-08-29,09.9910,17,"Angles, shapes and sections of iron/non-alloy steel",Switzerland,2589
2026-08-29,09.9911,17,"Angles, shapes and sections of iron/non-alloy steel",United Arab Emirates,1486
2026-08-29,09.9518,17,"Angles, shapes and sections of iron/non-alloy steel",FTA Quota – CSQ,3032
2026-08-29,09.9618,17,"Angles, shapes and sections of iron/non-alloy steel",Other countries,2105
2026-08-29,09.9742,17,"Angles, shapes and sections of iron/non-alloy steel",FTA Quota – Other countries,1026
2026-08-29,09.9743,17,"Angles, shapes and sections of iron/non-alloy steel",Korea,1245
2026-08-29,09.9495,17,"Angles, shapes and sections of iron/non-alloy steel",United Kingdom (to Northern Ireland from other parts of the United Kingdom),10619
2026-08-29,09.9912,18,Sheet piling,China,0
2026-08-29,09.9913,18,Sheet piling,United Arab Emirates,2
2026-08-29,09.9914,18,Sheet piling,United Kingdom,1583
2026-08-29,09.9519,18,Sheet piling,FTA Quota – CSQ,1234
2026-08-29,09.9619,18,Sheet piling,Other countries,0
2026-08-29,09.9744,18,Sheet piling,FTA Quota – Other countries,1342
2026-08-29,09.9915,19,Railway material,United Kingdom,47
2026-08-29,09.9916,19,Railway material,Türkiye,0
2026-08-29,09.9917,19,Railway material,China,0
2026-08-29,09.9520,19,Railway material,FTA Quota – CSQ,272
2026-08-29,09.9620,19,Railway material,Other countries,119
2026-08-29,09.9745,19,Railway material,FTA Quota – Other countries,140
2026-08-29,09.9918,20,Gas pipes,Türkiye,0
2026-08-29,09.9919,20,Gas pipes,India,0
2026-08-29,09.9920,20,Gas pipes,United Arab Emirates,2471
2026-08-29,09.9921,20,Gas pipes,North Macedonia,28
2026-08-29,09.9922,20,Gas pipes,United Kingdom,1572
2026-08-29,09.9521,20,Gas pipes,FTA Quota – CSQ,0
2026-08-29,09.9621,20,Gas pipes,Other countries,0
2026-08-29,09.9746,20,Gas pipes,FTA Quota – Other countries,492
2026-08-29,09.9923,21,Hollow sections,Türkiye,0
2026-08-29,09.9924,21,Hollow sections,United Kingdom,9873
2026-08-29,09.9925,21,Hollow sections,North Macedonia,0
2026-08-29,09.9926,21,Hollow sections,China,0
2026-08-29,09.9927,21,Hollow sections,Ukraine,0
2026-08-29,09.9522,21,Hollow sections,FTA Quota – CSQ,0
2026-08-29,09.9622,21,Hollow sections,Other countries,0
2026-08-29,09.9747,21,Hollow sections,FTA Quota – Other countries,0
2026-08-29,09.9748,21,Hollow sections,Switzerland,345
2026-08-29,09.9928,22,Seamless stainless tubes and pipes,India,0
2026-08-29,09.9929,22,Seamless stainless tubes and pipes,Ukraine,251
2026-08-29,09.9930,22,Seamless stainless tubes and pipes,China,44
2026-08-29,09.9931,22,Seamless stainless tubes and pipes,Korea,332
2026-08-29,09.9523,22,Seamless stainless tubes and pipes,FTA Quota – CSQ,0
2026-08-29,09.9623,22,Seamless stainless tubes and pipes,Other countries,0
2026-08-29,09.9749,22,Seamless stainless tubes and pipes,FTA Quota – Other countries,0
2026-08-29,09.9750,22,Seamless stainless tubes and pipes,Japan,0
2026-08-29,09.9932,24,Other seamless tubes,China,0
2026-08-29,09.9933,24,Other seamless tubes,Ukraine,0
2026-08-29,09.9934,24,Other seamless tubes,Brazil,4989
2026-08-29,09.9524,24,Other seamless tubes,FTA Quota – CSQ,2838
2026-08-29,09.9624,24,Other seamless tubes,Other countries,1750
2026-08-29,09.9751,24,Other seamless tubes,FTA Quota – Other countries,8439
2026-08-29,09.9752,24,Other seamless tubes,Argentina,973
2026-08-29,09.9753,24,Other seamless tubes,Singapore,110
2026-08-29,09.9935,25.A,Large welded tubes,Türkiye,1947
2026-08-29,09.9936,25.A,Large welded tubes,Israel,834
2026-08-29,09.9937,25.A,Large welded tubes,China,0
2026-08-29,09.9938,25.A,Large welded tubes,India,0
2026-08-29,09.9525,25.A,Large welded tubes,FTA Quota – CSQ,351
2026-08-29,09.9625,25.A,Large welded tubes,Other countries,0
2026-08-29,09.9754,25.A,Large welded tubes,FTA Quota – Other countries,584
2026-08-29,09.9496,25.A,Large welded tubes,United Kingdom (to Northern Ireland from other parts of the United Kingdom),14
2026-08-29,09.9939,25.B,Large welded tubes (line pipe),Türkiye,3563
2026-08-29,09.9940,25.B,Large welded tubes (line pipe),China,0
2026-08-29,09.9941,25.B,Large welded tubes (line pipe),United Kingdom,1190
2026-08-29,09.9942,25.B,Large welded tubes (line pipe),Algeria,0
2026-08-29,09.9526,25.B,Large welded tubes (line pipe),FTA Quota – CSQ,2030
2026-08-29,09.9626,25.B,Large welded tubes (line pipe),Other countries,0
2026-08-29,09.9755,25.B,Large welded tubes (line pipe),FTA Quota – Other countries,793
2026-08-29,09.9756,25.B,Large welded tubes (line pipe),Singapore,21
2026-08-29,09.9943,26,Other welded tubes,Türkiye,0
2026-08-29,09.9944,26,Other welded tubes,Switzerland,10341
2026-08-29,09.9945,26,Other welded tubes,China,0
2026-08-29,09.9946,26,Other welded tubes,India,0
2026-08-29,09.9947,26,Other welded tubes,United Kingdom,2110
2026-08-29,09.9948,26,Other welded tubes,Taiwan,0
2026-08-29,09.9527,26,Other welded tubes,FTA Quota – CSQ,0
2026-08-29,09.9627,26,Other welded tubes,Other countries,0
2026-08-29,09.9757,26,Other welded tubes,FTA Quota – Other countries,714
2026-08-29,09.9758,26,Other welded tubes,Singapore,0
2026-08-29,09.9949,27,Non-alloy & alloy cold finished bars,China,0
2026-08-29,09.9950,27,Non-alloy & alloy cold finished bars,Türkiye,852
2026-08-29,09.9951,27,Non-alloy & alloy cold finished bars,Switzerland,1921
2026-08-29,09.9952,27,Non-alloy & alloy cold finished bars,Ukraine,1191
2026-08-29,09.9528,27,Non-alloy & alloy cold finished bars,FTA Quota – CSQ,1491
2026-08-29,09.9628,27,Non-alloy & alloy cold finished bars,Other countries,0
2026-08-29,09.9759,27,Non-alloy & alloy cold finished bars,FTA Quota – Other countries,1343
2026-08-29,09.9953,27,Non-alloy & alloy cold finished bars,China,0
2026-08-29,09.9954,27,Non-alloy & alloy cold finished bars,Türkiye,0
2026-08-29,09.9955,27,Non-alloy & alloy cold finished bars,Ukraine,4704
2026-08-29,09.9529,27,Non-alloy & alloy cold finished bars,FTA Quota – CSQ,1797
2026-08-29,09.9629,27,Non-alloy & alloy cold finished bars,Other countries,0
2026-08-29,09.9760,27,Non-alloy & alloy cold finished bars,FTA Quota – Other countries,5318
2026-08-29,09.9497,27,Non-alloy & alloy cold finished bars,United Kingdom (to Northern Ireland from other parts of the United Kingdom),142
2026-08-30,09.9801,1.A,Non-alloy & other alloy hot rolled sheets/strips,Türkiye,0
2026-08-30,09.9802,1.A,Non-alloy & other alloy hot rolled sheets/strips,Japan,117544
2026-08-30,09.9803,1.A,Non-alloy & other alloy hot rolled sheets/strips,India,38357
2026-08-30,09.9804,1.A,Non-alloy & other alloy hot rolled sheets/strips,Taiwan,62665
2026-08-30,09.9805,1.A,Non-alloy & other alloy hot rolled sheets/strips,Ukraine,38401
2026-08-30,09.9806,1.A,Non-alloy & other alloy hot rolled sheets/strips,Korea,29197
2026-08-30,09.9807,1.A,Non-alloy & other alloy hot rolled sheets/strips,Viet Nam,44318
2026-08-30,09.9808,1.A,Non-alloy & other alloy hot rolled sheets/strips,Egypt,99362
2026-08-30,09.9809,1.A,Non-alloy & other alloy hot rolled sheets/strips,Serbia,33534
2026-08-30,09.9500,1.A,Non-alloy & other alloy hot rolled sheets/strips,FTA Quota – CSQ,0
2026-08-30,09.9701,1.A,Non-alloy & other alloy hot rolled sheets/strips,Brazil,42408
2026-08-30,09.9705,1.A,Non-alloy & other alloy hot rolled sheets/strips,United Kingdom,35385
2026-08-30,09.9702,1.A,Non-alloy & other alloy hot rolled sheets/strips,Indonesia,0
2026-08-30,09.9810,1.A,Non-alloy & other alloy hot rolled sheets/strips,Australia,0
2026-08-30,09.9811,1.A,Non-alloy & other alloy hot rolled sheets/strips,Saudi Arabia,9545
2026-08-30,09.9704,1.A,Non-alloy & other alloy hot rolled sheets/strips,Switzerland,5255
2026-08-30,09.9812,1.A,Non-alloy & other alloy hot rolled sheets/strips,Kazakhstan,2349
2026-08-30,09.9703,1.A,Non-alloy & other alloy hot rolled sheets/strips,North Macedonia,566
2026-08-30,09.9600,1.A,Non-alloy & other alloy hot rolled sheets/strips,Other countries,0
2026-08-30,09.9700,1.A,Non-alloy & other alloy hot rolled sheets/strips,FTA Quota – Other countries,0
2026-08-30,09.9813,1.B,Non-alloy & other alloy hot rolled sheets/strips (7212 60),United Kingdom,155
2026-08-30,09.9814,1.B,Non-alloy & other alloy hot rolled sheets/strips (7212 60),United States,0
2026-08-30,09.9815,1.B,Non-alloy & other alloy hot rolled sheets/strips (7212 60),Japan,71
2026-08-30,09.9816,1.B,Non-alloy & other alloy hot rolled sheets/strips (7212 60),China,20
2026-08-30,09.9501,1.B,Non-alloy & other alloy hot rolled sheets/strips (7212 60),FTA Quota – CSQ,107
2026-08-30,09.9601,1.B,Non-alloy & other alloy hot rolled sheets/strips (7212 60),Other countries,35
2026-08-30,09.9706,1.B,Non-alloy & other alloy hot rolled sheets/strips (7212 60),FTA Quota – Other countries,49
2026-08-30,09.9817,2,Non-alloy & other alloy cold rolled sheets,Taiwan,33504
2026-08-30,09.9818,2,Non-alloy & other alloy cold rolled sheets,India,36028
2026-08-30,09.9819,2,Non-alloy & other alloy cold rolled sheets,Korea,11917
2026-08-30,09.9820,2,Non-alloy & other alloy cold rolled sheets,Türkiye,36545
2026-08-30,09.9821,2,Non-alloy & other alloy cold rolled sheets,United Kingdom,19419
2026-08-30,09.9822,2,Non-alloy & other alloy cold rolled sheets,Japan,28778
2026-08-30,09.9823,2,Non-alloy & other alloy cold rolled sheets,Ukraine,1480
2026-08-30,09.9502,2,Non-alloy & other alloy cold rolled sheets,FTA Quota – CSQ,33671
2026-08-30,09.9602,2,Non-alloy & other alloy cold rolled sheets,Other countries,0
2026-08-30,09.9707,2,Non-alloy & other alloy cold rolled sheets,FTA Quota – Other countries,7611
2026-08-30,09.9709,2,Non-alloy & other alloy cold rolled sheets,Egypt,0
2026-08-30,09.9710,2,Non-alloy & other alloy cold rolled sheets,Switzerland,282
2026-08-30,09.9708,2,Non-alloy & other alloy cold rolled sheets,Brazil,0
2026-08-30,09.9824,3.A,Electrical sheets (non grain-oriented),Japan,78
2026-08-30,09.9825,3.A,Electrical sheets (non grain-oriented),United Kingdom,20
2026-08-30,09.9826,3.A,Electrical sheets (non grain-oriented),China,5
2026-08-30,09.9827,3.A,Electrical sheets (non grain-oriented),Türkiye,9
2026-08-30,09.9503,3.A,Electrical sheets (non grain-oriented),FTA Quota – CSQ,29
2026-08-30,09.9603,3.A,Electrical sheets (non grain-oriented),Other countries,7
2026-08-30,09.9711,3.A,Electrical sheets (non grain-oriented),FTA Quota – Other countries,5
2026-08-30,09.9828,3.B,Electrical sheets (grain-oriented),China,0
2026-08-30,09.9829,3.B,Electrical sheets (grain-oriented),Taiwan,3916
2026-08-30,09.9830,3.B,Electrical sheets (grain-oriented),Korea,9210
2026-08-30,09.9831,3.B,Electrical sheets (grain-oriented),Viet Nam,6925
2026-08-30,09.9504,3.B,Electrical sheets (grain-oriented),FTA Quota – CSQ,4217
2026-08-30,09.9604,3.B,Electrical sheets (grain-oriented),Other countries,1477
2026-08-30,09.9712,3.B,Electrical sheets (grain-oriented),FTA Quota – Other countries,4078
2026-08-30,09.9713,3.B,Electrical sheets (grain-oriented),Japan,476
2026-08-30,09.9832,4.A,Metallic coated sheets,Viet Nam,96356
2026-08-30,09.9833,4.A,Metallic coated sheets,Taiwan,2825
2026-08-30,09.9834,4.A,Metallic coated sheets,Türkiye,0
2026-08-30,09.9835,4.A,Metallic coated sheets,India,33005
2026-08-30,09.9836,4.A,Metallic coated sheets,Korea,4694
2026-08-30,09.9505,4.A,Metallic coated sheets,FTA Quota – CSQ,0
2026-08-30,09.9605,4.A,Metallic coated sheets,Other countries,0
2026-08-30,09.9714,4.A,Metallic coated sheets,FTA Quota – Other countries,0
2026-08-30,09.9718,4.A,Metallic coated sheets,United Kingdom,76
2026-08-30,09.9716,4.A,Metallic coated sheets,Japan,1
2026-08-30,09.9715,4.A,Metallic coated sheets,Egypt,0
2026-08-30,09.9717,4.A,Metallic coated sheets,South Africa,0
2026-08-30,09.9837,4.B,Metallic coated sheets (automotive),Korea,8053
2026-08-30,09.9838,4.B,Metallic coated sheets (automotive),China,0
2026-08-30,09.9839,4.B,Metallic coated sheets (automotive),United Kingdom,30838
2026-08-30,09.9840,4.B,Metallic coated sheets (automotive),Türkiye,0
2026-08-30,09.9841,4.B,Metallic coated sheets (automotive),India,21981
2026-08-30,09.9506,4.B,Metallic coated sheets (automotive),FTA Quota – CSQ,0
2026-08-30,09.9606,4.B,Metallic coated sheets (automotive),Other countries,0
2026-08-30,09.9719,4.B,Metallic coated sheets (automotive),FTA Quota – Other countries,0
2026-08-30,09.9720,4.B,Metallic coated sheets (automotive),Egypt,1616
2026-08-30,09.9721,4.B,Metallic coated sheets (automotive),Switzerland,0
2026-08-30,09.9842,5,Organic coated sheets,India,0
2026-08-30,09.9843,5,Organic coated sheets,Korea,0
2026-08-30,09.9844,5,Organic coated sheets,Viet Nam,3910
2026-08-30,09.9845,5,Organic coated sheets,Türkiye,0
2026-08-30,09.9846,5,Organic coated sheets,Taiwan,95
2026-08-30,09.9847,5,Organic coated sheets,United Kingdom,3541
2026-08-30,09.9507,5,Organic coated sheets,FTA Quota – CSQ,0
2026-08-30,09.9607,5,Organic coated sheets,Other countries,0
2026-08-30,09.9722,5,Organic coated sheets,FTA Quota – Other countries,1375
2026-08-30,09.9723,5,Organic coated sheets,North Macedonia,0
2026-08-30,09.9848,6,Tin mill products,China,29266
2026-08-30,09.9849,6,Tin mill products,Serbia,7970
2026-08-30,09.9850,6,Tin mill products,United Kingdom,6551
2026-08-30,09.9851,6,Tin mill products,Türkiye,11197
2026-08-30,09.9852,6,Tin mill products,Korea,7131
2026-08-30,09.9853,6,Tin mill products,India,5383
2026-08-30,09.9508,6,Tin mill products,FTA Quota – CSQ,11255
2026-08-30,09.9608,6,Tin mill products,Other countries,0
2026-08-30,09.9724,6,Tin mill products,FTA Quota – Other countries,4148
2026-08-30,09.9725,6,Tin mill products,Japan,0
2026-08-30,09.9726,6,Tin mill products,Singapore,21
2026-08-30,09.9854,7,Non-alloy & other alloy quarto plates,Korea,0
2026-08-30,09.9855,7,Non-alloy & other alloy quarto plates,Indonesia,18206
2026-08-30,09.9856,7,Non-alloy & other alloy quarto plates,India,6209
2026-08-30,09.9857,7,Non-alloy & other alloy quarto plates,Japan,6875
2026-08-30,09.9858,7,Non-alloy & other alloy quarto plates,North Macedonia,0
2026-08-30,09.9859,7,Non-alloy & other alloy quarto plates,United Kingdom,546
2026-08-30,09.9509,7,Non-alloy & other alloy quarto plates,FTA Quota – CSQ,3438
2026-08-30,09.9609,7,Non-alloy & other alloy quarto plates,Other countries,0
2026-08-30,09.9727,7,Non-alloy & other alloy quarto plates,FTA Quota – Other countries,6855
2026-08-30,09.9728,7,Non-alloy & other alloy quarto plates,Türkiye,0
2026-08-30,09.9491,7,Non-alloy & other alloy quarto plates,United Kingdom (to Northern Ireland from other parts of the United Kingdom),2444
2026-08-30,09.9860,8,Stainless hot rolled sheets and strips,Taiwan,2039
2026-08-30,09.9861,8,Stainless hot rolled sheets and strips,Indonesia,8955
2026-08-30,09.9862,8,Stainless hot rolled sheets and strips,India,1697
2026-08-30,09.9863,8,Stainless hot rolled sheets and strips,China,2221
2026-08-30,09.9864,8,Stainless hot rolled sheets and strips,Korea,0
2026-08-30,09.9865,8,Stainless hot rolled sheets and strips,Türkiye,3430
2026-08-30,09.9866,8,Stainless hot rolled sheets and strips,South Africa,831
2026-08-30,09.9510,8,Stainless hot rolled sheets and strips,FTA Quota – CSQ,2720
2026-08-30,09.9610,8,Stainless hot rolled sheets and strips,Other countries,252
2026-08-30,09.9729,8,Stainless hot rolled sheets and strips,FTA Quota – Other countries,348
2026-08-30,09.9492,8,Stainless hot rolled sheets and strips,United Kingdom (to Northern Ireland from other parts of the United Kingdom),13
2026-08-30,09.9867,9,Stainless cold rolled sheets and strips,Taiwan,5431
2026-08-30,09.9868,9,Stainless cold rolled sheets and strips,China,6857
2026-08-30,09.9869,9,Stainless cold rolled sheets and strips,Korea,9294
2026-08-30,09.9870,9,Stainless cold rolled sheets and strips,Türkiye,6471
2026-08-30,09.9871,9,Stainless cold rolled sheets and strips,South Africa,7399
2026-08-30,09.9872,9,Stainless cold rolled sheets and strips,Viet Nam,5287
2026-08-30,09.9873,9,Stainless cold rolled sheets and strips,India,5215
2026-08-30,09.9511,9,Stainless cold rolled sheets and strips,FTA Quota – CSQ,9935
2026-08-30,09.9611,9,Stainless cold rolled sheets and strips,Other countries,1557
2026-08-30,09.9730,9,Stainless cold rolled sheets and strips,FTA Quota – Other countries,4492
2026-08-30,09.9731,9,Stainless cold rolled sheets and strips,Switzerland,93
2026-08-30,09.9493,9,Stainless cold rolled sheets and strips,United Kingdom (to Northern Ireland from other parts of the United Kingdom),28
2026-08-30,09.9874,10,Stainless hot rolled quarto plates,China,718
2026-08-30,09.9875,10,Stainless hot rolled quarto plates,India,416
2026-08-30,09.9876,10,Stainless hot rolled quarto plates,Korea,405
2026-08-30,09.9877,10,Stainless hot rolled quarto plates,South Africa,167
2026-08-30,09.9512,10,Stainless hot rolled quarto plates,FTA Quota – CSQ,279
2026-08-30,09.9612,10,Stainless hot rolled quarto plates,Other countries,138
2026-08-30,09.9732,10,Stainless hot rolled quarto plates,FTA Quota – Other countries,236
2026-08-30,09.9878,12,Non-alloy & other alloy merchant bars & light sections,China,7280
2026-08-30,09.9879,12,Non-alloy & other alloy merchant bars & light sections,Türkiye,26456
2026-08-30,09.9880,12,Non-alloy & other alloy merchant bars & light sections,United Kingdom,13260
2026-08-30,09.9881,12,Non-alloy & other alloy merchant bars & light sections,Switzerland,15134
2026-08-30,09.9882,12,Non-alloy & other alloy merchant bars & light sections,Korea,5574
2026-08-30,09.9883,12,Non-alloy & other alloy merchant bars & light sections,North Macedonia,4675
2026-08-30,09.9513,12,Non-alloy & other alloy merchant bars & light sections,FTA Quota – CSQ,14063
2026-08-30,09.9613,12,Non-alloy & other alloy merchant bars & light sections,Other countries,328
2026-08-30,09.9733,12,Non-alloy & other alloy merchant bars & light sections,FTA Quota – Other countries,9791
2026-08-30,09.9734,12,Non-alloy & other alloy merchant bars & light sections,Brazil,2740
2026-08-30,09.9735,12,Non-alloy & other alloy merchant bars & light sections,Egypt,26
2026-08-30,09.9884,13,Rebars,Türkiye,0
2026-08-30,09.9885,13,Rebars,Egypt,24779
2026-08-30,09.9886,13,Rebars,Algeria,0
2026-08-30,09.9887,13,Rebars,Moldova,4918
2026-08-30,09.9888,13,Rebars,China,4781
2026-08-30,09.9889,13,Rebars,Ukraine,4920
2026-08-30,09.9514,13,Rebars,FTA Quota – CSQ,0
2026-08-30,09.9614,13,Rebars,Other countries,12953
2026-08-30,09.9736,13,Rebars,FTA Quota – Other countries,9575
2026-08-30,09.9494,13,Rebars,United Kingdom (to Northern Ireland from other parts of the United Kingdom),5
2026-08-30,09.9890,14,Stainless bars and light sections,India,0
2026-08-30,09.9891,14,Stainless bars and light sections,Switzerland,278
2026-08-30,09.9892,14,Stainless bars and light sections,United Kingdom,838
2026-08-30,09.9893,14,Stainless bars and light sections,China,242
2026-08-30,09.9515,14,Stainless bars and light sections,FTA Quota – CSQ,0
2026-08-30,09.9615,14,Stainless bars and light sections,Other countries,9
2026-08-30,09.9737,14,Stainless bars and light sections,FTA Quota – Other countries,352
2026-08-30,09.9894,15,Stainless wire rod,India,1720
2026-08-30,09.9895,15,Stainless wire rod,Taiwan,41
2026-08-30,09.9896,15,Stainless wire rod,Korea,336
2026-08-30,09.9897,15,Stainless wire rod,United Kingdom,614
2026-08-30,09.9898,15,Stainless wire rod,China,328
2026-08-30,09.9899,15,Stainless wire rod,Japan,14
2026-08-30,09.9516,15,Stainless wire rod,FTA Quota – CSQ,810
2026-08-30,09.9616,15,Stainless wire rod,Other countries,73
2026-08-30,09.9738,15,Stainless wire rod,FTA Quota – Other countries,17
2026-08-30,09.9900,16,Non-alloy & other alloy wire rod,Türkiye,0
2026-08-30,09.9901,16,Non-alloy & other alloy wire rod,Malaysia,14251
2026-08-30,09.9902,16,Non-alloy & other alloy wire rod,United Kingdom,31183
2026-08-30,09.9903,16,Non-alloy & other alloy wire rod,Ukraine,3854
2026-08-30,09.9904,16,Non-alloy & other alloy wire rod,Switzerland,4715
2026-08-30,09.9905,16,Non-alloy & other alloy wire rod,Viet Nam,15389
2026-08-30,09.9906,16,Non-alloy & other alloy wire rod,Moldova,12629
2026-08-30,09.9907,16,Non-alloy & other alloy wire rod,Egypt,2166
2026-08-30,09.9517,16,Non-alloy & other alloy wire rod,FTA Quota – CSQ,0
2026-08-30,09.9617,16,Non-alloy & other alloy wire rod,Other countries,31030
2026-08-30,09.9739,16,Non-alloy & other alloy wire rod,FTA Quota – Other countries,29412
2026-08-30,09.9740,16,Non-alloy & other alloy wire rod,Korea,2608
2026-08-30,09.9741,16,Non-alloy & other alloy wire rod,Japan,572
2026-08-30,09.9908,17,"Angles, shapes and sections of iron/non-alloy steel",Türkiye,489
2026-08-30,09.9909,17,"Angles, shapes and sections of iron/non-alloy steel",United Kingdom,4049
2026-08-30,09.9910,17,"Angles, shapes and sections of iron/non-alloy steel",Switzerland,2589
2026-08-30,09.9911,17,"Angles, shapes and sections of iron/non-alloy steel",United Arab Emirates,1486
2026-08-30,09.9518,17,"Angles, shapes and sections of iron/non-alloy steel",FTA Quota – CSQ,3032
2026-08-30,09.9618,17,"Angles, shapes and sections of iron/non-alloy steel",Other countries,2105
2026-08-30,09.9742,17,"Angles, shapes and sections of iron/non-alloy steel",FTA Quota – Other countries,1026
2026-08-30,09.9743,17,"Angles, shapes and sections of iron/non-alloy steel",Korea,1245
2026-08-30,09.9495,17,"Angles, shapes and sections of iron/non-alloy steel",United Kingdom (to Northern Ireland from other parts of the United Kingdom),10619
2026-08-30,09.9912,18,Sheet piling,China,0
2026-08-30,09.9913,18,Sheet piling,United Arab Emirates,2
2026-08-30,09.9914,18,Sheet piling,United Kingdom,1583
2026-08-30,09.9519,18,Sheet piling,FTA Quota – CSQ,1234
2026-08-30,09.9619,18,Sheet piling,Other countries,0
2026-08-30,09.9744,18,Sheet piling,FTA Quota – Other countries,1342
2026-08-30,09.9915,19,Railway material,United Kingdom,47
2026-08-30,09.9916,19,Railway material,Türkiye,0
2026-08-30,09.9917,19,Railway material,China,0
2026-08-30,09.9520,19,Railway material,FTA Quota – CSQ,272
2026-08-30,09.9620,19,Railway material,Other countries,119
2026-08-30,09.9745,19,Railway material,FTA Quota – Other countries,140
2026-08-30,09.9918,20,Gas pipes,Türkiye,0
2026-08-30,09.9919,20,Gas pipes,India,0
2026-08-30,09.9920,20,Gas pipes,United Arab Emirates,2471
2026-08-30,09.9921,20,Gas pipes,North Macedonia,28
2026-08-30,09.9922,20,Gas pipes,United Kingdom,1572
2026-08-30,09.9521,20,Gas pipes,FTA Quota – CSQ,0
2026-08-30,09.9621,20,Gas pipes,Other countries,0
2026-08-30,09.9746,20,Gas pipes,FTA Quota – Other countries,492
2026-08-30,09.9923,21,Hollow sections,Türkiye,0
2026-08-30,09.9924,21,Hollow sections,United Kingdom,9873
2026-08-30,09.9925,21,Hollow sections,North Macedonia,0
2026-08-30,09.9926,21,Hollow sections,China,0
2026-08-30,09.9927,21,Hollow sections,Ukraine,0
2026-08-30,09.9522,21,Hollow sections,FTA Quota – CSQ,0
2026-08-30,09.9622,21,Hollow sections,Other countries,0
2026-08-30,09.9747,21,Hollow sections,FTA Quota – Other countries,0
2026-08-30,09.9748,21,Hollow sections,Switzerland,345
2026-08-30,09.9928,22,Seamless stainless tubes and pipes,India,0
2026-08-30,09.9929,22,Seamless stainless tubes and pipes,Ukraine,251
2026-08-30,09.9930,22,Seamless stainless tubes and pipes,China,44
2026-08-30,09.9931,22,Seamless stainless tubes and pipes,Korea,332
2026-08-30,09.9523,22,Seamless stainless tubes and pipes,FTA Quota – CSQ,0
2026-08-30,09.9623,22,Seamless stainless tubes and pipes,Other countries,0
2026-08-30,09.9749,22,Seamless stainless tubes and pipes,FTA Quota – Other countries,0
2026-08-30,09.9750,22,Seamless stainless tubes and pipes,Japan,0
2026-08-30,09.9932,24,Other seamless tubes,China,0
2026-08-30,09.9933,24,Other seamless tubes,Ukraine,0
2026-08-30,09.9934,24,Other seamless tubes,Brazil,4989
2026-08-30,09.9524,24,Other seamless tubes,FTA Quota – CSQ,2838
2026-08-30,09.9624,24,Other seamless tubes,Other countries,1750
2026-08-30,09.9751,24,Other seamless tubes,FTA Quota – Other countries,8439
2026-08-30,09.9752,24,Other seamless tubes,Argentina,973
2026-08-30,09.9753,24,Other seamless tubes,Singapore,110
2026-08-30,09.9935,25.A,Large welded tubes,Türkiye,1947
2026-08-30,09.9936,25.A,Large welded tubes,Israel,834
2026-08-30,09.9937,25.A,Large welded tubes,China,0
2026-08-30,09.9938,25.A,Large welded tubes,India,0
2026-08-30,09.9525,25.A,Large welded tubes,FTA Quota – CSQ,351
2026-08-30,09.9625,25.A,Large welded tubes,Other countries,0
2026-08-30,09.9754,25.A,Large welded tubes,FTA Quota – Other countries,584
2026-08-30,09.9496,25.A,Large welded tubes,United Kingdom (to Northern Ireland from other parts of the United Kingdom),14
2026-08-30,09.9939,25.B,Large welded tubes (line pipe),Türkiye,3563
2026-08-30,09.9940,25.B,Large welded tubes (line pipe),China,0
2026-08-30,09.9941,25.B,Large welded tubes (line pipe),United Kingdom,1190
2026-08-30,09.9942,25.B,Large welded tubes (line pipe),Algeria,0
2026-08-30,09.9526,25.B,Large welded tubes (line pipe),FTA Quota – CSQ,2030
2026-08-30,09.9626,25.B,Large welded tubes (line pipe),Other countries,0
2026-08-30,09.9755,25.B,Large welded tubes (line pipe),FTA Quota – Other countries,793
2026-08-30,09.9756,25.B,Large welded tubes (line pipe),Singapore,21
2026-08-30,09.9943,26,Other welded tubes,Türkiye,0
2026-08-30,09.9944,26,Other welded tubes,Switzerland,10341
2026-08-30,09.9945,26,Other welded tubes,China,0
2026-08-30,09.9946,26,Other welded tubes,India,0
2026-08-30,09.9947,26,Other welded tubes,United Kingdom,2110
2026-08-30,09.9948,26,Other welded tubes,Taiwan,0
2026-08-30,09.9527,26,Other welded tubes,FTA Quota – CSQ,0
2026-08-30,09.9627,26,Other welded tubes,Other countries,0
2026-08-30,09.9757,26,Other welded tubes,FTA Quota – Other countries,714
2026-08-30,09.9758,26,Other welded tubes,Singapore,0
2026-08-30,09.9949,27,Non-alloy & alloy cold finished bars,China,0
2026-08-30,09.9950,27,Non-alloy & alloy cold finished bars,Türkiye,852
2026-08-30,09.9951,27,Non-alloy & alloy cold finished bars,Switzerland,1921
2026-08-30,09.9952,27,Non-alloy & alloy cold finished bars,Ukraine,1191
2026-08-30,09.9528,27,Non-alloy & alloy cold finished bars,FTA Quota – CSQ,1491
2026-08-30,09.9628,27,Non-alloy & alloy cold finished bars,Other countries,0
2026-08-30,09.9759,27,Non-alloy & alloy cold finished bars,FTA Quota – Other countries,1343
2026-08-30,09.9953,27,Non-alloy & alloy cold finished bars,China,0
2026-08-30,09.9954,27,Non-alloy & alloy cold finished bars,Türkiye,0
2026-08-30,09.9955,27,Non-alloy & alloy cold finished bars,Ukraine,4704
2026-08-30,09.9529,27,Non-alloy & alloy cold finished bars,FTA Quota – CSQ,1797
2026-08-30,09.9629,27,Non-alloy & alloy cold finished bars,Other countries,0
2026-08-30,09.9760,27,Non-alloy & alloy cold finished bars,FTA Quota – Other countries,5318
2026-08-30,09.9497,27,Non-alloy & alloy cold finished bars,United Kingdom (to Northern Ireland from other parts of the United Kingdom),142
2026-08-31,09.9801,1.A,Non-alloy & other alloy hot rolled sheets/strips,Türkiye,0
2026-08-31,09.9802,1.A,Non-alloy & other alloy hot rolled sheets/strips,Japan,117544
2026-08-31,09.9803,1.A,Non-alloy & other alloy hot rolled sheets/strips,India,38357
2026-08-31,09.9804,1.A,Non-alloy & other alloy hot rolled sheets/strips,Taiwan,62665
2026-08-31,09.9805,1.A,Non-alloy & other alloy hot rolled sheets/strips,Ukraine,38392
2026-08-31,09.9806,1.A,Non-alloy & other alloy hot rolled sheets/strips,Korea,29197
2026-08-31,09.9807,1.A,Non-alloy & other alloy hot rolled sheets/strips,Viet Nam,44318
2026-08-31,09.9808,1.A,Non-alloy & other alloy hot rolled sheets/strips,Egypt,99362
2026-08-31,09.9809,1.A,Non-alloy & other alloy hot rolled sheets/strips,Serbia,33412
2026-08-31,09.9500,1.A,Non-alloy & other alloy hot rolled sheets/strips,FTA Quota – CSQ,0
2026-08-31,09.9701,1.A,Non-alloy & other alloy hot rolled sheets/strips,Brazil,42388
2026-08-31,09.9705,1.A,Non-alloy & other alloy hot rolled sheets/strips,United Kingdom,35313
2026-08-31,09.9702,1.A,Non-alloy & other alloy hot rolled sheets/strips,Indonesia,0
2026-08-31,09.9810,1.A,Non-alloy & other alloy hot rolled sheets/strips,Australia,0
2026-08-31,09.9811,1.A,Non-alloy & other alloy hot rolled sheets/strips,Saudi Arabia,9545
2026-08-31,09.9704,1.A,Non-alloy & other alloy hot rolled sheets/strips,Switzerland,5254
2026-08-31,09.9812,1.A,Non-alloy & other alloy hot rolled sheets/strips,Kazakhstan,2349
2026-08-31,09.9703,1.A,Non-alloy & other alloy hot rolled sheets/strips,North Macedonia,562
2026-08-31,09.9600,1.A,Non-alloy & other alloy hot rolled sheets/strips,Other countries,0
2026-08-31,09.9700,1.A,Non-alloy & other alloy hot rolled sheets/strips,FTA Quota – Other countries,0
2026-08-31,09.9813,1.B,Non-alloy & other alloy hot rolled sheets/strips (7212 60),United Kingdom,155
2026-08-31,09.9814,1.B,Non-alloy & other alloy hot rolled sheets/strips (7212 60),United States,0
2026-08-31,09.9815,1.B,Non-alloy & other alloy hot rolled sheets/strips (7212 60),Japan,57
2026-08-31,09.9816,1.B,Non-alloy & other alloy hot rolled sheets/strips (7212 60),China,20
2026-08-31,09.9501,1.B,Non-alloy & other alloy hot rolled sheets/strips (7212 60),FTA Quota – CSQ,107
2026-08-31,09.9601,1.B,Non-alloy & other alloy hot rolled sheets/strips (7212 60),Other countries,35
2026-08-31,09.9706,1.B,Non-alloy & other alloy hot rolled sheets/strips (7212 60),FTA Quota – Other countries,49
2026-08-31,09.9817,2,Non-alloy & other alloy cold rolled sheets,Taiwan,33504
2026-08-31,09.9818,2,Non-alloy & other alloy cold rolled sheets,India,35981
2026-08-31,09.9819,2,Non-alloy & other alloy cold rolled sheets,Korea,11908
2026-08-31,09.9820,2,Non-alloy & other alloy cold rolled sheets,Türkiye,36523
2026-08-31,09.9821,2,Non-alloy & other alloy cold rolled sheets,United Kingdom,19419
2026-08-31,09.9822,2,Non-alloy & other alloy cold rolled sheets,Japan,28774
2026-08-31,09.9823,2,Non-alloy & other alloy cold rolled sheets,Ukraine,1480
2026-08-31,09.9502,2,Non-alloy & other alloy cold rolled sheets,FTA Quota – CSQ,33671
2026-08-31,09.9602,2,Non-alloy & other alloy cold rolled sheets,Other countries,0
2026-08-31,09.9707,2,Non-alloy & other alloy cold rolled sheets,FTA Quota – Other countries,7611
2026-08-31,09.9709,2,Non-alloy & other alloy cold rolled sheets,Egypt,0
2026-08-31,09.9710,2,Non-alloy & other alloy cold rolled sheets,Switzerland,245
2026-08-31,09.9708,2,Non-alloy & other alloy cold rolled sheets,Brazil,0
2026-08-31,09.9824,3.A,Electrical sheets (non grain-oriented),Japan,78
2026-08-31,09.9825,3.A,Electrical sheets (non grain-oriented),United Kingdom,20
2026-08-31,09.9826,3.A,Electrical sheets (non grain-oriented),China,5
2026-08-31,09.9827,3.A,Electrical sheets (non grain-oriented),Türkiye,9
2026-08-31,09.9503,3.A,Electrical sheets (non grain-oriented),FTA Quota – CSQ,29
2026-08-31,09.9603,3.A,Electrical sheets (non grain-oriented),Other countries,7
2026-08-31,09.9711,3.A,Electrical sheets (non grain-oriented),FTA Quota – Other countries,5
2026-08-31,09.9828,3.B,Electrical sheets (grain-oriented),China,0
2026-08-31,09.9829,3.B,Electrical sheets (grain-oriented),Taiwan,3916
2026-08-31,09.9830,3.B,Electrical sheets (grain-oriented),Korea,9188
2026-08-31,09.9831,3.B,Electrical sheets (grain-oriented),Viet Nam,6925
2026-08-31,09.9504,3.B,Electrical sheets (grain-oriented),FTA Quota – CSQ,4217
2026-08-31,09.9604,3.B,Electrical sheets (grain-oriented),Other countries,1477
2026-08-31,09.9712,3.B,Electrical sheets (grain-oriented),FTA Quota – Other countries,4078
2026-08-31,09.9713,3.B,Electrical sheets (grain-oriented),Japan,476
2026-08-31,09.9832,4.A,Metallic coated sheets,Viet Nam,96328
2026-08-31,09.9833,4.A,Metallic coated sheets,Taiwan,2825
2026-08-31,09.9834,4.A,Metallic coated sheets,Türkiye,0
2026-08-31,09.9835,4.A,Metallic coated sheets,India,32711
2026-08-31,09.9836,4.A,Metallic coated sheets,Korea,4647
2026-08-31,09.9505,4.A,Metallic coated sheets,FTA Quota – CSQ,0
2026-08-31,09.9605,4.A,Metallic coated sheets,Other countries,0
2026-08-31,09.9714,4.A,Metallic coated sheets,FTA Quota – Other countries,0
2026-08-31,09.9718,4.A,Metallic coated sheets,United Kingdom,65
2026-08-31,09.9716,4.A,Metallic coated sheets,Japan,1
2026-08-31,09.9715,4.A,Metallic coated sheets,Egypt,0
2026-08-31,09.9717,4.A,Metallic coated sheets,South Africa,0
2026-08-31,09.9837,4.B,Metallic coated sheets (automotive),Korea,8053
2026-08-31,09.9838,4.B,Metallic coated sheets (automotive),China,0
2026-08-31,09.9839,4.B,Metallic coated sheets (automotive),United Kingdom,30792
2026-08-31,09.9840,4.B,Metallic coated sheets (automotive),Türkiye,0
2026-08-31,09.9841,4.B,Metallic coated sheets (automotive),India,21052
2026-08-31,09.9506,4.B,Metallic coated sheets (automotive),FTA Quota – CSQ,0
2026-08-31,09.9606,4.B,Metallic coated sheets (automotive),Other countries,0
2026-08-31,09.9719,4.B,Metallic coated sheets (automotive),FTA Quota – Other countries,0
2026-08-31,09.9720,4.B,Metallic coated sheets (automotive),Egypt,1595
2026-08-31,09.9721,4.B,Metallic coated sheets (automotive),Switzerland,0
2026-08-31,09.9842,5,Organic coated sheets,India,0
2026-08-31,09.9843,5,Organic coated sheets,Korea,0
2026-08-31,09.9844,5,Organic coated sheets,Viet Nam,3908
2026-08-31,09.9845,5,Organic coated sheets,Türkiye,0
2026-08-31,09.9846,5,Organic coated sheets,Taiwan,95
2026-08-31,09.9847,5,Organic coated sheets,United Kingdom,3313
2026-08-31,09.9507,5,Organic coated sheets,FTA Quota – CSQ,0
2026-08-31,09.9607,5,Organic coated sheets,Other countries,0
2026-08-31,09.9722,5,Organic coated sheets,FTA Quota – Other countries,1372
2026-08-31,09.9723,5,Organic coated sheets,North Macedonia,0
2026-08-31,09.9848,6,Tin mill products,China,28924
2026-08-31,09.9849,6,Tin mill products,Serbia,7832
2026-08-31,09.9850,6,Tin mill products,United Kingdom,6458
2026-08-31,09.9851,6,Tin mill products,Türkiye,11197
2026-08-31,09.9852,6,Tin mill products,Korea,7110
2026-08-31,09.9853,6,Tin mill products,India,5383
2026-08-31,09.9508,6,Tin mill products,FTA Quota – CSQ,11255
2026-08-31,09.9608,6,Tin mill products,Other countries,0
2026-08-31,09.9724,6,Tin mill products,FTA Quota – Other countries,3711
2026-08-31,09.9725,6,Tin mill products,Japan,0
2026-08-31,09.9726,6,Tin mill products,Singapore,21
2026-08-31,09.9854,7,Non-alloy & other alloy quarto plates,Korea,0
2026-08-31,09.9855,7,Non-alloy & other alloy quarto plates,Indonesia,18206
2026-08-31,09.9856,7,Non-alloy & other alloy quarto plates,India,6209
2026-08-31,09.9857,7,Non-alloy & other alloy quarto plates,Japan,6875
2026-08-31,09.9858,7,Non-alloy & other alloy quarto plates,North Macedonia,0
2026-08-31,09.9859,7,Non-alloy & other alloy quarto plates,United Kingdom,254
2026-08-31,09.9509,7,Non-alloy & other alloy quarto plates,FTA Quota – CSQ,2167
2026-08-31,09.9609,7,Non-alloy & other alloy quarto plates,Other countries,0
2026-08-31,09.9727,7,Non-alloy & other alloy quarto plates,FTA Quota – Other countries,6855
2026-08-31,09.9728,7,Non-alloy & other alloy quarto plates,Türkiye,0
2026-08-31,09.9491,7,Non-alloy & other alloy quarto plates,United Kingdom (to Northern Ireland from other parts of the United Kingdom),2383
2026-08-31,09.9860,8,Stainless hot rolled sheets and strips,Taiwan,2038
2026-08-31,09.9861,8,Stainless hot rolled sheets and strips,Indonesia,8955
2026-08-31,09.9862,8,Stainless hot rolled sheets and strips,India,1696
2026-08-31,09.9863,8,Stainless hot rolled sheets and strips,China,2190
2026-08-31,09.9864,8,Stainless hot rolled sheets and strips,Korea,0
2026-08-31,09.9865,8,Stainless hot rolled sheets and strips,Türkiye,3430
2026-08-31,09.9866,8,Stainless hot rolled sheets and strips,South Africa,831
2026-08-31,09.9510,8,Stainless hot rolled sheets and strips,FTA Quota – CSQ,2720
2026-08-31,09.9610,8,Stainless hot rolled sheets and strips,Other countries,251
2026-08-31,09.9729,8,Stainless hot rolled sheets and strips,FTA Quota – Other countries,348
2026-08-31,09.9492,8,Stainless hot rolled sheets and strips,United Kingdom (to Northern Ireland from other parts of the United Kingdom),13
2026-08-31,09.9867,9,Stainless cold rolled sheets and strips,Taiwan,5316
2026-08-31,09.9868,9,Stainless cold rolled sheets and strips,China,6851
2026-08-31,09.9869,9,Stainless cold rolled sheets and strips,Korea,8924
2026-08-31,09.9870,9,Stainless cold rolled sheets and strips,Türkiye,6471
2026-08-31,09.9871,9,Stainless cold rolled sheets and strips,South Africa,7206
2026-08-31,09.9872,9,Stainless cold rolled sheets and strips,Viet Nam,5287
2026-08-31,09.9873,9,Stainless cold rolled sheets and strips,India,4835
2026-08-31,09.9511,9,Stainless cold rolled sheets and strips,FTA Quota – CSQ,9935
2026-08-31,09.9611,9,Stainless cold rolled sheets and strips,Other countries,751
2026-08-31,09.9730,9,Stainless cold rolled sheets and strips,FTA Quota – Other countries,4488
2026-08-31,09.9731,9,Stainless cold rolled sheets and strips,Switzerland,90
2026-08-31,09.9493,9,Stainless cold rolled sheets and strips,United Kingdom (to Northern Ireland from other parts of the United Kingdom),28
2026-08-31,09.9874,10,Stainless hot rolled quarto plates,China,718
2026-08-31,09.9875,10,Stainless hot rolled quarto plates,India,416
2026-08-31,09.9876,10,Stainless hot rolled quarto plates,Korea,405
2026-08-31,09.9877,10,Stainless hot rolled quarto plates,South Africa,167
2026-08-31,09.9512,10,Stainless hot rolled quarto plates,FTA Quota – CSQ,279
2026-08-31,09.9612,10,Stainless hot rolled quarto plates,Other countries,136
2026-08-31,09.9732,10,Stainless hot rolled quarto plates,FTA Quota – Other countries,236
2026-08-31,09.9878,12,Non-alloy & other alloy merchant bars & light sections,China,6578
2026-08-31,09.9879,12,Non-alloy & other alloy merchant bars & light sections,Türkiye,26316
2026-08-31,09.9880,12,Non-alloy & other alloy merchant bars & light sections,United Kingdom,13104
2026-08-31,09.9881,12,Non-alloy & other alloy merchant bars & light sections,Switzerland,14925
2026-08-31,09.9882,12,Non-alloy & other alloy merchant bars & light sections,Korea,5574
2026-08-31,09.9883,12,Non-alloy & other alloy merchant bars & light sections,North Macedonia,4556
2026-08-31,09.9513,12,Non-alloy & other alloy merchant bars & light sections,FTA Quota – CSQ,14063
2026-08-31,09.9613,12,Non-alloy & other alloy merchant bars & light sections,Other countries,319
2026-08-31,09.9733,12,Non-alloy & other alloy merchant bars & light sections,FTA Quota – Other countries,9623
2026-08-31,09.9734,12,Non-alloy & other alloy merchant bars & light sections,Brazil,2737
2026-08-31,09.9735,12,Non-alloy & other alloy merchant bars & light sections,Egypt,26
2026-08-31,09.9884,13,Rebars,Türkiye,0
2026-08-31,09.9885,13,Rebars,Egypt,24779
2026-08-31,09.9886,13,Rebars,Algeria,0
2026-08-31,09.9887,13,Rebars,Moldova,4918
2026-08-31,09.9888,13,Rebars,China,4781
2026-08-31,09.9889,13,Rebars,Ukraine,4920
2026-08-31,09.9514,13,Rebars,FTA Quota – CSQ,0
2026-08-31,09.9614,13,Rebars,Other countries,12953
2026-08-31,09.9736,13,Rebars,FTA Quota – Other countries,9575
2026-08-31,09.9494,13,Rebars,United Kingdom (to Northern Ireland from other parts of the United Kingdom),5
2026-08-31,09.9890,14,Stainless bars and light sections,India,0
2026-08-31,09.9891,14,Stainless bars and light sections,Switzerland,274
2026-08-31,09.9892,14,Stainless bars and light sections,United Kingdom,833
2026-08-31,09.9893,14,Stainless bars and light sections,China,242
2026-08-31,09.9515,14,Stainless bars and light sections,FTA Quota – CSQ,0
2026-08-31,09.9615,14,Stainless bars and light sections,Other countries,0
2026-08-31,09.9737,14,Stainless bars and light sections,FTA Quota – Other countries,330
2026-08-31,09.9894,15,Stainless wire rod,India,1696
2026-08-31,09.9895,15,Stainless wire rod,Taiwan,41
2026-08-31,09.9896,15,Stainless wire rod,Korea,318
2026-08-31,09.9897,15,Stainless wire rod,United Kingdom,614
2026-08-31,09.9898,15,Stainless wire rod,China,328
2026-08-31,09.9899,15,Stainless wire rod,Japan,14
2026-08-31,09.9516,15,Stainless wire rod,FTA Quota – CSQ,810
2026-08-31,09.9616,15,Stainless wire rod,Other countries,73
2026-08-31,09.9738,15,Stainless wire rod,FTA Quota – Other countries,17
2026-08-31,09.9900,16,Non-alloy & other alloy wire rod,Türkiye,0
2026-08-31,09.9901,16,Non-alloy & other alloy wire rod,Malaysia,14251
2026-08-31,09.9902,16,Non-alloy & other alloy wire rod,United Kingdom,30967
2026-08-31,09.9903,16,Non-alloy & other alloy wire rod,Ukraine,3832
2026-08-31,09.9904,16,Non-alloy & other alloy wire rod,Switzerland,3198
2026-08-31,09.9905,16,Non-alloy & other alloy wire rod,Viet Nam,15389
2026-08-31,09.9906,16,Non-alloy & other alloy wire rod,Moldova,12519
2026-08-31,09.9907,16,Non-alloy & other alloy wire rod,Egypt,2166
2026-08-31,09.9517,16,Non-alloy & other alloy wire rod,FTA Quota – CSQ,0
2026-08-31,09.9617,16,Non-alloy & other alloy wire rod,Other countries,30462
2026-08-31,09.9739,16,Non-alloy & other alloy wire rod,FTA Quota – Other countries,29412
2026-08-31,09.9740,16,Non-alloy & other alloy wire rod,Korea,2608
2026-08-31,09.9741,16,Non-alloy & other alloy wire rod,Japan,504
2026-08-31,09.9908,17,"Angles, shapes and sections of iron/non-alloy steel",Türkiye,489
2026-08-31,09.9909,17,"Angles, shapes and sections of iron/non-alloy steel",United Kingdom,4049
2026-08-31,09.9910,17,"Angles, shapes and sections of iron/non-alloy steel",Switzerland,2589
2026-08-31,09.9911,17,"Angles, shapes and sections of iron/non-alloy steel",United Arab Emirates,1486
2026-08-31,09.9518,17,"Angles, shapes and sections of iron/non-alloy steel",FTA Quota – CSQ,3032
2026-08-31,09.9618,17,"Angles, shapes and sections of iron/non-alloy steel",Other countries,2083
2026-08-31,09.9742,17,"Angles, shapes and sections of iron/non-alloy steel",FTA Quota – Other countries,1026
2026-08-31,09.9743,17,"Angles, shapes and sections of iron/non-alloy steel",Korea,1245
2026-08-31,09.9495,17,"Angles, shapes and sections of iron/non-alloy steel",United Kingdom (to Northern Ireland from other parts of the United Kingdom),10619
2026-08-31,09.9912,18,Sheet piling,China,0
2026-08-31,09.9913,18,Sheet piling,United Arab Emirates,2
2026-08-31,09.9914,18,Sheet piling,United Kingdom,1583
2026-08-31,09.9519,18,Sheet piling,FTA Quota – CSQ,1234
2026-08-31,09.9619,18,Sheet piling,Other countries,0
2026-08-31,09.9744,18,Sheet piling,FTA Quota – Other countries,1342
2026-08-31,09.9915,19,Railway material,United Kingdom,43
2026-08-31,09.9916,19,Railway material,Türkiye,0
2026-08-31,09.9917,19,Railway material,China,0
2026-08-31,09.9520,19,Railway material,FTA Quota – CSQ,272
2026-08-31,09.9620,19,Railway material,Other countries,119
2026-08-31,09.9745,19,Railway material,FTA Quota – Other countries,140
2026-08-31,09.9918,20,Gas pipes,Türkiye,0
2026-08-31,09.9919,20,Gas pipes,India,0
2026-08-31,09.9920,20,Gas pipes,United Arab Emirates,2471
2026-08-31,09.9921,20,Gas pipes,North Macedonia,28
2026-08-31,09.9922,20,Gas pipes,United Kingdom,1549
2026-08-31,09.9521,20,Gas pipes,FTA Quota – CSQ,0
2026-08-31,09.9621,20,Gas pipes,Other countries,0
2026-08-31,09.9746,20,Gas pipes,FTA Quota – Other countries,461
2026-08-31,09.9923,21,Hollow sections,Türkiye,0
2026-08-31,09.9924,21,Hollow sections,United Kingdom,9524
2026-08-31,09.9925,21,Hollow sections,North Macedonia,0
2026-08-31,09.9926,21,Hollow sections,China,0
2026-08-31,09.9927,21,Hollow sections,Ukraine,0
2026-08-31,09.9522,21,Hollow sections,FTA Quota – CSQ,0
2026-08-31,09.9622,21,Hollow sections,Other countries,0
2026-08-31,09.9747,21,Hollow sections,FTA Quota – Other countries,0
2026-08-31,09.9748,21,Hollow sections,Switzerland,295
2026-08-31,09.9928,22,Seamless stainless tubes and pipes,India,0
2026-08-31,09.9929,22,Seamless stainless tubes and pipes,Ukraine,246
2026-08-31,09.9930,22,Seamless stainless tubes and pipes,China,41
2026-08-31,09.9931,22,Seamless stainless tubes and pipes,Korea,332
2026-08-31,09.9523,22,Seamless stainless tubes and pipes,FTA Quota – CSQ,0
2026-08-31,09.9623,22,Seamless stainless tubes and pipes,Other countries,0
2026-08-31,09.9749,22,Seamless stainless tubes and pipes,FTA Quota – Other countries,0
2026-08-31,09.9750,22,Seamless stainless tubes and pipes,Japan,0
2026-08-31,09.9932,24,Other seamless tubes,China,0
2026-08-31,09.9933,24,Other seamless tubes,Ukraine,0
2026-08-31,09.9934,24,Other seamless tubes,Brazil,4743
2026-08-31,09.9524,24,Other seamless tubes,FTA Quota – CSQ,2181
2026-08-31,09.9624,24,Other seamless tubes,Other countries,1708
2026-08-31,09.9751,24,Other seamless tubes,FTA Quota – Other countries,8439
2026-08-31,09.9752,24,Other seamless tubes,Argentina,949
2026-08-31,09.9753,24,Other seamless tubes,Singapore,110
2026-08-31,09.9935,25.A,Large welded tubes,Türkiye,1947
2026-08-31,09.9936,25.A,Large welded tubes,Israel,834
2026-08-31,09.9937,25.A,Large welded tubes,China,0
2026-08-31,09.9938,25.A,Large welded tubes,India,0
2026-08-31,09.9525,25.A,Large welded tubes,FTA Quota – CSQ,351
2026-08-31,09.9625,25.A,Large welded tubes,Other countries,0
2026-08-31,09.9754,25.A,Large welded tubes,FTA Quota – Other countries,584
2026-08-31,09.9496,25.A,Large welded tubes,United Kingdom (to Northern Ireland from other parts of the United Kingdom),14
2026-08-31,09.9939,25.B,Large welded tubes (line pipe),Türkiye,3529
2026-08-31,09.9940,25.B,Large welded tubes (line pipe),China,0
2026-08-31,09.9941,25.B,Large welded tubes (line pipe),United Kingdom,1152
2026-08-31,09.9942,25.B,Large welded tubes (line pipe),Algeria,0
2026-08-31,09.9526,25.B,Large welded tubes (line pipe),FTA Quota – CSQ,2030
2026-08-31,09.9626,25.B,Large welded tubes (line pipe),Other countries,0
2026-08-31,09.9755,25.B,Large welded tubes (line pipe),FTA Quota – Other countries,775
2026-08-31,09.9756,25.B,Large welded tubes (line pipe),Singapore,21
2026-08-31,09.9943,26,Other welded tubes,Türkiye,0
2026-08-31,09.9944,26,Other welded tubes,Switzerland,10288
2026-08-31,09.9945,26,Other welded tubes,China,0
2026-08-31,09.9946,26,Other welded tubes,India,0
2026-08-31,09.9947,26,Other welded tubes,United Kingdom,1928
2026-08-31,09.9948,26,Other welded tubes,Taiwan,0
2026-08-31,09.9527,26,Other welded tubes,FTA Quota – CSQ,0
2026-08-31,09.9627,26,Other welded tubes,Other countries,0
2026-08-31,09.9757,26,Other welded tubes,FTA Quota – Other countries,628
2026-08-31,09.9758,26,Other welded tubes,Singapore,0
2026-08-31,09.9949,27,Non-alloy & alloy cold finished bars,China,0
2026-08-31,09.9950,27,Non-alloy & alloy cold finished bars,Türkiye,833
2026-08-31,09.9951,27,Non-alloy & alloy cold finished bars,Switzerland,1773
2026-08-31,09.9952,27,Non-alloy & alloy cold finished bars,Ukraine,1187
2026-08-31,09.9528,27,Non-alloy & alloy cold finished bars,FTA Quota – CSQ,1491
2026-08-31,09.9628,27,Non-alloy & alloy cold finished bars,Other countries,0
2026-08-31,09.9759,27,Non-alloy & alloy cold finished bars,FTA Quota – Other countries,1265
2026-08-31,09.9953,27,Non-alloy & alloy cold finished bars,China,0
2026-08-31,09.9954,27,Non-alloy & alloy cold finished bars,Türkiye,0
2026-08-31,09.9955,27,Non-alloy & alloy cold finished bars,Ukraine,4438
2026-08-31,09.9529,27,Non-alloy & alloy cold finished bars,FTA Quota – CSQ,1588
2026-08-31,09.9629,27,Non-alloy & alloy cold finished bars,Other countries,0
2026-08-31,09.9760,27,Non-alloy & alloy cold finished bars,FTA Quota – Other countries,5064
2026-08-31,09.9497,27,Non-alloy & alloy cold finished bars,United Kingdom (to Northern Ireland from other parts of the United Kingdom),142
2026-09-01,09.9801,1.A,Non-alloy & other alloy hot rolled sheets/strips,Türkiye,0
2026-09-01,09.9802,1.A,Non-alloy & other alloy hot rolled sheets/strips,Japan,117544
2026-09-01,09.9803,1.A,Non-alloy & other alloy hot rolled sheets/strips,India,38357
2026-09-01,09.9804,1.A,Non-alloy & other alloy hot rolled sheets/strips,Taiwan,62665
2026-09-01,09.9805,1.A,Non-alloy & other alloy hot rolled sheets/strips,Ukraine,38392
2026-09-01,09.9806,1.A,Non-alloy & other alloy hot rolled sheets/strips,Korea,29197
2026-09-01,09.9807,1.A,Non-alloy & other alloy hot rolled sheets/strips,Viet Nam,44318
2026-09-01,09.9808,1.A,Non-alloy & other alloy hot rolled sheets/strips,Egypt,99362
2026-09-01,09.9809,1.A,Non-alloy & other alloy hot rolled sheets/strips,Serbia,33412
2026-09-01,09.9500,1.A,Non-alloy & other alloy hot rolled sheets/strips,FTA Quota – CSQ,0
2026-09-01,09.9701,1.A,Non-alloy & other alloy hot rolled sheets/strips,Brazil,42388
2026-09-01,09.9705,1.A,Non-alloy & other alloy hot rolled sheets/strips,United Kingdom,35313
2026-09-01,09.9702,1.A,Non-alloy & other alloy hot rolled sheets/strips,Indonesia,0
2026-09-01,09.9810,1.A,Non-alloy & other alloy hot rolled sheets/strips,Australia,0
2026-09-01,09.9811,1.A,Non-alloy & other alloy hot rolled sheets/strips,Saudi Arabia,9545
2026-09-01,09.9704,1.A,Non-alloy & other alloy hot rolled sheets/strips,Switzerland,5254
2026-09-01,09.9812,1.A,Non-alloy & other alloy hot rolled sheets/strips,Kazakhstan,2349
2026-09-01,09.9703,1.A,Non-alloy & other alloy hot rolled sheets/strips,North Macedonia,562
2026-09-01,09.9600,1.A,Non-alloy & other alloy hot rolled sheets/strips,Other countries,0
2026-09-01,09.9700,1.A,Non-alloy & other alloy hot rolled sheets/strips,FTA Quota – Other countries,0
2026-09-01,09.9813,1.B,Non-alloy & other alloy hot rolled sheets/strips (7212 60),United Kingdom,155
2026-09-01,09.9814,1.B,Non-alloy & other alloy hot rolled sheets/strips (7212 60),United States,0
2026-09-01,09.9815,1.B,Non-alloy & other alloy hot rolled sheets/strips (7212 60),Japan,57
2026-09-01,09.9816,1.B,Non-alloy & other alloy hot rolled sheets/strips (7212 60),China,20
2026-09-01,09.9501,1.B,Non-alloy & other alloy hot rolled sheets/strips (7212 60),FTA Quota – CSQ,107
2026-09-01,09.9601,1.B,Non-alloy & other alloy hot rolled sheets/strips (7212 60),Other countries,35
2026-09-01,09.9706,1.B,Non-alloy & other alloy hot rolled sheets/strips (7212 60),FTA Quota – Other countries,49
2026-09-01,09.9817,2,Non-alloy & other alloy cold rolled sheets,Taiwan,33504
2026-09-01,09.9818,2,Non-alloy & other alloy cold rolled sheets,India,35981
2026-09-01,09.9819,2,Non-alloy & other alloy cold rolled sheets,Korea,11908
2026-09-01,09.9820,2,Non-alloy & other alloy cold rolled sheets,Türkiye,36523
2026-09-01,09.9821,2,Non-alloy & other alloy cold rolled sheets,United Kingdom,19419
2026-09-01,09.9822,2,Non-alloy & other alloy cold rolled sheets,Japan,28774
2026-09-01,09.9823,2,Non-alloy & other alloy cold rolled sheets,Ukraine,1480
2026-09-01,09.9502,2,Non-alloy & other alloy cold rolled sheets,FTA Quota – CSQ,33671
2026-09-01,09.9602,2,Non-alloy & other alloy cold rolled sheets,Other countries,0
2026-09-01,09.9707,2,Non-alloy & other alloy cold rolled sheets,FTA Quota – Other countries,7611
2026-09-01,09.9709,2,Non-alloy & other alloy cold rolled sheets,Egypt,0
2026-09-01,09.9710,2,Non-alloy & other alloy cold rolled sheets,Switzerland,245
2026-09-01,09.9708,2,Non-alloy & other alloy cold rolled sheets,Brazil,0
2026-09-01,09.9824,3.A,Electrical sheets (non grain-oriented),Japan,78
2026-09-01,09.9825,3.A,Electrical sheets (non grain-oriented),United Kingdom,20
2026-09-01,09.9826,3.A,Electrical sheets (non grain-oriented),China,5
2026-09-01,09.9827,3.A,Electrical sheets (non grain-oriented),Türkiye,9
2026-09-01,09.9503,3.A,Electrical sheets (non grain-oriented),FTA Quota – CSQ,29
2026-09-01,09.9603,3.A,Electrical sheets (non grain-oriented),Other countries,7
2026-09-01,09.9711,3.A,Electrical sheets (non grain-oriented),FTA Quota – Other countries,5
2026-09-01,09.9828,3.B,Electrical sheets (grain-oriented),China,0
2026-09-01,09.9829,3.B,Electrical sheets (grain-oriented),Taiwan,3916
2026-09-01,09.9830,3.B,Electrical sheets (grain-oriented),Korea,9188
2026-09-01,09.9831,3.B,Electrical sheets (grain-oriented),Viet Nam,6925
2026-09-01,09.9504,3.B,Electrical sheets (grain-oriented),FTA Quota – CSQ,4217
2026-09-01,09.9604,3.B,Electrical sheets (grain-oriented),Other countries,1477
2026-09-01,09.9712,3.B,Electrical sheets (grain-oriented),FTA Quota – Other countries,4078
2026-09-01,09.9713,3.B,Electrical sheets (grain-oriented),Japan,476
2026-09-01,09.9832,4.A,Metallic coated sheets,Viet Nam,96328
2026-09-01,09.9833,4.A,Metallic coated sheets,Taiwan,2825
2026-09-01,09.9834,4.A,Metallic coated sheets,Türkiye,0
2026-09-01,09.9835,4.A,Metallic coated sheets,India,32711
2026-09-01,09.9836,4.A,Metallic coated sheets,Korea,4647
2026-09-01,09.9505,4.A,Metallic coated sheets,FTA Quota – CSQ,0
2026-09-01,09.9605,4.A,Metallic coated sheets,Other countries,0
2026-09-01,09.9714,4.A,Metallic coated sheets,FTA Quota – Other countries,0
2026-09-01,09.9718,4.A,Metallic coated sheets,United Kingdom,65
2026-09-01,09.9716,4.A,Metallic coated sheets,Japan,1
2026-09-01,09.9715,4.A,Metallic coated sheets,Egypt,0
2026-09-01,09.9717,4.A,Metallic coated sheets,South Africa,0
2026-09-01,09.9837,4.B,Metallic coated sheets (automotive),Korea,8053
2026-09-01,09.9838,4.B,Metallic coated sheets (automotive),China,0
2026-09-01,09.9839,4.B,Metallic coated sheets (automotive),United Kingdom,30792
2026-09-01,09.9840,4.B,Metallic coated sheets (automotive),Türkiye,0
2026-09-01,09.9841,4.B,Metallic coated sheets (automotive),India,21052
2026-09-01,09.9506,4.B,Metallic coated sheets (automotive),FTA Quota – CSQ,0
2026-09-01,09.9606,4.B,Metallic coated sheets (automotive),Other countries,0
2026-09-01,09.9719,4.B,Metallic coated sheets (automotive),FTA Quota – Other countries,0
2026-09-01,09.9720,4.B,Metallic coated sheets (automotive),Egypt,1595
2026-09-01,09.9721,4.B,Metallic coated sheets (automotive),Switzerland,0
2026-09-01,09.9842,5,Organic coated sheets,India,0
2026-09-01,09.9843,5,Organic coated sheets,Korea,0
2026-09-01,09.9844,5,Organic coated sheets,Viet Nam,3908
2026-09-01,09.9845,5,Organic coated sheets,Türkiye,0
2026-09-01,09.9846,5,Organic coated sheets,Taiwan,95
2026-09-01,09.9847,5,Organic coated sheets,United Kingdom,3313
2026-09-01,09.9507,5,Organic coated sheets,FTA Quota – CSQ,0
2026-09-01,09.9607,5,Organic coated sheets,Other countries,0
2026-09-01,09.9722,5,Organic coated sheets,FTA Quota – Other countries,1372
2026-09-01,09.9723,5,Organic coated sheets,North Macedonia,0
2026-09-01,09.9848,6,Tin mill products,China,28924
2026-09-01,09.9849,6,Tin mill products,Serbia,7832
2026-09-01,09.9850,6,Tin mill products,United Kingdom,6458
2026-09-01,09.9851,6,Tin mill products,Türkiye,11197
2026-09-01,09.9852,6,Tin mill products,Korea,7110
2026-09-01,09.9853,6,Tin mill products,India,5383
2026-09-01,09.9508,6,Tin mill products,FTA Quota – CSQ,11255
2026-09-01,09.9608,6,Tin mill products,Other countries,0
2026-09-01,09.9724,6,Tin mill products,FTA Quota – Other countries,3711
2026-09-01,09.9725,6,Tin mill products,Japan,0
2026-09-01,09.9726,6,Tin mill products,Singapore,21
2026-09-01,09.9854,7,Non-alloy & other alloy quarto plates,Korea,0
2026-09-01,09.9855,7,Non-alloy & other alloy quarto plates,Indonesia,18206
2026-09-01,09.9856,7,Non-alloy & other alloy quarto plates,India,6209
2026-09-01,09.9857,7,Non-alloy & other alloy quarto plates,Japan,6875
2026-09-01,09.9858,7,Non-alloy & other alloy quarto plates,North Macedonia,0
2026-09-01,09.9859,7,Non-alloy & other alloy quarto plates,United Kingdom,254
2026-09-01,09.9509,7,Non-alloy & other alloy quarto plates,FTA Quota – CSQ,2167
2026-09-01,09.9609,7,Non-alloy & other alloy quarto plates,Other countries,0
2026-09-01,09.9727,7,Non-alloy & other alloy quarto plates,FTA Quota – Other countries,6855
2026-09-01,09.9728,7,Non-alloy & other alloy quarto plates,Türkiye,0
2026-09-01,09.9491,7,Non-alloy & other alloy quarto plates,United Kingdom (to Northern Ireland from other parts of the United Kingdom),2383
2026-09-01,09.9860,8,Stainless hot rolled sheets and strips,Taiwan,2038
2026-09-01,09.9861,8,Stainless hot rolled sheets and strips,Indonesia,8955
2026-09-01,09.9862,8,Stainless hot rolled sheets and strips,India,1696
2026-09-01,09.9863,8,Stainless hot rolled sheets and strips,China,2190
2026-09-01,09.9864,8,Stainless hot rolled sheets and strips,Korea,0
2026-09-01,09.9865,8,Stainless hot rolled sheets and strips,Türkiye,3430
2026-09-01,09.9866,8,Stainless hot rolled sheets and strips,South Africa,831
2026-09-01,09.9510,8,Stainless hot rolled sheets and strips,FTA Quota – CSQ,2720
2026-09-01,09.9610,8,Stainless hot rolled sheets and strips,Other countries,251
2026-09-01,09.9729,8,Stainless hot rolled sheets and strips,FTA Quota – Other countries,348
2026-09-01,09.9492,8,Stainless hot rolled sheets and strips,United Kingdom (to Northern Ireland from other parts of the United Kingdom),13
2026-09-01,09.9867,9,Stainless cold rolled sheets and strips,Taiwan,5316
2026-09-01,09.9868,9,Stainless cold rolled sheets and strips,China,6851
2026-09-01,09.9869,9,Stainless cold rolled sheets and strips,Korea,8924
2026-09-01,09.9870,9,Stainless cold rolled sheets and strips,Türkiye,6471
2026-09-01,09.9871,9,Stainless cold rolled sheets and strips,South Africa,7206
2026-09-01,09.9872,9,Stainless cold rolled sheets and strips,Viet Nam,5287
2026-09-01,09.9873,9,Stainless cold rolled sheets and strips,India,4835
2026-09-01,09.9511,9,Stainless cold rolled sheets and strips,FTA Quota – CSQ,9935
2026-09-01,09.9611,9,Stainless cold rolled sheets and strips,Other countries,751
2026-09-01,09.9730,9,Stainless cold rolled sheets and strips,FTA Quota – Other countries,4488
2026-09-01,09.9731,9,Stainless cold rolled sheets and strips,Switzerland,90
2026-09-01,09.9493,9,Stainless cold rolled sheets and strips,United Kingdom (to Northern Ireland from other parts of the United Kingdom),28
2026-09-01,09.9874,10,Stainless hot rolled quarto plates,China,718
2026-09-01,09.9875,10,Stainless hot rolled quarto plates,India,416
2026-09-01,09.9876,10,Stainless hot rolled quarto plates,Korea,405
2026-09-01,09.9877,10,Stainless hot rolled quarto plates,South Africa,167
2026-09-01,09.9512,10,Stainless hot rolled quarto plates,FTA Quota – CSQ,279
2026-09-01,09.9612,10,Stainless hot rolled quarto plates,Other countries,136
2026-09-01,09.9732,10,Stainless hot rolled quarto plates,FTA Quota – Other countries,236
2026-09-01,09.9878,12,Non-alloy & other alloy merchant bars & light sections,China,6578
2026-09-01,09.9879,12,Non-alloy & other alloy merchant bars & light sections,Türkiye,26316
2026-09-01,09.9880,12,Non-alloy & other alloy merchant bars & light sections,United Kingdom,13104
2026-09-01,09.9881,12,Non-alloy & other alloy merchant bars & light sections,Switzerland,14925
2026-09-01,09.9882,12,Non-alloy & other alloy merchant bars & light sections,Korea,5574
2026-09-01,09.9883,12,Non-alloy & other alloy merchant bars & light sections,North Macedonia,4556
2026-09-01,09.9513,12,Non-alloy & other alloy merchant bars & light sections,FTA Quota – CSQ,14063
2026-09-01,09.9613,12,Non-alloy & other alloy merchant bars & light sections,Other countries,319
2026-09-01,09.9733,12,Non-alloy & other alloy merchant bars & light sections,FTA Quota – Other countries,9623
2026-09-01,09.9734,12,Non-alloy & other alloy merchant bars & light sections,Brazil,2737
2026-09-01,09.9735,12,Non-alloy & other alloy merchant bars & light sections,Egypt,26
2026-09-01,09.9884,13,Rebars,Türkiye,0
2026-09-01,09.9885,13,Rebars,Egypt,24779
2026-09-01,09.9886,13,Rebars,Algeria,0
2026-09-01,09.9887,13,Rebars,Moldova,4918
2026-09-01,09.9888,13,Rebars,China,4781
2026-09-01,09.9889,13,Rebars,Ukraine,4920
2026-09-01,09.9514,13,Rebars,FTA Quota – CSQ,0
2026-09-01,09.9614,13,Rebars,Other countries,12953
2026-09-01,09.9736,13,Rebars,FTA Quota – Other countries,9575
2026-09-01,09.9494,13,Rebars,United Kingdom (to Northern Ireland from other parts of the United Kingdom),5
2026-09-01,09.9890,14,Stainless bars and light sections,India,0
2026-09-01,09.9891,14,Stainless bars and light sections,Switzerland,274
2026-09-01,09.9892,14,Stainless bars and light sections,United Kingdom,833
2026-09-01,09.9893,14,Stainless bars and light sections,China,242
2026-09-01,09.9515,14,Stainless bars and light sections,FTA Quota – CSQ,0
2026-09-01,09.9615,14,Stainless bars and light sections,Other countries,0
2026-09-01,09.9737,14,Stainless bars and light sections,FTA Quota – Other countries,330
2026-09-01,09.9894,15,Stainless wire rod,India,1696
2026-09-01,09.9895,15,Stainless wire rod,Taiwan,41
2026-09-01,09.9896,15,Stainless wire rod,Korea,318
2026-09-01,09.9897,15,Stainless wire rod,United Kingdom,614
2026-09-01,09.9898,15,Stainless wire rod,China,328
2026-09-01,09.9899,15,Stainless wire rod,Japan,14
2026-09-01,09.9516,15,Stainless wire rod,FTA Quota – CSQ,810
2026-09-01,09.9616,15,Stainless wire rod,Other countries,73
2026-09-01,09.9738,15,Stainless wire rod,FTA Quota – Other countries,17
2026-09-01,09.9900,16,Non-alloy & other alloy wire rod,Türkiye,0
2026-09-01,09.9901,16,Non-alloy & other alloy wire rod,Malaysia,14251
2026-09-01,09.9902,16,Non-alloy & other alloy wire rod,United Kingdom,30967
2026-09-01,09.9903,16,Non-alloy & other alloy wire rod,Ukraine,3832
2026-09-01,09.9904,16,Non-alloy & other alloy wire rod,Switzerland,3198
2026-09-01,09.9905,16,Non-alloy & other alloy wire rod,Viet Nam,15389
2026-09-01,09.9906,16,Non-alloy & other alloy wire rod,Moldova,12519
2026-09-01,09.9907,16,Non-alloy & other alloy wire rod,Egypt,2166
2026-09-01,09.9517,16,Non-alloy & other alloy wire rod,FTA Quota – CSQ,0
2026-09-01,09.9617,16,Non-alloy & other alloy wire rod,Other countries,30462
2026-09-01,09.9739,16,Non-alloy & other alloy wire rod,FTA Quota – Other countries,29412
2026-09-01,09.9740,16,Non-alloy & other alloy wire rod,Korea,2608
2026-09-01,09.9741,16,Non-alloy & other alloy wire rod,Japan,504
2026-09-01,09.9908,17,"Angles, shapes and sections of iron/non-alloy steel",Türkiye,489
2026-09-01,09.9909,17,"Angles, shapes and sections of iron/non-alloy steel",United Kingdom,4049
2026-09-01,09.9910,17,"Angles, shapes and sections of iron/non-alloy steel",Switzerland,2589
2026-09-01,09.9911,17,"Angles, shapes and sections of iron/non-alloy steel",United Arab Emirates,1486
2026-09-01,09.9518,17,"Angles, shapes and sections of iron/non-alloy steel",FTA Quota – CSQ,3032
2026-09-01,09.9618,17,"Angles, shapes and sections of iron/non-alloy steel",Other countries,2083
2026-09-01,09.9742,17,"Angles, shapes and sections of iron/non-alloy steel",FTA Quota – Other countries,1026
2026-09-01,09.9743,17,"Angles, shapes and sections of iron/non-alloy steel",Korea,1245
2026-09-01,09.9495,17,"Angles, shapes and sections of iron/non-alloy steel",United Kingdom (to Northern Ireland from other parts of the United Kingdom),10619
2026-09-01,09.9912,18,Sheet piling,China,0
2026-09-01,09.9913,18,Sheet piling,United Arab Emirates,2
2026-09-01,09.9914,18,Sheet piling,United Kingdom,1583
2026-09-01,09.9519,18,Sheet piling,FTA Quota – CSQ,1234
2026-09-01,09.9619,18,Sheet piling,Other countries,0
2026-09-01,09.9744,18,Sheet piling,FTA Quota – Other countries,1342
2026-09-01,09.9915,19,Railway material,United Kingdom,43
2026-09-01,09.9916,19,Railway material,Türkiye,0
2026-09-01,09.9917,19,Railway material,China,0
2026-09-01,09.9520,19,Railway material,FTA Quota – CSQ,272
2026-09-01,09.9620,19,Railway material,Other countries,119
2026-09-01,09.9745,19,Railway material,FTA Quota – Other countries,140
2026-09-01,09.9918,20,Gas pipes,Türkiye,0
2026-09-01,09.9919,20,Gas pipes,India,0
2026-09-01,09.9920,20,Gas pipes,United Arab Emirates,2471
2026-09-01,09.9921,20,Gas pipes,North Macedonia,28
2026-09-01,09.9922,20,Gas pipes,United Kingdom,1549
2026-09-01,09.9521,20,Gas pipes,FTA Quota – CSQ,0
2026-09-01,09.9621,20,Gas pipes,Other countries,0
2026-09-01,09.9746,20,Gas pipes,FTA Quota – Other countries,461
2026-09-01,09.9923,21,Hollow sections,Türkiye,0
2026-09-01,09.9924,21,Hollow sections,United Kingdom,9524
2026-09-01,09.9925,21,Hollow sections,North Macedonia,0
2026-09-01,09.9926,21,Hollow sections,China,0
2026-09-01,09.9927,21,Hollow sections,Ukraine,0
2026-09-01,09.9522,21,Hollow sections,FTA Quota – CSQ,0
2026-09-01,09.9622,21,Hollow sections,Other countries,0
2026-09-01,09.9747,21,Hollow sections,FTA Quota – Other countries,0
2026-09-01,09.9748,21,Hollow sections,Switzerland,295
2026-09-01,09.9928,22,Seamless stainless tubes and pipes,India,0
2026-09-01,09.9929,22,Seamless stainless tubes and pipes,Ukraine,246
2026-09-01,09.9930,22,Seamless stainless tubes and pipes,China,41
2026-09-01,09.9931,22,Seamless stainless tubes and pipes,Korea,332
2026-09-01,09.9523,22,Seamless stainless tubes and pipes,FTA Quota – CSQ,0
2026-09-01,09.9623,22,Seamless stainless tubes and pipes,Other countries,0
2026-09-01,09.9749,22,Seamless stainless tubes and pipes,FTA Quota – Other countries,0
2026-09-01,09.9750,22,Seamless stainless tubes and pipes,Japan,0
2026-09-01,09.9932,24,Other seamless tubes,China,0
2026-09-01,09.9933,24,Other seamless tubes,Ukraine,0
2026-09-01,09.9934,24,Other seamless tubes,Brazil,4743
2026-09-01,09.9524,24,Other seamless tubes,FTA Quota – CSQ,2181
2026-09-01,09.9624,24,Other seamless tubes,Other countries,1708
2026-09-01,09.9751,24,Other seamless tubes,FTA Quota – Other countries,8439
2026-09-01,09.9752,24,Other seamless tubes,Argentina,949
2026-09-01,09.9753,24,Other seamless tubes,Singapore,110
2026-09-01,09.9935,25.A,Large welded tubes,Türkiye,1947
2026-09-01,09.9936,25.A,Large welded tubes,Israel,834
2026-09-01,09.9937,25.A,Large welded tubes,China,0
2026-09-01,09.9938,25.A,Large welded tubes,India,0
2026-09-01,09.9525,25.A,Large welded tubes,FTA Quota – CSQ,351
2026-09-01,09.9625,25.A,Large welded tubes,Other countries,0
2026-09-01,09.9754,25.A,Large welded tubes,FTA Quota – Other countries,584
2026-09-01,09.9496,25.A,Large welded tubes,United Kingdom (to Northern Ireland from other parts of the United Kingdom),14
2026-09-01,09.9939,25.B,Large welded tubes (line pipe),Türkiye,3529
2026-09-01,09.9940,25.B,Large welded tubes (line pipe),China,0
2026-09-01,09.9941,25.B,Large welded tubes (line pipe),United Kingdom,1152
2026-09-01,09.9942,25.B,Large welded tubes (line pipe),Algeria,0
2026-09-01,09.9526,25.B,Large welded tubes (line pipe),FTA Quota – CSQ,2030
2026-09-01,09.9626,25.B,Large welded tubes (line pipe),Other countries,0
2026-09-01,09.9755,25.B,Large welded tubes (line pipe),FTA Quota – Other countries,775
2026-09-01,09.9756,25.B,Large welded tubes (line pipe),Singapore,21
2026-09-01,09.9943,26,Other welded tubes,Türkiye,0
2026-09-01,09.9944,26,Other welded tubes,Switzerland,10288
2026-09-01,09.9945,26,Other welded tubes,China,0
2026-09-01,09.9946,26,Other welded tubes,India,0
2026-09-01,09.9947,26,Other welded tubes,United Kingdom,1928
2026-09-01,09.9948,26,Other welded tubes,Taiwan,0
2026-09-01,09.9527,26,Other welded tubes,FTA Quota – CSQ,0
2026-09-01,09.9627,26,Other welded tubes,Other countries,0
2026-09-01,09.9757,26,Other welded tubes,FTA Quota – Other countries,628
2026-09-01,09.9758,26,Other welded tubes,Singapore,0
2026-09-01,09.9949,27,Non-alloy & alloy cold finished bars,China,0
2026-09-01,09.9950,27,Non-alloy & alloy cold finished bars,Türkiye,833
2026-09-01,09.9951,27,Non-alloy & alloy cold finished bars,Switzerland,1773
2026-09-01,09.9952,27,Non-alloy & alloy cold finished bars,Ukraine,1187
2026-09-01,09.9528,27,Non-alloy & alloy cold finished bars,FTA Quota – CSQ,1491
2026-09-01,09.9628,27,Non-alloy & alloy cold finished bars,Other countries,0
2026-09-01,09.9759,27,Non-alloy & alloy cold finished bars,FTA Quota – Other countries,1265
2026-09-01,09.9953,27,Non-alloy & alloy cold finished bars,China,0
2026-09-01,09.9954,27,Non-alloy & alloy cold finished bars,Türkiye,0
2026-09-01,09.9955,27,Non-alloy & alloy cold finished bars,Ukraine,4438
2026-09-01,09.9529,27,Non-alloy & alloy cold finished bars,FTA Quota – CSQ,1588
2026-09-01,09.9629,27,Non-alloy & alloy cold finished bars,Other countries,0
2026-09-01,09.9760,27,Non-alloy & alloy cold finished bars,FTA Quota – Other countries,5064
2026-09-01,09.9497,27,Non-alloy & alloy cold finished bars,United Kingdom (to Northern Ireland from other parts of the United Kingdom),142
2026-09-07,09.9801,1.A,Non-alloy & other alloy hot rolled sheets/strips,Türkiye,0
2026-09-07,09.9802,1.A,Non-alloy & other alloy hot rolled sheets/strips,Japan,117465
2026-09-07,09.9803,1.A,Non-alloy & other alloy hot rolled sheets/strips,India,38357
2026-09-07,09.9804,1.A,Non-alloy & other alloy hot rolled sheets/strips,Taiwan,62665
2026-09-07,09.9805,1.A,Non-alloy & other alloy hot rolled sheets/strips,Ukraine,35721
2026-09-07,09.9806,1.A,Non-alloy & other alloy hot rolled sheets/strips,Korea,29126
2026-09-07,09.9807,1.A,Non-alloy & other alloy hot rolled sheets/strips,Viet Nam,9555
2026-09-07,09.9808,1.A,Non-alloy & other alloy hot rolled sheets/strips,Egypt,99362
2026-09-07,09.9809,1.A,Non-alloy & other alloy hot rolled sheets/strips,Serbia,27486
2026-09-07,09.9500,1.A,Non-alloy & other alloy hot rolled sheets/strips,FTA Quota – CSQ,0
2026-09-07,09.9701,1.A,Non-alloy & other alloy hot rolled sheets/strips,Brazil,22720
2026-09-07,09.9705,1.A,Non-alloy & other alloy hot rolled sheets/strips,United Kingdom,33368
2026-09-07,09.9702,1.A,Non-alloy & other alloy hot rolled sheets/strips,Indonesia,0
2026-09-07,09.9810,1.A,Non-alloy & other alloy hot rolled sheets/strips,Australia,0
2026-09-07,09.9811,1.A,Non-alloy & other alloy hot rolled sheets/strips,Saudi Arabia,9320
2026-09-07,09.9704,1.A,Non-alloy & other alloy hot rolled sheets/strips,Switzerland,5214
2026-09-07,09.9812,1.A,Non-alloy & other alloy hot rolled sheets/strips,Kazakhstan,2349
2026-09-07,09.9703,1.A,Non-alloy & other alloy hot rolled sheets/strips,North Macedonia,373
2026-09-07,09.9600,1.A,Non-alloy & other alloy hot rolled sheets/strips,Other countries,0
2026-09-07,09.9700,1.A,Non-alloy & other alloy hot rolled sheets/strips,FTA Quota – Other countries,0
2026-09-07,09.9813,1.B,Non-alloy & other alloy hot rolled sheets/strips (7212 60),United Kingdom,107
2026-09-07,09.9814,1.B,Non-alloy & other alloy hot rolled sheets/strips (7212 60),United States,0
2026-09-07,09.9815,1.B,Non-alloy & other alloy hot rolled sheets/strips (7212 60),Japan,33
2026-09-07,09.9816,1.B,Non-alloy & other alloy hot rolled sheets/strips (7212 60),China,20
2026-09-07,09.9501,1.B,Non-alloy & other alloy hot rolled sheets/strips (7212 60),FTA Quota – CSQ,107
2026-09-07,09.9601,1.B,Non-alloy & other alloy hot rolled sheets/strips (7212 60),Other countries,35
2026-09-07,09.9706,1.B,Non-alloy & other alloy hot rolled sheets/strips (7212 60),FTA Quota – Other countries,46
2026-09-07,09.9817,2,Non-alloy & other alloy cold rolled sheets,Taiwan,33485
2026-09-07,09.9818,2,Non-alloy & other alloy cold rolled sheets,India,30194
2026-09-07,09.9819,2,Non-alloy & other alloy cold rolled sheets,Korea,11810
2026-09-07,09.9820,2,Non-alloy & other alloy cold rolled sheets,Türkiye,29285
2026-09-07,09.9821,2,Non-alloy & other alloy cold rolled sheets,United Kingdom,19413
2026-09-07,09.9822,2,Non-alloy & other alloy cold rolled sheets,Japan,28739
2026-09-07,09.9823,2,Non-alloy & other alloy cold rolled sheets,Ukraine,1124
2026-09-07,09.9502,2,Non-alloy & other alloy cold rolled sheets,FTA Quota – CSQ,33671
2026-09-07,09.9602,2,Non-alloy & other alloy cold rolled sheets,Other countries,0
2026-09-07,09.9707,2,Non-alloy & other alloy cold rolled sheets,FTA Quota – Other countries,7464
2026-09-07,09.9709,2,Non-alloy & other alloy cold rolled sheets,Egypt,0
2026-09-07,09.9710,2,Non-alloy & other alloy cold rolled sheets,Switzerland,162
2026-09-07,09.9708,2,Non-alloy & other alloy cold rolled sheets,Brazil,0
2026-09-07,09.9824,3.A,Electrical sheets (non grain-oriented),Japan,78
2026-09-07,09.9825,3.A,Electrical sheets (non grain-oriented),United Kingdom,20
2026-09-07,09.9826,3.A,Electrical sheets (non grain-oriented),China,5
2026-09-07,09.9827,3.A,Electrical sheets (non grain-oriented),Türkiye,9
2026-09-07,09.9503,3.A,Electrical sheets (non grain-oriented),FTA Quota – CSQ,29
2026-09-07,09.9603,3.A,Electrical sheets (non grain-oriented),Other countries,7
2026-09-07,09.9711,3.A,Electrical sheets (non grain-oriented),FTA Quota – Other countries,5
2026-09-07,09.9828,3.B,Electrical sheets (grain-oriented),China,0
2026-09-07,09.9829,3.B,Electrical sheets (grain-oriented),Taiwan,3916
2026-09-07,09.9830,3.B,Electrical sheets (grain-oriented),Korea,9188
2026-09-07,09.9831,3.B,Electrical sheets (grain-oriented),Viet Nam,6925
2026-09-07,09.9504,3.B,Electrical sheets (grain-oriented),FTA Quota – CSQ,4217
2026-09-07,09.9604,3.B,Electrical sheets (grain-oriented),Other countries,1470
2026-09-07,09.9712,3.B,Electrical sheets (grain-oriented),FTA Quota – Other countries,4078
2026-09-07,09.9713,3.B,Electrical sheets (grain-oriented),Japan,476
2026-09-07,09.9832,4.A,Metallic coated sheets,Viet Nam,88811
2026-09-07,09.9833,4.A,Metallic coated sheets,Taiwan,2818
2026-09-07,09.9834,4.A,Metallic coated sheets,Türkiye,0
2026-09-07,09.9835,4.A,Metallic coated sheets,India,26934
2026-09-07,09.9836,4.A,Metallic coated sheets,Korea,4324
2026-09-07,09.9505,4.A,Metallic coated sheets,FTA Quota – CSQ,0
2026-09-07,09.9605,4.A,Metallic coated sheets,Other countries,0
2026-09-07,09.9714,4.A,Metallic coated sheets,FTA Quota – Other countries,0
2026-09-07,09.9718,4.A,Metallic coated sheets,United Kingdom,6
2026-09-07,09.9716,4.A,Metallic coated sheets,Japan,1
2026-09-07,09.9715,4.A,Metallic coated sheets,Egypt,0
2026-09-07,09.9717,4.A,Metallic coated sheets,South Africa,0
2026-09-07,09.9837,4.B,Metallic coated sheets (automotive),Korea,7370
2026-09-07,09.9838,4.B,Metallic coated sheets (automotive),China,0
2026-09-07,09.9839,4.B,Metallic coated sheets (automotive),United Kingdom,30584
2026-09-07,09.9840,4.B,Metallic coated sheets (automotive),Türkiye,0
2026-09-07,09.9841,4.B,Metallic coated sheets (automotive),India,17023
2026-09-07,09.9506,4.B,Metallic coated sheets (automotive),FTA Quota – CSQ,0
2026-09-07,09.9606,4.B,Metallic coated sheets (automotive),Other countries,0
2026-09-07,09.9719,4.B,Metallic coated sheets (automotive),FTA Quota – Other countries,0
2026-09-07,09.9720,4.B,Metallic coated sheets (automotive),Egypt,1595
2026-09-07,09.9721,4.B,Metallic coated sheets (automotive),Switzerland,0
2026-09-07,09.9842,5,Organic coated sheets,India,0
2026-09-07,09.9843,5,Organic coated sheets,Korea,0
2026-09-07,09.9844,5,Organic coated sheets,Viet Nam,3897
2026-09-07,09.9845,5,Organic coated sheets,Türkiye,0
2026-09-07,09.9846,5,Organic coated sheets,Taiwan,95
2026-09-07,09.9847,5,Organic coated sheets,United Kingdom,2849
2026-09-07,09.9507,5,Organic coated sheets,FTA Quota – CSQ,0
2026-09-07,09.9607,5,Organic coated sheets,Other countries,0
2026-09-07,09.9722,5,Organic coated sheets,FTA Quota – Other countries,1349
2026-09-07,09.9723,5,Organic coated sheets,North Macedonia,0
2026-09-07,09.9848,6,Tin mill products,China,25969
2026-09-07,09.9849,6,Tin mill products,Serbia,7240
2026-09-07,09.9850,6,Tin mill products,United Kingdom,5688
2026-09-07,09.9851,6,Tin mill products,Türkiye,8153
2026-09-07,09.9852,6,Tin mill products,Korea,6981
2026-09-07,09.9853,6,Tin mill products,India,5166
2026-09-07,09.9508,6,Tin mill products,FTA Quota – CSQ,11255
2026-09-07,09.9608,6,Tin mill products,Other countries,0
2026-09-07,09.9724,6,Tin mill products,FTA Quota – Other countries,3464
2026-09-07,09.9725,6,Tin mill products,Japan,0
2026-09-07,09.9726,6,Tin mill products,Singapore,21
2026-09-07,09.9854,7,Non-alloy & other alloy quarto plates,Korea,0
2026-09-07,09.9855,7,Non-alloy & other alloy quarto plates,Indonesia,18181
2026-09-07,09.9856,7,Non-alloy & other alloy quarto plates,India,0
2026-09-07,09.9857,7,Non-alloy & other alloy quarto plates,Japan,6875
2026-09-07,09.9858,7,Non-alloy & other alloy quarto plates,North Macedonia,0
2026-09-07,09.9859,7,Non-alloy & other alloy quarto plates,United Kingdom,0
2026-09-07,09.9509,7,Non-alloy & other alloy quarto plates,FTA Quota – CSQ,635
2026-09-07,09.9609,7,Non-alloy & other alloy quarto plates,Other countries,0
2026-09-07,09.9727,7,Non-alloy & other alloy quarto plates,FTA Quota – Other countries,6796
2026-09-07,09.9728,7,Non-alloy & other alloy quarto plates,Türkiye,0
2026-09-07,09.9491,7,Non-alloy & other alloy quarto plates,United Kingdom (to Northern Ireland from other parts of the United Kingdom),2076
2026-09-07,09.9860,8,Stainless hot rolled sheets and strips,Taiwan,1788
2026-09-07,09.9861,8,Stainless hot rolled sheets and strips,Indonesia,8953
2026-09-07,09.9862,8,Stainless hot rolled sheets and strips,India,1673
2026-09-07,09.9863,8,Stainless hot rolled sheets and strips,China,2130
2026-09-07,09.9864,8,Stainless hot rolled sheets and strips,Korea,0
2026-09-07,09.9865,8,Stainless hot rolled sheets and strips,Türkiye,3430
2026-09-07,09.9866,8,Stainless hot rolled sheets and strips,South Africa,635
2026-09-07,09.9510,8,Stainless hot rolled sheets and strips,FTA Quota – CSQ,2720
2026-09-07,09.9610,8,Stainless hot rolled sheets and strips,Other countries,186
2026-09-07,09.9729,8,Stainless hot rolled sheets and strips,FTA Quota – Other countries,347
2026-09-07,09.9492,8,Stainless hot rolled sheets and strips,United Kingdom (to Northern Ireland from other parts of the United Kingdom),13
2026-09-07,09.9867,9,Stainless cold rolled sheets and strips,Taiwan,4900
2026-09-07,09.9868,9,Stainless cold rolled sheets and strips,China,6623
2026-09-07,09.9869,9,Stainless cold rolled sheets and strips,Korea,8520
2026-09-07,09.9870,9,Stainless cold rolled sheets and strips,Türkiye,6296
2026-09-07,09.9871,9,Stainless cold rolled sheets and strips,South Africa,6580
2026-09-07,09.9872,9,Stainless cold rolled sheets and strips,Viet Nam,4975
2026-09-07,09.9873,9,Stainless cold rolled sheets and strips,India,4089
2026-09-07,09.9511,9,Stainless cold rolled sheets and strips,FTA Quota – CSQ,9935
2026-09-07,09.9611,9,Stainless cold rolled sheets and strips,Other countries,201
2026-09-07,09.9730,9,Stainless cold rolled sheets and strips,FTA Quota – Other countries,4284
2026-09-07,09.9731,9,Stainless cold rolled sheets and strips,Switzerland,56
2026-09-07,09.9493,9,Stainless cold rolled sheets and strips,United Kingdom (to Northern Ireland from other parts of the United Kingdom),27
2026-09-07,09.9874,10,Stainless hot rolled quarto plates,China,718
2026-09-07,09.9875,10,Stainless hot rolled quarto plates,India,355
2026-09-07,09.9876,10,Stainless hot rolled quarto plates,Korea,351
2026-09-07,09.9877,10,Stainless hot rolled quarto plates,South Africa,147
2026-09-07,09.9512,10,Stainless hot rolled quarto plates,FTA Quota – CSQ,279
2026-09-07,09.9612,10,Stainless hot rolled quarto plates,Other countries,112
2026-09-07,09.9732,10,Stainless hot rolled quarto plates,FTA Quota – Other countries,236
2026-09-07,09.9878,12,Non-alloy & other alloy merchant bars & light sections,China,0
2026-09-07,09.9879,12,Non-alloy & other alloy merchant bars & light sections,Türkiye,22650
2026-09-07,09.9880,12,Non-alloy & other alloy merchant bars & light sections,United Kingdom,11999
2026-09-07,09.9881,12,Non-alloy & other alloy merchant bars & light sections,Switzerland,13534
2026-09-07,09.9882,12,Non-alloy & other alloy merchant bars & light sections,Korea,5083
2026-09-07,09.9883,12,Non-alloy & other alloy merchant bars & light sections,North Macedonia,3482
2026-09-07,09.9513,12,Non-alloy & other alloy merchant bars & light sections,FTA Quota – CSQ,14063
2026-09-07,09.9613,12,Non-alloy & other alloy merchant bars & light sections,Other countries,255
2026-09-07,09.9733,12,Non-alloy & other alloy merchant bars & light sections,FTA Quota – Other countries,9484
2026-09-07,09.9734,12,Non-alloy & other alloy merchant bars & light sections,Brazil,1885
2026-09-07,09.9735,12,Non-alloy & other alloy merchant bars & light sections,Egypt,26
2026-09-07,09.9884,13,Rebars,Türkiye,0
2026-09-07,09.9885,13,Rebars,Egypt,67
2026-09-07,09.9886,13,Rebars,Algeria,0
2026-09-07,09.9887,13,Rebars,Moldova,4427
2026-09-07,09.9888,13,Rebars,China,4737
2026-09-07,09.9889,13,Rebars,Ukraine,4331
2026-09-07,09.9514,13,Rebars,FTA Quota – CSQ,0
2026-09-07,09.9614,13,Rebars,Other countries,12869
2026-09-07,09.9736,13,Rebars,FTA Quota – Other countries,9575
2026-09-07,09.9494,13,Rebars,United Kingdom (to Northern Ireland from other parts of the United Kingdom),0
2026-09-07,09.9890,14,Stainless bars and light sections,India,0
2026-09-07,09.9891,14,Stainless bars and light sections,Switzerland,66
2026-09-07,09.9892,14,Stainless bars and light sections,United Kingdom,732
2026-09-07,09.9893,14,Stainless bars and light sections,China,211
2026-09-07,09.9515,14,Stainless bars and light sections,FTA Quota – CSQ,0
2026-09-07,09.9615,14,Stainless bars and light sections,Other countries,0
2026-09-07,09.9737,14,Stainless bars and light sections,FTA Quota – Other countries,258
2026-09-07,09.9894,15,Stainless wire rod,India,1272
2026-09-07,09.9895,15,Stainless wire rod,Taiwan,41
2026-09-07,09.9896,15,Stainless wire rod,Korea,24
2026-09-07,09.9897,15,Stainless wire rod,United Kingdom,614
2026-09-07,09.9898,15,Stainless wire rod,China,328
2026-09-07,09.9899,15,Stainless wire rod,Japan,14
2026-09-07,09.9516,15,Stainless wire rod,FTA Quota – CSQ,810
2026-09-07,09.9616,15,Stainless wire rod,Other countries,29
2026-09-07,09.9738,15,Stainless wire rod,FTA Quota – Other countries,17
2026-09-07,09.9900,16,Non-alloy & other alloy wire rod,Türkiye,0
2026-09-07,09.9901,16,Non-alloy & other alloy wire rod,Malaysia,14251
2026-09-07,09.9902,16,Non-alloy & other alloy wire rod,United Kingdom,29311
2026-09-07,09.9903,16,Non-alloy & other alloy wire rod,Ukraine,3832
2026-09-07,09.9904,16,Non-alloy & other alloy wire rod,Switzerland,753
2026-09-07,09.9905,16,Non-alloy & other alloy wire rod,Viet Nam,15389
2026-09-07,09.9906,16,Non-alloy & other alloy wire rod,Moldova,10685
2026-09-07,09.9907,16,Non-alloy & other alloy wire rod,Egypt,5
2026-09-07,09.9517,16,Non-alloy & other alloy wire rod,FTA Quota – CSQ,0
2026-09-07,09.9617,16,Non-alloy & other alloy wire rod,Other countries,29908
2026-09-07,09.9739,16,Non-alloy & other alloy wire rod,FTA Quota – Other countries,24415
2026-09-07,09.9740,16,Non-alloy & other alloy wire rod,Korea,2608
2026-09-07,09.9741,16,Non-alloy & other alloy wire rod,Japan,504
2026-09-07,09.9908,17,"Angles, shapes and sections of iron/non-alloy steel",Türkiye,62
2026-09-07,09.9909,17,"Angles, shapes and sections of iron/non-alloy steel",United Kingdom,3992
2026-09-07,09.9910,17,"Angles, shapes and sections of iron/non-alloy steel",Switzerland,2542
2026-09-07,09.9911,17,"Angles, shapes and sections of iron/non-alloy steel",United Arab Emirates,1486
2026-09-07,09.9518,17,"Angles, shapes and sections of iron/non-alloy steel",FTA Quota – CSQ,3032
2026-09-07,09.9618,17,"Angles, shapes and sections of iron/non-alloy steel",Other countries,1984
2026-09-07,09.9742,17,"Angles, shapes and sections of iron/non-alloy steel",FTA Quota – Other countries,1026
2026-09-07,09.9743,17,"Angles, shapes and sections of iron/non-alloy steel",Korea,1235
2026-09-07,09.9495,17,"Angles, shapes and sections of iron/non-alloy steel",United Kingdom (to Northern Ireland from other parts of the United Kingdom),10524
2026-09-07,09.9912,18,Sheet piling,China,0
2026-09-07,09.9913,18,Sheet piling,United Arab Emirates,2
2026-09-07,09.9914,18,Sheet piling,United Kingdom,1583
2026-09-07,09.9519,18,Sheet piling,FTA Quota – CSQ,1234
2026-09-07,09.9619,18,Sheet piling,Other countries,0
2026-09-07,09.9744,18,Sheet piling,FTA Quota – Other countries,1325
2026-09-07,09.9915,19,Railway material,United Kingdom,16
2026-09-07,09.9916,19,Railway material,Türkiye,0
2026-09-07,09.9917,19,Railway material,China,0
2026-09-07,09.9520,19,Railway material,FTA Quota – CSQ,146
2026-09-07,09.9620,19,Railway material,Other countries,108
2026-09-07,09.9745,19,Railway material,FTA Quota – Other countries,136
2026-09-07,09.9918,20,Gas pipes,Türkiye,0
2026-09-07,09.9919,20,Gas pipes,India,0
2026-09-07,09.9920,20,Gas pipes,United Arab Emirates,2471
2026-09-07,09.9921,20,Gas pipes,North Macedonia,28
2026-09-07,09.9922,20,Gas pipes,United Kingdom,1481
2026-09-07,09.9521,20,Gas pipes,FTA Quota – CSQ,0
2026-09-07,09.9621,20,Gas pipes,Other countries,0
2026-09-07,09.9746,20,Gas pipes,FTA Quota – Other countries,20
2026-09-07,09.9923,21,Hollow sections,Türkiye,0
2026-09-07,09.9924,21,Hollow sections,United Kingdom,7903
2026-09-07,09.9925,21,Hollow sections,North Macedonia,0
2026-09-07,09.9926,21,Hollow sections,China,0
2026-09-07,09.9927,21,Hollow sections,Ukraine,0
2026-09-07,09.9522,21,Hollow sections,FTA Quota – CSQ,0
2026-09-07,09.9622,21,Hollow sections,Other countries,0
2026-09-07,09.9747,21,Hollow sections,FTA Quota – Other countries,0
2026-09-07,09.9748,21,Hollow sections,Switzerland,243
2026-09-07,09.9928,22,Seamless stainless tubes and pipes,India,0
2026-09-07,09.9929,22,Seamless stainless tubes and pipes,Ukraine,230
2026-09-07,09.9930,22,Seamless stainless tubes and pipes,China,0
2026-09-07,09.9931,22,Seamless stainless tubes and pipes,Korea,317
2026-09-07,09.9523,22,Seamless stainless tubes and pipes,FTA Quota – CSQ,0
2026-09-07,09.9623,22,Seamless stainless tubes and pipes,Other countries,0
2026-09-07,09.9749,22,Seamless stainless tubes and pipes,FTA Quota – Other countries,0
2026-09-07,09.9750,22,Seamless stainless tubes and pipes,Japan,0
2026-09-07,09.9932,24,Other seamless tubes,China,0
2026-09-07,09.9933,24,Other seamless tubes,Ukraine,0
2026-09-07,09.9934,24,Other seamless tubes,Brazil,3298
2026-09-07,09.9524,24,Other seamless tubes,FTA Quota – CSQ,311
2026-09-07,09.9624,24,Other seamless tubes,Other countries,704
2026-09-07,09.9751,24,Other seamless tubes,FTA Quota – Other countries,8016
2026-09-07,09.9752,24,Other seamless tubes,Argentina,924
2026-09-07,09.9753,24,Other seamless tubes,Singapore,110
2026-09-07,09.9935,25.A,Large welded tubes,Türkiye,1947
2026-09-07,09.9936,25.A,Large welded tubes,Israel,834
2026-09-07,09.9937,25.A,Large welded tubes,China,0
2026-09-07,09.9938,25.A,Large welded tubes,India,0
2026-09-07,09.9525,25.A,Large welded tubes,FTA Quota – CSQ,351
2026-09-07,09.9625,25.A,Large welded tubes,Other countries,0
2026-09-07,09.9754,25.A,Large welded tubes,FTA Quota – Other countries,413
2026-09-07,09.9496,25.A,Large welded tubes,United Kingdom (to Northern Ireland from other parts of the United Kingdom),14
2026-09-07,09.9939,25.B,Large welded tubes (line pipe),Türkiye,3065
2026-09-07,09.9940,25.B,Large welded tubes (line pipe),China,0
2026-09-07,09.9941,25.B,Large welded tubes (line pipe),United Kingdom,940
2026-09-07,09.9942,25.B,Large welded tubes (line pipe),Algeria,0
2026-09-07,09.9526,25.B,Large welded tubes (line pipe),FTA Quota – CSQ,2030
2026-09-07,09.9626,25.B,Large welded tubes (line pipe),Other countries,0
2026-09-07,09.9755,25.B,Large welded tubes (line pipe),FTA Quota – Other countries,46
2026-09-07,09.9756,25.B,Large welded tubes (line pipe),Singapore,21
2026-09-07,09.9943,26,Other welded tubes,Türkiye,0
2026-09-07,09.9944,26,Other welded tubes,Switzerland,10021
2026-09-07,09.9945,26,Other welded tubes,China,0
2026-09-07,09.9946,26,Other welded tubes,India,0
2026-09-07,09.9947,26,Other welded tubes,United Kingdom,1235
2026-09-07,09.9948,26,Other welded tubes,Taiwan,0
2026-09-07,09.9527,26,Other welded tubes,FTA Quota – CSQ,0
2026-09-07,09.9627,26,Other welded tubes,Other countries,0
2026-09-07,09.9757,26,Other welded tubes,FTA Quota – Other countries,0
2026-09-07,09.9758,26,Other welded tubes,Singapore,0
2026-09-07,09.9949,27,Non-alloy & alloy cold finished bars,China,0
2026-09-07,09.9950,27,Non-alloy & alloy cold finished bars,Türkiye,370
2026-09-07,09.9951,27,Non-alloy & alloy cold finished bars,Switzerland,1209
2026-09-07,09.9952,27,Non-alloy & alloy cold finished bars,Ukraine,1093
2026-09-07,09.9528,27,Non-alloy & alloy cold finished bars,FTA Quota – CSQ,1491
2026-09-07,09.9628,27,Non-alloy & alloy cold finished bars,Other countries,0
2026-09-07,09.9759,27,Non-alloy & alloy cold finished bars,FTA Quota – Other countries,1188
2026-09-07,09.9953,27,Non-alloy & alloy cold finished bars,China,0
2026-09-07,09.9954,27,Non-alloy & alloy cold finished bars,Türkiye,0
2026-09-07,09.9955,27,Non-alloy & alloy cold finished bars,Ukraine,3415
2026-09-07,09.9529,27,Non-alloy & alloy cold finished bars,FTA Quota – CSQ,793
2026-09-07,09.9629,27,Non-alloy & alloy cold finished bars,Other countries,0
2026-09-07,09.9760,27,Non-alloy & alloy cold finished bars,FTA Quota – Other countries,3719
2026-09-07,09.9497,27,Non-alloy & alloy cold finished bars,United Kingdom (to Northern Ireland from other parts of the United Kingdom),139
2026-09-08,09.9801,1.A,Non-alloy & other alloy hot rolled sheets/strips,Türkiye,0
2026-09-08,09.9802,1.A,Non-alloy & other alloy hot rolled sheets/strips,Japan,117465
2026-09-08,09.9803,1.A,Non-alloy & other alloy hot rolled sheets/strips,India,38357
2026-09-08,09.9804,1.A,Non-alloy & other alloy hot rolled sheets/strips,Taiwan,62665
2026-09-08,09.9805,1.A,Non-alloy & other alloy hot rolled sheets/strips,Ukraine,35721
2026-09-08,09.9806,1.A,Non-alloy & other alloy hot rolled sheets/strips,Korea,29126
2026-09-08,09.9807,1.A,Non-alloy & other alloy hot rolled sheets/strips,Viet Nam,9555
2026-09-08,09.9808,1.A,Non-alloy & other alloy hot rolled sheets/strips,Egypt,99362
2026-09-08,09.9809,1.A,Non-alloy & other alloy hot rolled sheets/strips,Serbia,26366
2026-09-08,09.9500,1.A,Non-alloy & other alloy hot rolled sheets/strips,FTA Quota – CSQ,0
2026-09-08,09.9701,1.A,Non-alloy & other alloy hot rolled sheets/strips,Brazil,22720
2026-09-08,09.9705,1.A,Non-alloy & other alloy hot rolled sheets/strips,United Kingdom,33297
2026-09-08,09.9702,1.A,Non-alloy & other alloy hot rolled sheets/strips,Indonesia,0
2026-09-08,09.9810,1.A,Non-alloy & other alloy hot rolled sheets/strips,Australia,0
2026-09-08,09.9811,1.A,Non-alloy & other alloy hot rolled sheets/strips,Saudi Arabia,9320
2026-09-08,09.9704,1.A,Non-alloy & other alloy hot rolled sheets/strips,Switzerland,5209
2026-09-08,09.9812,1.A,Non-alloy & other alloy hot rolled sheets/strips,Kazakhstan,2349
2026-09-08,09.9703,1.A,Non-alloy & other alloy hot rolled sheets/strips,North Macedonia,371
2026-09-08,09.9600,1.A,Non-alloy & other alloy hot rolled sheets/strips,Other countries,0
2026-09-08,09.9700,1.A,Non-alloy & other alloy hot rolled sheets/strips,FTA Quota – Other countries,0
2026-09-08,09.9813,1.B,Non-alloy & other alloy hot rolled sheets/strips (7212 60),United Kingdom,83
2026-09-08,09.9814,1.B,Non-alloy & other alloy hot rolled sheets/strips (7212 60),United States,0
2026-09-08,09.9815,1.B,Non-alloy & other alloy hot rolled sheets/strips (7212 60),Japan,33
2026-09-08,09.9816,1.B,Non-alloy & other alloy hot rolled sheets/strips (7212 60),China,20
2026-09-08,09.9501,1.B,Non-alloy & other alloy hot rolled sheets/strips (7212 60),FTA Quota – CSQ,107
2026-09-08,09.9601,1.B,Non-alloy & other alloy hot rolled sheets/strips (7212 60),Other countries,20
2026-09-08,09.9706,1.B,Non-alloy & other alloy hot rolled sheets/strips (7212 60),FTA Quota – Other countries,46
2026-09-08,09.9817,2,Non-alloy & other alloy cold rolled sheets,Taiwan,33485
2026-09-08,09.9818,2,Non-alloy & other alloy cold rolled sheets,India,30171
2026-09-08,09.9819,2,Non-alloy & other alloy cold rolled sheets,Korea,11841
2026-09-08,09.9820,2,Non-alloy & other alloy cold rolled sheets,Türkiye,29285
2026-09-08,09.9821,2,Non-alloy & other alloy cold rolled sheets,United Kingdom,19413
2026-09-08,09.9822,2,Non-alloy & other alloy cold rolled sheets,Japan,28736
2026-09-08,09.9823,2,Non-alloy & other alloy cold rolled sheets,Ukraine,1084
2026-09-08,09.9502,2,Non-alloy & other alloy cold rolled sheets,FTA Quota – CSQ,33671
2026-09-08,09.9602,2,Non-alloy & other alloy cold rolled sheets,Other countries,0
2026-09-08,09.9707,2,Non-alloy & other alloy cold rolled sheets,FTA Quota – Other countries,7464
2026-09-08,09.9709,2,Non-alloy & other alloy cold rolled sheets,Egypt,0
2026-09-08,09.9710,2,Non-alloy & other alloy cold rolled sheets,Switzerland,161
2026-09-08,09.9708,2,Non-alloy & other alloy cold rolled sheets,Brazil,0
2026-09-08,09.9824,3.A,Electrical sheets (non grain-oriented),Japan,78
2026-09-08,09.9825,3.A,Electrical sheets (non grain-oriented),United Kingdom,20
2026-09-08,09.9826,3.A,Electrical sheets (non grain-oriented),China,5
2026-09-08,09.9827,3.A,Electrical sheets (non grain-oriented),Türkiye,9
2026-09-08,09.9503,3.A,Electrical sheets (non grain-oriented),FTA Quota – CSQ,29
2026-09-08,09.9603,3.A,Electrical sheets (non grain-oriented),Other countries,7
2026-09-08,09.9711,3.A,Electrical sheets (non grain-oriented),FTA Quota – Other countries,5
2026-09-08,09.9828,3.B,Electrical sheets (grain-oriented),China,0
2026-09-08,09.9829,3.B,Electrical sheets (grain-oriented),Taiwan,223
2026-09-08,09.9830,3.B,Electrical sheets (grain-oriented),Korea,9188
2026-09-08,09.9831,3.B,Electrical sheets (grain-oriented),Viet Nam,6925
2026-09-08,09.9504,3.B,Electrical sheets (grain-oriented),FTA Quota – CSQ,4217
2026-09-08,09.9604,3.B,Electrical sheets (grain-oriented),Other countries,1470
2026-09-08,09.9712,3.B,Electrical sheets (grain-oriented),FTA Quota – Other countries,4078
2026-09-08,09.9713,3.B,Electrical sheets (grain-oriented),Japan,476
2026-09-08,09.9832,4.A,Metallic coated sheets,Viet Nam,88779
2026-09-08,09.9833,4.A,Metallic coated sheets,Taiwan,2804
2026-09-08,09.9834,4.A,Metallic coated sheets,Türkiye,0
2026-09-08,09.9835,4.A,Metallic coated sheets,India,26873
2026-09-08,09.9836,4.A,Metallic coated sheets,Korea,4291
2026-09-08,09.9505,4.A,Metallic coated sheets,FTA Quota – CSQ,0
2026-09-08,09.9605,4.A,Metallic coated sheets,Other countries,0
2026-09-08,09.9714,4.A,Metallic coated sheets,FTA Quota – Other countries,0
2026-09-08,09.9718,4.A,Metallic coated sheets,United Kingdom,6
2026-09-08,09.9716,4.A,Metallic coated sheets,Japan,1
2026-09-08,09.9715,4.A,Metallic coated sheets,Egypt,0
2026-09-08,09.9717,4.A,Metallic coated sheets,South Africa,0
2026-09-08,09.9837,4.B,Metallic coated sheets (automotive),Korea,7145
2026-09-08,09.9838,4.B,Metallic coated sheets (automotive),China,0
2026-09-08,09.9839,4.B,Metallic coated sheets (automotive),United Kingdom,30575
2026-09-08,09.9840,4.B,Metallic coated sheets (automotive),Türkiye,0
2026-09-08,09.9841,4.B,Metallic coated sheets (automotive),India,16549
2026-09-08,09.9506,4.B,Metallic coated sheets (automotive),FTA Quota – CSQ,0
2026-09-08,09.9606,4.B,Metallic coated sheets (automotive),Other countries,0
2026-09-08,09.9719,4.B,Metallic coated sheets (automotive),FTA Quota – Other countries,0
2026-09-08,09.9720,4.B,Metallic coated sheets (automotive),Egypt,1592
2026-09-08,09.9721,4.B,Metallic coated sheets (automotive),Switzerland,0
2026-09-08,09.9842,5,Organic coated sheets,India,0
2026-09-08,09.9843,5,Organic coated sheets,Korea,0
2026-09-08,09.9844,5,Organic coated sheets,Viet Nam,3894
2026-09-08,09.9845,5,Organic coated sheets,Türkiye,0
2026-09-08,09.9846,5,Organic coated sheets,Taiwan,95
2026-09-08,09.9847,5,Organic coated sheets,United Kingdom,2785
2026-09-08,09.9507,5,Organic coated sheets,FTA Quota – CSQ,0
2026-09-08,09.9607,5,Organic coated sheets,Other countries,0
2026-09-08,09.9722,5,Organic coated sheets,FTA Quota – Other countries,1340
2026-09-08,09.9723,5,Organic coated sheets,North Macedonia,0
2026-09-08,09.9848,6,Tin mill products,China,25680
2026-09-08,09.9849,6,Tin mill products,Serbia,7240
2026-09-08,09.9850,6,Tin mill products,United Kingdom,5662
2026-09-08,09.9851,6,Tin mill products,Türkiye,8153
2026-09-08,09.9852,6,Tin mill products,Korea,6960
2026-09-08,09.9853,6,Tin mill products,India,5166
2026-09-08,09.9508,6,Tin mill products,FTA Quota – CSQ,11255
2026-09-08,09.9608,6,Tin mill products,Other countries,0
2026-09-08,09.9724,6,Tin mill products,FTA Quota – Other countries,3464
2026-09-08,09.9725,6,Tin mill products,Japan,0
2026-09-08,09.9726,6,Tin mill products,Singapore,21
2026-09-08,09.9854,7,Non-alloy & other alloy quarto plates,Korea,0
2026-09-08,09.9855,7,Non-alloy & other alloy quarto plates,Indonesia,18181
2026-09-08,09.9856,7,Non-alloy & other alloy quarto plates,India,0
2026-09-08,09.9857,7,Non-alloy & other alloy quarto plates,Japan,6875
2026-09-08,09.9858,7,Non-alloy & other alloy quarto plates,North Macedonia,0
2026-09-08,09.9859,7,Non-alloy & other alloy quarto plates,United Kingdom,0
2026-09-08,09.9509,7,Non-alloy & other alloy quarto plates,FTA Quota – CSQ,112
2026-09-08,09.9609,7,Non-alloy & other alloy quarto plates,Other countries,0
2026-09-08,09.9727,7,Non-alloy & other alloy quarto plates,FTA Quota – Other countries,6777
2026-09-08,09.9728,7,Non-alloy & other alloy quarto plates,Türkiye,0
2026-09-08,09.9491,7,Non-alloy & other alloy quarto plates,United Kingdom (to Northern Ireland from other parts of the United Kingdom),2076
2026-09-08,09.9860,8,Stainless hot rolled sheets and strips,Taiwan,1748
2026-09-08,09.9861,8,Stainless hot rolled sheets and strips,Indonesia,8952
2026-09-08,09.9862,8,Stainless hot rolled sheets and strips,India,1673
2026-09-08,09.9863,8,Stainless hot rolled sheets and strips,China,2130
2026-09-08,09.9864,8,Stainless hot rolled sheets and strips,Korea,0
2026-09-08,09.9865,8,Stainless hot rolled sheets and strips,Türkiye,3430
2026-09-08,09.9866,8,Stainless hot rolled sheets and strips,South Africa,635
2026-09-08,09.9510,8,Stainless hot rolled sheets and strips,FTA Quota – CSQ,2720
2026-09-08,09.9610,8,Stainless hot rolled sheets and strips,Other countries,186
2026-09-08,09.9729,8,Stainless hot rolled sheets and strips,FTA Quota – Other countries,347
2026-09-08,09.9492,8,Stainless hot rolled sheets and strips,United Kingdom (to Northern Ireland from other parts of the United Kingdom),13
2026-09-08,09.9867,9,Stainless cold rolled sheets and strips,Taiwan,4856
2026-09-08,09.9868,9,Stainless cold rolled sheets and strips,China,6592
2026-09-08,09.9869,9,Stainless cold rolled sheets and strips,Korea,8445
2026-09-08,09.9870,9,Stainless cold rolled sheets and strips,Türkiye,6275
2026-09-08,09.9871,9,Stainless cold rolled sheets and strips,South Africa,6580
2026-09-08,09.9872,9,Stainless cold rolled sheets and strips,Viet Nam,4968
2026-09-08,09.9873,9,Stainless cold rolled sheets and strips,India,4089
2026-09-08,09.9511,9,Stainless cold rolled sheets and strips,FTA Quota – CSQ,9935
2026-09-08,09.9611,9,Stainless cold rolled sheets and strips,Other countries,169
2026-09-08,09.9730,9,Stainless cold rolled sheets and strips,FTA Quota – Other countries,4242
2026-09-08,09.9731,9,Stainless cold rolled sheets and strips,Switzerland,44
2026-09-08,09.9493,9,Stainless cold rolled sheets and strips,United Kingdom (to Northern Ireland from other parts of the United Kingdom),27
2026-09-08,09.9874,10,Stainless hot rolled quarto plates,China,717
2026-09-08,09.9875,10,Stainless hot rolled quarto plates,India,355
2026-09-08,09.9876,10,Stainless hot rolled quarto plates,Korea,351
2026-09-08,09.9877,10,Stainless hot rolled quarto plates,South Africa,147
2026-09-08,09.9512,10,Stainless hot rolled quarto plates,FTA Quota – CSQ,279
2026-09-08,09.9612,10,Stainless hot rolled quarto plates,Other countries,111
2026-09-08,09.9732,10,Stainless hot rolled quarto plates,FTA Quota – Other countries,231
2026-09-08,09.9878,12,Non-alloy & other alloy merchant bars & light sections,China,0
2026-09-08,09.9879,12,Non-alloy & other alloy merchant bars & light sections,Türkiye,22122
2026-09-08,09.9880,12,Non-alloy & other alloy merchant bars & light sections,United Kingdom,11765
2026-09-08,09.9881,12,Non-alloy & other alloy merchant bars & light sections,Switzerland,12517
2026-09-08,09.9882,12,Non-alloy & other alloy merchant bars & light sections,Korea,3712
2026-09-08,09.9883,12,Non-alloy & other alloy merchant bars & light sections,North Macedonia,3339
2026-09-08,09.9513,12,Non-alloy & other alloy merchant bars & light sections,FTA Quota – CSQ,14063
2026-09-08,09.9613,12,Non-alloy & other alloy merchant bars & light sections,Other countries,255
2026-09-08,09.9733,12,Non-alloy & other alloy merchant bars & light sections,FTA Quota – Other countries,9384
2026-09-08,09.9734,12,Non-alloy & other alloy merchant bars & light sections,Brazil,1858
2026-09-08,09.9735,12,Non-alloy & other alloy merchant bars & light sections,Egypt,26
2026-09-08,09.9884,13,Rebars,Türkiye,0
2026-09-08,09.9885,13,Rebars,Egypt,67
2026-09-08,09.9886,13,Rebars,Algeria,0
2026-09-08,09.9887,13,Rebars,Moldova,4427
2026-09-08,09.9888,13,Rebars,China,4737
2026-09-08,09.9889,13,Rebars,Ukraine,4331
2026-09-08,09.9514,13,Rebars,FTA Quota – CSQ,0
2026-09-08,09.9614,13,Rebars,Other countries,12869
2026-09-08,09.9736,13,Rebars,FTA Quota – Other countries,9575
2026-09-08,09.9494,13,Rebars,United Kingdom (to Northern Ireland from other parts of the United Kingdom),0
2026-09-08,09.9890,14,Stainless bars and light sections,India,0
2026-09-08,09.9891,14,Stainless bars and light sections,Switzerland,66
2026-09-08,09.9892,14,Stainless bars and light sections,United Kingdom,658
2026-09-08,09.9893,14,Stainless bars and light sections,China,195
2026-09-08,09.9515,14,Stainless bars and light sections,FTA Quota – CSQ,0
2026-09-08,09.9615,14,Stainless bars and light sections,Other countries,0
2026-09-08,09.9737,14,Stainless bars and light sections,FTA Quota – Other countries,246
2026-09-08,09.9894,15,Stainless wire rod,India,1216
2026-09-08,09.9895,15,Stainless wire rod,Taiwan,41
2026-09-08,09.9896,15,Stainless wire rod,Korea,24
2026-09-08,09.9897,15,Stainless wire rod,United Kingdom,614
2026-09-08,09.9898,15,Stainless wire rod,China,328
2026-09-08,09.9899,15,Stainless wire rod,Japan,14
2026-09-08,09.9516,15,Stainless wire rod,FTA Quota – CSQ,810
2026-09-08,09.9616,15,Stainless wire rod,Other countries,29
2026-09-08,09.9738,15,Stainless wire rod,FTA Quota – Other countries,0
2026-09-08,09.9900,16,Non-alloy & other alloy wire rod,Türkiye,0
2026-09-08,09.9901,16,Non-alloy & other alloy wire rod,Malaysia,14251
2026-09-08,09.9902,16,Non-alloy & other alloy wire rod,United Kingdom,28873
2026-09-08,09.9903,16,Non-alloy & other alloy wire rod,Ukraine,3832
2026-09-08,09.9904,16,Non-alloy & other alloy wire rod,Switzerland,683
2026-09-08,09.9905,16,Non-alloy & other alloy wire rod,Viet Nam,15389
2026-09-08,09.9906,16,Non-alloy & other alloy wire rod,Moldova,10685
2026-09-08,09.9907,16,Non-alloy & other alloy wire rod,Egypt,5
2026-09-08,09.9517,16,Non-alloy & other alloy wire rod,FTA Quota – CSQ,0
2026-09-08,09.9617,16,Non-alloy & other alloy wire rod,Other countries,21884
2026-09-08,09.9739,16,Non-alloy & other alloy wire rod,FTA Quota – Other countries,24415
2026-09-08,09.9740,16,Non-alloy & other alloy wire rod,Korea,2569
2026-09-08,09.9741,16,Non-alloy & other alloy wire rod,Japan,504
2026-09-08,09.9908,17,"Angles, shapes and sections of iron/non-alloy steel",Türkiye,61
2026-09-08,09.9909,17,"Angles, shapes and sections of iron/non-alloy steel",United Kingdom,3963
2026-09-08,09.9910,17,"Angles, shapes and sections of iron/non-alloy steel",Switzerland,2542
2026-09-08,09.9911,17,"Angles, shapes and sections of iron/non-alloy steel",United Arab Emirates,1468
2026-09-08,09.9518,17,"Angles, shapes and sections of iron/non-alloy steel",FTA Quota – CSQ,3032
2026-09-08,09.9618,17,"Angles, shapes and sections of iron/non-alloy steel",Other countries,1984
2026-09-08,09.9742,17,"Angles, shapes and sections of iron/non-alloy steel",FTA Quota – Other countries,1026
2026-09-08,09.9743,17,"Angles, shapes and sections of iron/non-alloy steel",Korea,1227
2026-09-08,09.9495,17,"Angles, shapes and sections of iron/non-alloy steel",United Kingdom (to Northern Ireland from other parts of the United Kingdom),10524
2026-09-08,09.9912,18,Sheet piling,China,0
2026-09-08,09.9913,18,Sheet piling,United Arab Emirates,2
2026-09-08,09.9914,18,Sheet piling,United Kingdom,1583
2026-09-08,09.9519,18,Sheet piling,FTA Quota – CSQ,1234
2026-09-08,09.9619,18,Sheet piling,Other countries,0
2026-09-08,09.9744,18,Sheet piling,FTA Quota – Other countries,1325
2026-09-08,09.9915,19,Railway material,United Kingdom,16
2026-09-08,09.9916,19,Railway material,Türkiye,0
2026-09-08,09.9917,19,Railway material,China,0
2026-09-08,09.9520,19,Railway material,FTA Quota – CSQ,146
2026-09-08,09.9620,19,Railway material,Other countries,108
2026-09-08,09.9745,19,Railway material,FTA Quota – Other countries,136
2026-09-08,09.9918,20,Gas pipes,Türkiye,0
2026-09-08,09.9919,20,Gas pipes,India,0
2026-09-08,09.9920,20,Gas pipes,United Arab Emirates,2471
2026-09-08,09.9921,20,Gas pipes,North Macedonia,28
2026-09-08,09.9922,20,Gas pipes,United Kingdom,1445
2026-09-08,09.9521,20,Gas pipes,FTA Quota – CSQ,0
2026-09-08,09.9621,20,Gas pipes,Other countries,0
2026-09-08,09.9746,20,Gas pipes,FTA Quota – Other countries,0
2026-09-08,09.9923,21,Hollow sections,Türkiye,0
2026-09-08,09.9924,21,Hollow sections,United Kingdom,7591
2026-09-08,09.9925,21,Hollow sections,North Macedonia,0
2026-09-08,09.9926,21,Hollow sections,China,0
2026-09-08,09.9927,21,Hollow sections,Ukraine,0
2026-09-08,09.9522,21,Hollow sections,FTA Quota – CSQ,0
2026-09-08,09.9622,21,Hollow sections,Other countries,0
2026-09-08,09.9747,21,Hollow sections,FTA Quota – Other countries,0
2026-09-08,09.9748,21,Hollow sections,Switzerland,218
2026-09-08,09.9928,22,Seamless stainless tubes and pipes,India,0
2026-09-08,09.9929,22,Seamless stainless tubes and pipes,Ukraine,230
2026-09-08,09.9930,22,Seamless stainless tubes and pipes,China,0
2026-09-08,09.9931,22,Seamless stainless tubes and pipes,Korea,315
2026-09-08,09.9523,22,Seamless stainless tubes and pipes,FTA Quota – CSQ,0
2026-09-08,09.9623,22,Seamless stainless tubes and pipes,Other countries,0
2026-09-08,09.9749,22,Seamless stainless tubes and pipes,FTA Quota – Other countries,0
2026-09-08,09.9750,22,Seamless stainless tubes and pipes,Japan,0
2026-09-08,09.9932,24,Other seamless tubes,China,0
2026-09-08,09.9933,24,Other seamless tubes,Ukraine,0
2026-09-08,09.9934,24,Other seamless tubes,Brazil,3179
2026-09-08,09.9524,24,Other seamless tubes,FTA Quota – CSQ,194
2026-09-08,09.9624,24,Other seamless tubes,Other countries,600
2026-09-08,09.9751,24,Other seamless tubes,FTA Quota – Other countries,8014
2026-09-08,09.9752,24,Other seamless tubes,Argentina,923
2026-09-08,09.9753,24,Other seamless tubes,Singapore,110
2026-09-08,09.9935,25.A,Large welded tubes,Türkiye,1947
2026-09-08,09.9936,25.A,Large welded tubes,Israel,834
2026-09-08,09.9937,25.A,Large welded tubes,China,0
2026-09-08,09.9938,25.A,Large welded tubes,India,0
2026-09-08,09.9525,25.A,Large welded tubes,FTA Quota – CSQ,351
2026-09-08,09.9625,25.A,Large welded tubes,Other countries,0
2026-09-08,09.9754,25.A,Large welded tubes,FTA Quota – Other countries,413
2026-09-08,09.9496,25.A,Large welded tubes,United Kingdom (to Northern Ireland from other parts of the United Kingdom),14
2026-09-08,09.9939,25.B,Large welded tubes (line pipe),Türkiye,3065
2026-09-08,09.9940,25.B,Large welded tubes (line pipe),China,0
2026-09-08,09.9941,25.B,Large welded tubes (line pipe),United Kingdom,929
2026-09-08,09.9942,25.B,Large welded tubes (line pipe),Algeria,0
2026-09-08,09.9526,25.B,Large welded tubes (line pipe),FTA Quota – CSQ,2030
2026-09-08,09.9626,25.B,Large welded tubes (line pipe),Other countries,0
2026-09-08,09.9755,25.B,Large welded tubes (line pipe),FTA Quota – Other countries,46
2026-09-08,09.9756,25.B,Large welded tubes (line pipe),Singapore,21
2026-09-08,09.9943,26,Other welded tubes,Türkiye,0
2026-09-08,09.9944,26,Other welded tubes,Switzerland,9944
2026-09-08,09.9945,26,Other welded tubes,China,0
2026-09-08,09.9946,26,Other welded tubes,India,0
2026-09-08,09.9947,26,Other welded tubes,United Kingdom,1209
2026-09-08,09.9948,26,Other welded tubes,Taiwan,0
2026-09-08,09.9527,26,Other welded tubes,FTA Quota – CSQ,0
2026-09-08,09.9627,26,Other welded tubes,Other countries,0
2026-09-08,09.9757,26,Other welded tubes,FTA Quota – Other countries,0
2026-09-08,09.9758,26,Other welded tubes,Singapore,0
2026-09-08,09.9949,27,Non-alloy & alloy cold finished bars,China,0
2026-09-08,09.9950,27,Non-alloy & alloy cold finished bars,Türkiye,274
2026-09-08,09.9951,27,Non-alloy & alloy cold finished bars,Switzerland,1037
2026-09-08,09.9952,27,Non-alloy & alloy cold finished bars,Ukraine,1072
2026-09-08,09.9528,27,Non-alloy & alloy cold finished bars,FTA Quota – CSQ,1491
2026-09-08,09.9628,27,Non-alloy & alloy cold finished bars,Other countries,0
2026-09-08,09.9759,27,Non-alloy & alloy cold finished bars,FTA Quota – Other countries,1166
2026-09-08,09.9953,27,Non-alloy & alloy cold finished bars,China,0
2026-09-08,09.9954,27,Non-alloy & alloy cold finished bars,Türkiye,0
2026-09-08,09.9955,27,Non-alloy & alloy cold finished bars,Ukraine,3278
2026-09-08,09.9529,27,Non-alloy & alloy cold finished bars,FTA Quota – CSQ,662
2026-09-08,09.9629,27,Non-alloy & alloy cold finished bars,Other countries,0
2026-09-08,09.9760,27,Non-alloy & alloy cold finished bars,FTA Quota – Other countries,3390
2026-09-08,09.9497,27,Non-alloy & alloy cold finished bars,United Kingdom (to Northern Ireland from other parts of the United Kingdom),139
2026-09-09,09.9801,1.A,Non-alloy & other alloy hot rolled sheets/strips,Türkiye,0
2026-09-09,09.9802,1.A,Non-alloy & other alloy hot rolled sheets/strips,Japan,117465
2026-09-09,09.9803,1.A,Non-alloy & other alloy hot rolled sheets/strips,India,38357
2026-09-09,09.9804,1.A,Non-alloy & other alloy hot rolled sheets/strips,Taiwan,62665
2026-09-09,09.9805,1.A,Non-alloy & other alloy hot rolled sheets/strips,Ukraine,35721
2026-09-09,09.9806,1.A,Non-alloy & other alloy hot rolled sheets/strips,Korea,29126
2026-09-09,09.9807,1.A,Non-alloy & other alloy hot rolled sheets/strips,Viet Nam,9555
2026-09-09,09.9808,1.A,Non-alloy & other alloy hot rolled sheets/strips,Egypt,99362
2026-09-09,09.9809,1.A,Non-alloy & other alloy hot rolled sheets/strips,Serbia,26366
2026-09-09,09.9500,1.A,Non-alloy & other alloy hot rolled sheets/strips,FTA Quota – CSQ,0
2026-09-09,09.9701,1.A,Non-alloy & other alloy hot rolled sheets/strips,Brazil,22720
2026-09-09,09.9705,1.A,Non-alloy & other alloy hot rolled sheets/strips,United Kingdom,33297
2026-09-09,09.9702,1.A,Non-alloy & other alloy hot rolled sheets/strips,Indonesia,0
2026-09-09,09.9810,1.A,Non-alloy & other alloy hot rolled sheets/strips,Australia,0
2026-09-09,09.9811,1.A,Non-alloy & other alloy hot rolled sheets/strips,Saudi Arabia,9320
2026-09-09,09.9704,1.A,Non-alloy & other alloy hot rolled sheets/strips,Switzerland,5209
2026-09-09,09.9812,1.A,Non-alloy & other alloy hot rolled sheets/strips,Kazakhstan,2349
2026-09-09,09.9703,1.A,Non-alloy & other alloy hot rolled sheets/strips,North Macedonia,371
2026-09-09,09.9600,1.A,Non-alloy & other alloy hot rolled sheets/strips,Other countries,0
2026-09-09,09.9700,1.A,Non-alloy & other alloy hot rolled sheets/strips,FTA Quota – Other countries,0
2026-09-09,09.9813,1.B,Non-alloy & other alloy hot rolled sheets/strips (7212 60),United Kingdom,83
2026-09-09,09.9814,1.B,Non-alloy & other alloy hot rolled sheets/strips (7212 60),United States,0
2026-09-09,09.9815,1.B,Non-alloy & other alloy hot rolled sheets/strips (7212 60),Japan,33
2026-09-09,09.9816,1.B,Non-alloy & other alloy hot rolled sheets/strips (7212 60),China,20
2026-09-09,09.9501,1.B,Non-alloy & other alloy hot rolled sheets/strips (7212 60),FTA Quota – CSQ,107
2026-09-09,09.9601,1.B,Non-alloy & other alloy hot rolled sheets/strips (7212 60),Other countries,20
2026-09-09,09.9706,1.B,Non-alloy & other alloy hot rolled sheets/strips (7212 60),FTA Quota – Other countries,46
2026-09-09,09.9817,2,Non-alloy & other alloy cold rolled sheets,Taiwan,33485
2026-09-09,09.9818,2,Non-alloy & other alloy cold rolled sheets,India,30171
2026-09-09,09.9819,2,Non-alloy & other alloy cold rolled sheets,Korea,11841
2026-09-09,09.9820,2,Non-alloy & other alloy cold rolled sheets,Türkiye,29285
2026-09-09,09.9821,2,Non-alloy & other alloy cold rolled sheets,United Kingdom,19413
2026-09-09,09.9822,2,Non-alloy & other alloy cold rolled sheets,Japan,28736
2026-09-09,09.9823,2,Non-alloy & other alloy cold rolled sheets,Ukraine,1084
2026-09-09,09.9502,2,Non-alloy & other alloy cold rolled sheets,FTA Quota – CSQ,33671
2026-09-09,09.9602,2,Non-alloy & other alloy cold rolled sheets,Other countries,0
2026-09-09,09.9707,2,Non-alloy & other alloy cold rolled sheets,FTA Quota – Other countries,7464
2026-09-09,09.9709,2,Non-alloy & other alloy cold rolled sheets,Egypt,0
2026-09-09,09.9710,2,Non-alloy & other alloy cold rolled sheets,Switzerland,161
2026-09-09,09.9708,2,Non-alloy & other alloy cold rolled sheets,Brazil,0
2026-09-09,09.9824,3.A,Electrical sheets (non grain-oriented),Japan,78
2026-09-09,09.9825,3.A,Electrical sheets (non grain-oriented),United Kingdom,20
2026-09-09,09.9826,3.A,Electrical sheets (non grain-oriented),China,5
2026-09-09,09.9827,3.A,Electrical sheets (non grain-oriented),Türkiye,9
2026-09-09,09.9503,3.A,Electrical sheets (non grain-oriented),FTA Quota – CSQ,29
2026-09-09,09.9603,3.A,Electrical sheets (non grain-oriented),Other countries,7
2026-09-09,09.9711,3.A,Electrical sheets (non grain-oriented),FTA Quota – Other countries,5
2026-09-09,09.9828,3.B,Electrical sheets (grain-oriented),China,0
2026-09-09,09.9829,3.B,Electrical sheets (grain-oriented),Taiwan,223
2026-09-09,09.9830,3.B,Electrical sheets (grain-oriented),Korea,9188
2026-09-09,09.9831,3.B,Electrical sheets (grain-oriented),Viet Nam,6925
2026-09-09,09.9504,3.B,Electrical sheets (grain-oriented),FTA Quota – CSQ,4217
2026-09-09,09.9604,3.B,Electrical sheets (grain-oriented),Other countries,1470
2026-09-09,09.9712,3.B,Electrical sheets (grain-oriented),FTA Quota – Other countries,4078
2026-09-09,09.9713,3.B,Electrical sheets (grain-oriented),Japan,476
2026-09-09,09.9832,4.A,Metallic coated sheets,Viet Nam,88779
2026-09-09,09.9833,4.A,Metallic coated sheets,Taiwan,2804
2026-09-09,09.9834,4.A,Metallic coated sheets,Türkiye,0
2026-09-09,09.9835,4.A,Metallic coated sheets,India,26873
2026-09-09,09.9836,4.A,Metallic coated sheets,Korea,4291
2026-09-09,09.9505,4.A,Metallic coated sheets,FTA Quota – CSQ,0
2026-09-09,09.9605,4.A,Metallic coated sheets,Other countries,0
2026-09-09,09.9714,4.A,Metallic coated sheets,FTA Quota – Other countries,0
2026-09-09,09.9718,4.A,Metallic coated sheets,United Kingdom,6
2026-09-09,09.9716,4.A,Metallic coated sheets,Japan,1
2026-09-09,09.9715,4.A,Metallic coated sheets,Egypt,0
2026-09-09,09.9717,4.A,Metallic coated sheets,South Africa,0
2026-09-09,09.9837,4.B,Metallic coated sheets (automotive),Korea,7145
2026-09-09,09.9838,4.B,Metallic coated sheets (automotive),China,0
2026-09-09,09.9839,4.B,Metallic coated sheets (automotive),United Kingdom,30575
2026-09-09,09.9840,4.B,Metallic coated sheets (automotive),Türkiye,0
2026-09-09,09.9841,4.B,Metallic coated sheets (automotive),India,16549
2026-09-09,09.9506,4.B,Metallic coated sheets (automotive),FTA Quota – CSQ,0
2026-09-09,09.9606,4.B,Metallic coated sheets (automotive),Other countries,0
2026-09-09,09.9719,4.B,Metallic coated sheets (automotive),FTA Quota – Other countries,0
2026-09-09,09.9720,4.B,Metallic coated sheets (automotive),Egypt,1592
2026-09-09,09.9721,4.B,Metallic coated sheets (automotive),Switzerland,0
2026-09-09,09.9842,5,Organic coated sheets,India,0
2026-09-09,09.9843,5,Organic coated sheets,Korea,0
2026-09-09,09.9844,5,Organic coated sheets,Viet Nam,3894
2026-09-09,09.9845,5,Organic coated sheets,Türkiye,0
2026-09-09,09.9846,5,Organic coated sheets,Taiwan,95
2026-09-09,09.9847,5,Organic coated sheets,United Kingdom,2785
2026-09-09,09.9507,5,Organic coated sheets,FTA Quota – CSQ,0
2026-09-09,09.9607,5,Organic coated sheets,Other countries,0
2026-09-09,09.9722,5,Organic coated sheets,FTA Quota – Other countries,1340
2026-09-09,09.9723,5,Organic coated sheets,North Macedonia,0
2026-09-09,09.9848,6,Tin mill products,China,25680
2026-09-09,09.9849,6,Tin mill products,Serbia,7240
2026-09-09,09.9850,6,Tin mill products,United Kingdom,5662
2026-09-09,09.9851,6,Tin mill products,Türkiye,8153
2026-09-09,09.9852,6,Tin mill products,Korea,6960
2026-09-09,09.9853,6,Tin mill products,India,5166
2026-09-09,09.9508,6,Tin mill products,FTA Quota – CSQ,11255
2026-09-09,09.9608,6,Tin mill products,Other countries,0
2026-09-09,09.9724,6,Tin mill products,FTA Quota – Other countries,3464
2026-09-09,09.9725,6,Tin mill products,Japan,0
2026-09-09,09.9726,6,Tin mill products,Singapore,21
2026-09-09,09.9854,7,Non-alloy & other alloy quarto plates,Korea,0
2026-09-09,09.9855,7,Non-alloy & other alloy quarto plates,Indonesia,18181
2026-09-09,09.9856,7,Non-alloy & other alloy quarto plates,India,0
2026-09-09,09.9857,7,Non-alloy & other alloy quarto plates,Japan,6875
2026-09-09,09.9858,7,Non-alloy & other alloy quarto plates,North Macedonia,0
2026-09-09,09.9859,7,Non-alloy & other alloy quarto plates,United Kingdom,0
2026-09-09,09.9509,7,Non-alloy & other alloy quarto plates,FTA Quota – CSQ,112
2026-09-09,09.9609,7,Non-alloy & other alloy quarto plates,Other countries,0
2026-09-09,09.9727,7,Non-alloy & other alloy quarto plates,FTA Quota – Other countries,6777
2026-09-09,09.9728,7,Non-alloy & other alloy quarto plates,Türkiye,0
2026-09-09,09.9491,7,Non-alloy & other alloy quarto plates,United Kingdom (to Northern Ireland from other parts of the United Kingdom),2076
2026-09-09,09.9860,8,Stainless hot rolled sheets and strips,Taiwan,1748
2026-09-09,09.9861,8,Stainless hot rolled sheets and strips,Indonesia,8952
2026-09-09,09.9862,8,Stainless hot rolled sheets and strips,India,1673
2026-09-09,09.9863,8,Stainless hot rolled sheets and strips,China,2130
2026-09-09,09.9864,8,Stainless hot rolled sheets and strips,Korea,0
2026-09-09,09.9865,8,Stainless hot rolled sheets and strips,Türkiye,3430
2026-09-09,09.9866,8,Stainless hot rolled sheets and strips,South Africa,635
2026-09-09,09.9510,8,Stainless hot rolled sheets and strips,FTA Quota – CSQ,2720
2026-09-09,09.9610,8,Stainless hot rolled sheets and strips,Other countries,186
2026-09-09,09.9729,8,Stainless hot rolled sheets and strips,FTA Quota – Other countries,347
2026-09-09,09.9492,8,Stainless hot rolled sheets and strips,United Kingdom (to Northern Ireland from other parts of the United Kingdom),13
2026-09-09,09.9867,9,Stainless cold rolled sheets and strips,Taiwan,4856
2026-09-09,09.9868,9,Stainless cold rolled sheets and strips,China,6592
2026-09-09,09.9869,9,Stainless cold rolled sheets and strips,Korea,8445
2026-09-09,09.9870,9,Stainless cold rolled sheets and strips,Türkiye,6275
2026-09-09,09.9871,9,Stainless cold rolled sheets and strips,South Africa,6580
2026-09-09,09.9872,9,Stainless cold rolled sheets and strips,Viet Nam,4968
2026-09-09,09.9873,9,Stainless cold rolled sheets and strips,India,4089
2026-09-09,09.9511,9,Stainless cold rolled sheets and strips,FTA Quota – CSQ,9935
2026-09-09,09.9611,9,Stainless cold rolled sheets and strips,Other countries,169
2026-09-09,09.9730,9,Stainless cold rolled sheets and strips,FTA Quota – Other countries,4242
2026-09-09,09.9731,9,Stainless cold rolled sheets and strips,Switzerland,44
2026-09-09,09.9493,9,Stainless cold rolled sheets and strips,United Kingdom (to Northern Ireland from other parts of the United Kingdom),27
2026-09-09,09.9874,10,Stainless hot rolled quarto plates,China,717
2026-09-09,09.9875,10,Stainless hot rolled quarto plates,India,355
2026-09-09,09.9876,10,Stainless hot rolled quarto plates,Korea,351
2026-09-09,09.9877,10,Stainless hot rolled quarto plates,South Africa,147
2026-09-09,09.9512,10,Stainless hot rolled quarto plates,FTA Quota – CSQ,279
2026-09-09,09.9612,10,Stainless hot rolled quarto plates,Other countries,111
2026-09-09,09.9732,10,Stainless hot rolled quarto plates,FTA Quota – Other countries,231
2026-09-09,09.9878,12,Non-alloy & other alloy merchant bars & light sections,China,0
2026-09-09,09.9879,12,Non-alloy & other alloy merchant bars & light sections,Türkiye,22122
2026-09-09,09.9880,12,Non-alloy & other alloy merchant bars & light sections,United Kingdom,11765
2026-09-09,09.9881,12,Non-alloy & other alloy merchant bars & light sections,Switzerland,12517
2026-09-09,09.9882,12,Non-alloy & other alloy merchant bars & light sections,Korea,3712
2026-09-09,09.9883,12,Non-alloy & other alloy merchant bars & light sections,North Macedonia,3339
2026-09-09,09.9513,12,Non-alloy & other alloy merchant bars & light sections,FTA Quota – CSQ,14063
2026-09-09,09.9613,12,Non-alloy & other alloy merchant bars & light sections,Other countries,255
2026-09-09,09.9733,12,Non-alloy & other alloy merchant bars & light sections,FTA Quota – Other countries,9384
2026-09-09,09.9734,12,Non-alloy & other alloy merchant bars & light sections,Brazil,1858
2026-09-09,09.9735,12,Non-alloy & other alloy merchant bars & light sections,Egypt,26
2026-09-09,09.9884,13,Rebars,Türkiye,0
2026-09-09,09.9885,13,Rebars,Egypt,67
2026-09-09,09.9886,13,Rebars,Algeria,0
2026-09-09,09.9887,13,Rebars,Moldova,4427
2026-09-09,09.9888,13,Rebars,China,4737
2026-09-09,09.9889,13,Rebars,Ukraine,4331
2026-09-09,09.9514,13,Rebars,FTA Quota – CSQ,0
2026-09-09,09.9614,13,Rebars,Other countries,12869
2026-09-09,09.9736,13,Rebars,FTA Quota – Other countries,9575
2026-09-09,09.9494,13,Rebars,United Kingdom (to Northern Ireland from other parts of the United Kingdom),0
2026-09-09,09.9890,14,Stainless bars and light sections,India,0
2026-09-09,09.9891,14,Stainless bars and light sections,Switzerland,66
2026-09-09,09.9892,14,Stainless bars and light sections,United Kingdom,658
2026-09-09,09.9893,14,Stainless bars and light sections,China,195
2026-09-09,09.9515,14,Stainless bars and light sections,FTA Quota – CSQ,0
2026-09-09,09.9615,14,Stainless bars and light sections,Other countries,0
2026-09-09,09.9737,14,Stainless bars and light sections,FTA Quota – Other countries,246
2026-09-09,09.9894,15,Stainless wire rod,India,1216
2026-09-09,09.9895,15,Stainless wire rod,Taiwan,41
2026-09-09,09.9896,15,Stainless wire rod,Korea,24
2026-09-09,09.9897,15,Stainless wire rod,United Kingdom,614
2026-09-09,09.9898,15,Stainless wire rod,China,328
2026-09-09,09.9899,15,Stainless wire rod,Japan,14
2026-09-09,09.9516,15,Stainless wire rod,FTA Quota – CSQ,810
2026-09-09,09.9616,15,Stainless wire rod,Other countries,29
2026-09-09,09.9738,15,Stainless wire rod,FTA Quota – Other countries,0
2026-09-09,09.9900,16,Non-alloy & other alloy wire rod,Türkiye,0
2026-09-09,09.9901,16,Non-alloy & other alloy wire rod,Malaysia,14251
2026-09-09,09.9902,16,Non-alloy & other alloy wire rod,United Kingdom,28873
2026-09-09,09.9903,16,Non-alloy & other alloy wire rod,Ukraine,3832
2026-09-09,09.9904,16,Non-alloy & other alloy wire rod,Switzerland,683
2026-09-09,09.9905,16,Non-alloy & other alloy wire rod,Viet Nam,15389
2026-09-09,09.9906,16,Non-alloy & other alloy wire rod,Moldova,10685
2026-09-09,09.9907,16,Non-alloy & other alloy wire rod,Egypt,5
2026-09-09,09.9517,16,Non-alloy & other alloy wire rod,FTA Quota – CSQ,0
2026-09-09,09.9617,16,Non-alloy & other alloy wire rod,Other countries,21884
2026-09-09,09.9739,16,Non-alloy & other alloy wire rod,FTA Quota – Other countries,24415
2026-09-09,09.9740,16,Non-alloy & other alloy wire rod,Korea,2569
2026-09-09,09.9741,16,Non-alloy & other alloy wire rod,Japan,504
2026-09-09,09.9908,17,"Angles, shapes and sections of iron/non-alloy steel",Türkiye,61
2026-09-09,09.9909,17,"Angles, shapes and sections of iron/non-alloy steel",United Kingdom,3963
2026-09-09,09.9910,17,"Angles, shapes and sections of iron/non-alloy steel",Switzerland,2542
2026-09-09,09.9911,17,"Angles, shapes and sections of iron/non-alloy steel",United Arab Emirates,1468
2026-09-09,09.9518,17,"Angles, shapes and sections of iron/non-alloy steel",FTA Quota – CSQ,3032
2026-09-09,09.9618,17,"Angles, shapes and sections of iron/non-alloy steel",Other countries,1984
2026-09-09,09.9742,17,"Angles, shapes and sections of iron/non-alloy steel",FTA Quota – Other countries,1026
2026-09-09,09.9743,17,"Angles, shapes and sections of iron/non-alloy steel",Korea,1227
2026-09-09,09.9495,17,"Angles, shapes and sections of iron/non-alloy steel",United Kingdom (to Northern Ireland from other parts of the United Kingdom),10524
2026-09-09,09.9912,18,Sheet piling,China,0
2026-09-09,09.9913,18,Sheet piling,United Arab Emirates,2
2026-09-09,09.9914,18,Sheet piling,United Kingdom,1583
2026-09-09,09.9519,18,Sheet piling,FTA Quota – CSQ,1234
2026-09-09,09.9619,18,Sheet piling,Other countries,0
2026-09-09,09.9744,18,Sheet piling,FTA Quota – Other countries,1325
2026-09-09,09.9915,19,Railway material,United Kingdom,16
2026-09-09,09.9916,19,Railway material,Türkiye,0
2026-09-09,09.9917,19,Railway material,China,0
2026-09-09,09.9520,19,Railway material,FTA Quota – CSQ,146
2026-09-09,09.9620,19,Railway material,Other countries,108
2026-09-09,09.9745,19,Railway material,FTA Quota – Other countries,136
2026-09-09,09.9918,20,Gas pipes,Türkiye,0
2026-09-09,09.9919,20,Gas pipes,India,0
2026-09-09,09.9920,20,Gas pipes,United Arab Emirates,2471
2026-09-09,09.9921,20,Gas pipes,North Macedonia,28
2026-09-09,09.9922,20,Gas pipes,United Kingdom,1445
2026-09-09,09.9521,20,Gas pipes,FTA Quota – CSQ,0
2026-09-09,09.9621,20,Gas pipes,Other countries,0
2026-09-09,09.9746,20,Gas pipes,FTA Quota – Other countries,0
2026-09-09,09.9923,21,Hollow sections,Türkiye,0
2026-09-09,09.9924,21,Hollow sections,United Kingdom,7591
2026-09-09,09.9925,21,Hollow sections,North Macedonia,0
2026-09-09,09.9926,21,Hollow sections,China,0
2026-09-09,09.9927,21,Hollow sections,Ukraine,0
2026-09-09,09.9522,21,Hollow sections,FTA Quota – CSQ,0
2026-09-09,09.9622,21,Hollow sections,Other countries,0
2026-09-09,09.9747,21,Hollow sections,FTA Quota – Other countries,0
2026-09-09,09.9748,21,Hollow sections,Switzerland,218
2026-09-09,09.9928,22,Seamless stainless tubes and pipes,India,0
2026-09-09,09.9929,22,Seamless stainless tubes and pipes,Ukraine,230
2026-09-09,09.9930,22,Seamless stainless tubes and pipes,China,0
2026-09-09,09.9931,22,Seamless stainless tubes and pipes,Korea,315
2026-09-09,09.9523,22,Seamless stainless tubes and pipes,FTA Quota – CSQ,0
2026-09-09,09.9623,22,Seamless stainless tubes and pipes,Other countries,0
2026-09-09,09.9749,22,Seamless stainless tubes and pipes,FTA Quota – Other countries,0
2026-09-09,09.9750,22,Seamless stainless tubes and pipes,Japan,0
2026-09-09,09.9932,24,Other seamless tubes,China,0
2026-09-09,09.9933,24,Other seamless tubes,Ukraine,0
2026-09-09,09.9934,24,Other seamless tubes,Brazil,3179
2026-09-09,09.9524,24,Other seamless tubes,FTA Quota – CSQ,194
2026-09-09,09.9624,24,Other seamless tubes,Other countries,600
2026-09-09,09.9751,24,Other seamless tubes,FTA Quota – Other countries,8014
2026-09-09,09.9752,24,Other seamless tubes,Argentina,923
2026-09-09,09.9753,24,Other seamless tubes,Singapore,110
2026-09-09,09.9935,25.A,Large welded tubes,Türkiye,1947
2026-09-09,09.9936,25.A,Large welded tubes,Israel,834
2026-09-09,09.9937,25.A,Large welded tubes,China,0
2026-09-09,09.9938,25.A,Large welded tubes,India,0
2026-09-09,09.9525,25.A,Large welded tubes,FTA Quota – CSQ,351
2026-09-09,09.9625,25.A,Large welded tubes,Other countries,0
2026-09-09,09.9754,25.A,Large welded tubes,FTA Quota – Other countries,413
2026-09-09,09.9496,25.A,Large welded tubes,United Kingdom (to Northern Ireland from other parts of the United Kingdom),14
2026-09-09,09.9939,25.B,Large welded tubes (line pipe),Türkiye,3065
2026-09-09,09.9940,25.B,Large welded tubes (line pipe),China,0
2026-09-09,09.9941,25.B,Large welded tubes (line pipe),United Kingdom,929
2026-09-09,09.9942,25.B,Large welded tubes (line pipe),Algeria,0
2026-09-09,09.9526,25.B,Large welded tubes (line pipe),FTA Quota – CSQ,2030
2026-09-09,09.9626,25.B,Large welded tubes (line pipe),Other countries,0
2026-09-09,09.9755,25.B,Large welded tubes (line pipe),FTA Quota – Other countries,46
2026-09-09,09.9756,25.B,Large welded tubes (line pipe),Singapore,21
2026-09-09,09.9943,26,Other welded tubes,Türkiye,0
2026-09-09,09.9944,26,Other welded tubes,Switzerland,9944
2026-09-09,09.9945,26,Other welded tubes,China,0
2026-09-09,09.9946,26,Other welded tubes,India,0
2026-09-09,09.9947,26,Other welded tubes,United Kingdom,1209
2026-09-09,09.9948,26,Other welded tubes,Taiwan,0
2026-09-09,09.9527,26,Other welded tubes,FTA Quota – CSQ,0
2026-09-09,09.9627,26,Other welded tubes,Other countries,0
2026-09-09,09.9757,26,Other welded tubes,FTA Quota – Other countries,0
2026-09-09,09.9758,26,Other welded tubes,Singapore,0
2026-09-09,09.9949,27,Non-alloy & alloy cold finished bars,China,0
2026-09-09,09.9950,27,Non-alloy & alloy cold finished bars,Türkiye,274
2026-09-09,09.9951,27,Non-alloy & alloy cold finished bars,Switzerland,1037
2026-09-09,09.9952,27,Non-alloy & alloy cold finished bars,Ukraine,1072
2026-09-09,09.9528,27,Non-alloy & alloy cold finished bars,FTA Quota – CSQ,1491
2026-09-09,09.9628,27,Non-alloy & alloy cold finished bars,Other countries,0
2026-09-09,09.9759,27,Non-alloy & alloy cold finished bars,FTA Quota – Other countries,1166
2026-09-09,09.9953,27,Non-alloy & alloy cold finished bars,China,0
2026-09-09,09.9954,27,Non-alloy & alloy cold finished bars,Türkiye,0
2026-09-09,09.9955,27,Non-alloy & alloy cold finished bars,Ukraine,3278
2026-09-09,09.9529,27,Non-alloy & alloy cold finished bars,FTA Quota – CSQ,662
2026-09-09,09.9629,27,Non-alloy & alloy cold finished bars,Other countries,0
2026-09-09,09.9760,27,Non-alloy & alloy cold finished bars,FTA Quota – Other countries,3390
2026-09-09,09.9497,27,Non-alloy & alloy cold finished bars,United Kingdom (to Northern Ireland from other parts of the United Kingdom),139
2026-09-10,09.9801,1.A,Non-alloy & other alloy hot rolled sheets/strips,Türkiye,0
2026-09-10,09.9802,1.A,Non-alloy & other alloy hot rolled sheets/strips,Japan,117465
2026-09-10,09.9803,1.A,Non-alloy & other alloy hot rolled sheets/strips,India,38357
2026-09-10,09.9804,1.A,Non-alloy & other alloy hot rolled sheets/strips,Taiwan,62665
2026-09-10,09.9805,1.A,Non-alloy & other alloy hot rolled sheets/strips,Ukraine,35721
2026-09-10,09.9806,1.A,Non-alloy & other alloy hot rolled sheets/strips,Korea,29126
2026-09-10,09.9807,1.A,Non-alloy & other alloy hot rolled sheets/strips,Viet Nam,9555
2026-09-10,09.9808,1.A,Non-alloy & other alloy hot rolled sheets/strips,Egypt,99362
2026-09-10,09.9809,1.A,Non-alloy & other alloy hot rolled sheets/strips,Serbia,26366
2026-09-10,09.9500,1.A,Non-alloy & other alloy hot rolled sheets/strips,FTA Quota – CSQ,0
2026-09-10,09.9701,1.A,Non-alloy & other alloy hot rolled sheets/strips,Brazil,22720
2026-09-10,09.9705,1.A,Non-alloy & other alloy hot rolled sheets/strips,United Kingdom,33297
2026-09-10,09.9702,1.A,Non-alloy & other alloy hot rolled sheets/strips,Indonesia,0
2026-09-10,09.9810,1.A,Non-alloy & other alloy hot rolled sheets/strips,Australia,0
2026-09-10,09.9811,1.A,Non-alloy & other alloy hot rolled sheets/strips,Saudi Arabia,9320
2026-09-10,09.9704,1.A,Non-alloy & other alloy hot rolled sheets/strips,Switzerland,5209
2026-09-10,09.9812,1.A,Non-alloy & other alloy hot rolled sheets/strips,Kazakhstan,2349
2026-09-10,09.9703,1.A,Non-alloy & other alloy hot rolled sheets/strips,North Macedonia,371
2026-09-10,09.9600,1.A,Non-alloy & other alloy hot rolled sheets/strips,Other countries,0
2026-09-10,09.9700,1.A,Non-alloy & other alloy hot rolled sheets/strips,FTA Quota – Other countries,0
2026-09-10,09.9813,1.B,Non-alloy & other alloy hot rolled sheets/strips (7212 60),United Kingdom,83
2026-09-10,09.9814,1.B,Non-alloy & other alloy hot rolled sheets/strips (7212 60),United States,0
2026-09-10,09.9815,1.B,Non-alloy & other alloy hot rolled sheets/strips (7212 60),Japan,33
2026-09-10,09.9816,1.B,Non-alloy & other alloy hot rolled sheets/strips (7212 60),China,20
2026-09-10,09.9501,1.B,Non-alloy & other alloy hot rolled sheets/strips (7212 60),FTA Quota – CSQ,107
2026-09-10,09.9601,1.B,Non-alloy & other alloy hot rolled sheets/strips (7212 60),Other countries,20
2026-09-10,09.9706,1.B,Non-alloy & other alloy hot rolled sheets/strips (7212 60),FTA Quota – Other countries,46
2026-09-10,09.9817,2,Non-alloy & other alloy cold rolled sheets,Taiwan,33485
2026-09-10,09.9818,2,Non-alloy & other alloy cold rolled sheets,India,30171
2026-09-10,09.9819,2,Non-alloy & other alloy cold rolled sheets,Korea,11841
2026-09-10,09.9820,2,Non-alloy & other alloy cold rolled sheets,Türkiye,29285
2026-09-10,09.9821,2,Non-alloy & other alloy cold rolled sheets,United Kingdom,19413
2026-09-10,09.9822,2,Non-alloy & other alloy cold rolled sheets,Japan,28736
2026-09-10,09.9823,2,Non-alloy & other alloy cold rolled sheets,Ukraine,1084
2026-09-10,09.9502,2,Non-alloy & other alloy cold rolled sheets,FTA Quota – CSQ,33671
2026-09-10,09.9602,2,Non-alloy & other alloy cold rolled sheets,Other countries,0
2026-09-10,09.9707,2,Non-alloy & other alloy cold rolled sheets,FTA Quota – Other countries,7464
2026-09-10,09.9709,2,Non-alloy & other alloy cold rolled sheets,Egypt,0
2026-09-10,09.9710,2,Non-alloy & other alloy cold rolled sheets,Switzerland,161
2026-09-10,09.9708,2,Non-alloy & other alloy cold rolled sheets,Brazil,0
2026-09-10,09.9824,3.A,Electrical sheets (non grain-oriented),Japan,78
2026-09-10,09.9825,3.A,Electrical sheets (non grain-oriented),United Kingdom,20
2026-09-10,09.9826,3.A,Electrical sheets (non grain-oriented),China,5
2026-09-10,09.9827,3.A,Electrical sheets (non grain-oriented),Türkiye,9
2026-09-10,09.9503,3.A,Electrical sheets (non grain-oriented),FTA Quota – CSQ,29
2026-09-10,09.9603,3.A,Electrical sheets (non grain-oriented),Other countries,7
2026-09-10,09.9711,3.A,Electrical sheets (non grain-oriented),FTA Quota – Other countries,5
2026-09-10,09.9828,3.B,Electrical sheets (grain-oriented),China,0
2026-09-10,09.9829,3.B,Electrical sheets (grain-oriented),Taiwan,223
2026-09-10,09.9830,3.B,Electrical sheets (grain-oriented),Korea,9188
2026-09-10,09.9831,3.B,Electrical sheets (grain-oriented),Viet Nam,6925
2026-09-10,09.9504,3.B,Electrical sheets (grain-oriented),FTA Quota – CSQ,4217
2026-09-10,09.9604,3.B,Electrical sheets (grain-oriented),Other countries,1470
2026-09-10,09.9712,3.B,Electrical sheets (grain-oriented),FTA Quota – Other countries,4078
2026-09-10,09.9713,3.B,Electrical sheets (grain-oriented),Japan,476
2026-09-10,09.9832,4.A,Metallic coated sheets,Viet Nam,88779
2026-09-10,09.9833,4.A,Metallic coated sheets,Taiwan,2804
2026-09-10,09.9834,4.A,Metallic coated sheets,Türkiye,0
2026-09-10,09.9835,4.A,Metallic coated sheets,India,26873
2026-09-10,09.9836,4.A,Metallic coated sheets,Korea,4291
2026-09-10,09.9505,4.A,Metallic coated sheets,FTA Quota – CSQ,0
2026-09-10,09.9605,4.A,Metallic coated sheets,Other countries,0
2026-09-10,09.9714,4.A,Metallic coated sheets,FTA Quota – Other countries,0
2026-09-10,09.9718,4.A,Metallic coated sheets,United Kingdom,6
2026-09-10,09.9716,4.A,Metallic coated sheets,Japan,1
2026-09-10,09.9715,4.A,Metallic coated sheets,Egypt,0
2026-09-10,09.9717,4.A,Metallic coated sheets,South Africa,0
2026-09-10,09.9837,4.B,Metallic coated sheets (automotive),Korea,7145
2026-09-10,09.9838,4.B,Metallic coated sheets (automotive),China,0
2026-09-10,09.9839,4.B,Metallic coated sheets (automotive),United Kingdom,30575
2026-09-10,09.9840,4.B,Metallic coated sheets (automotive),Türkiye,0
2026-09-10,09.9841,4.B,Metallic coated sheets (automotive),India,16549
2026-09-10,09.9506,4.B,Metallic coated sheets (automotive),FTA Quota – CSQ,0
2026-09-10,09.9606,4.B,Metallic coated sheets (automotive),Other countries,0
2026-09-10,09.9719,4.B,Metallic coated sheets (automotive),FTA Quota – Other countries,0
2026-09-10,09.9720,4.B,Metallic coated sheets (automotive),Egypt,1592
2026-09-10,09.9721,4.B,Metallic coated sheets (automotive),Switzerland,0
2026-09-10,09.9842,5,Organic coated sheets,India,0
2026-09-10,09.9843,5,Organic coated sheets,Korea,0
2026-09-10,09.9844,5,Organic coated sheets,Viet Nam,3894
2026-09-10,09.9845,5,Organic coated sheets,Türkiye,0
2026-09-10,09.9846,5,Organic coated sheets,Taiwan,95
2026-09-10,09.9847,5,Organic coated sheets,United Kingdom,2785
2026-09-10,09.9507,5,Organic coated sheets,FTA Quota – CSQ,0
2026-09-10,09.9607,5,Organic coated sheets,Other countries,0
2026-09-10,09.9722,5,Organic coated sheets,FTA Quota – Other countries,1340
2026-09-10,09.9723,5,Organic coated sheets,North Macedonia,0
2026-09-10,09.9848,6,Tin mill products,China,25680
2026-09-10,09.9849,6,Tin mill products,Serbia,7240
2026-09-10,09.9850,6,Tin mill products,United Kingdom,5662
2026-09-10,09.9851,6,Tin mill products,Türkiye,8153
2026-09-10,09.9852,6,Tin mill products,Korea,6960
2026-09-10,09.9853,6,Tin mill products,India,5166
2026-09-10,09.9508,6,Tin mill products,FTA Quota – CSQ,11255
2026-09-10,09.9608,6,Tin mill products,Other countries,0
2026-09-10,09.9724,6,Tin mill products,FTA Quota – Other countries,3464
2026-09-10,09.9725,6,Tin mill products,Japan,0
2026-09-10,09.9726,6,Tin mill products,Singapore,21
2026-09-10,09.9854,7,Non-alloy & other alloy quarto plates,Korea,0
2026-09-10,09.9855,7,Non-alloy & other alloy quarto plates,Indonesia,18181
2026-09-10,09.9856,7,Non-alloy & other alloy quarto plates,India,0
2026-09-10,09.9857,7,Non-alloy & other alloy quarto plates,Japan,6875
2026-09-10,09.9858,7,Non-alloy & other alloy quarto plates,North Macedonia,0
2026-09-10,09.9859,7,Non-alloy & other alloy quarto plates,United Kingdom,0
2026-09-10,09.9509,7,Non-alloy & other alloy quarto plates,FTA Quota – CSQ,112
2026-09-10,09.9609,7,Non-alloy & other alloy quarto plates,Other countries,0
2026-09-10,09.9727,7,Non-alloy & other alloy quarto plates,FTA Quota – Other countries,6777
2026-09-10,09.9728,7,Non-alloy & other alloy quarto plates,Türkiye,0
2026-09-10,09.9491,7,Non-alloy & other alloy quarto plates,United Kingdom (to Northern Ireland from other parts of the United Kingdom),2076
2026-09-10,09.9860,8,Stainless hot rolled sheets and strips,Taiwan,1748
2026-09-10,09.9861,8,Stainless hot rolled sheets and strips,Indonesia,8952
2026-09-10,09.9862,8,Stainless hot rolled sheets and strips,India,1673
2026-09-10,09.9863,8,Stainless hot rolled sheets and strips,China,2130
2026-09-10,09.9864,8,Stainless hot rolled sheets and strips,Korea,0
2026-09-10,09.9865,8,Stainless hot rolled sheets and strips,Türkiye,3430
2026-09-10,09.9866,8,Stainless hot rolled sheets and strips,South Africa,635
2026-09-10,09.9510,8,Stainless hot rolled sheets and strips,FTA Quota – CSQ,2720
2026-09-10,09.9610,8,Stainless hot rolled sheets and strips,Other countries,186
2026-09-10,09.9729,8,Stainless hot rolled sheets and strips,FTA Quota – Other countries,347
2026-09-10,09.9492,8,Stainless hot rolled sheets and strips,United Kingdom (to Northern Ireland from other parts of the United Kingdom),13
2026-09-10,09.9867,9,Stainless cold rolled sheets and strips,Taiwan,4856
2026-09-10,09.9868,9,Stainless cold rolled sheets and strips,China,6592
2026-09-10,09.9869,9,Stainless cold rolled sheets and strips,Korea,8445
2026-09-10,09.9870,9,Stainless cold rolled sheets and strips,Türkiye,6275
2026-09-10,09.9871,9,Stainless cold rolled sheets and strips,South Africa,6580
2026-09-10,09.9872,9,Stainless cold rolled sheets and strips,Viet Nam,4968
2026-09-10,09.9873,9,Stainless cold rolled sheets and strips,India,4089
2026-09-10,09.9511,9,Stainless cold rolled sheets and strips,FTA Quota – CSQ,9935
2026-09-10,09.9611,9,Stainless cold rolled sheets and strips,Other countries,169
2026-09-10,09.9730,9,Stainless cold rolled sheets and strips,FTA Quota – Other countries,4242
2026-09-10,09.9731,9,Stainless cold rolled sheets and strips,Switzerland,44
2026-09-10,09.9493,9,Stainless cold rolled sheets and strips,United Kingdom (to Northern Ireland from other parts of the United Kingdom),27
2026-09-10,09.9874,10,Stainless hot rolled quarto plates,China,717
2026-09-10,09.9875,10,Stainless hot rolled quarto plates,India,355
2026-09-10,09.9876,10,Stainless hot rolled quarto plates,Korea,351
2026-09-10,09.9877,10,Stainless hot rolled quarto plates,South Africa,147
2026-09-10,09.9512,10,Stainless hot rolled quarto plates,FTA Quota – CSQ,279
2026-09-10,09.9612,10,Stainless hot rolled quarto plates,Other countries,111
2026-09-10,09.9732,10,Stainless hot rolled quarto plates,FTA Quota – Other countries,231
2026-09-10,09.9878,12,Non-alloy & other alloy merchant bars & light sections,China,0
2026-09-10,09.9879,12,Non-alloy & other alloy merchant bars & light sections,Türkiye,22122
2026-09-10,09.9880,12,Non-alloy & other alloy merchant bars & light sections,United Kingdom,11765
2026-09-10,09.9881,12,Non-alloy & other alloy merchant bars & light sections,Switzerland,12517
2026-09-10,09.9882,12,Non-alloy & other alloy merchant bars & light sections,Korea,3712
2026-09-10,09.9883,12,Non-alloy & other alloy merchant bars & light sections,North Macedonia,3339
2026-09-10,09.9513,12,Non-alloy & other alloy merchant bars & light sections,FTA Quota – CSQ,14063
2026-09-10,09.9613,12,Non-alloy & other alloy merchant bars & light sections,Other countries,255
2026-09-10,09.9733,12,Non-alloy & other alloy merchant bars & light sections,FTA Quota – Other countries,9384
2026-09-10,09.9734,12,Non-alloy & other alloy merchant bars & light sections,Brazil,1858
2026-09-10,09.9735,12,Non-alloy & other alloy merchant bars & light sections,Egypt,26
2026-09-10,09.9884,13,Rebars,Türkiye,0
2026-09-10,09.9885,13,Rebars,Egypt,67
2026-09-10,09.9886,13,Rebars,Algeria,0
2026-09-10,09.9887,13,Rebars,Moldova,4427
2026-09-10,09.9888,13,Rebars,China,4737
2026-09-10,09.9889,13,Rebars,Ukraine,4331
2026-09-10,09.9514,13,Rebars,FTA Quota – CSQ,0
2026-09-10,09.9614,13,Rebars,Other countries,12869
2026-09-10,09.9736,13,Rebars,FTA Quota – Other countries,9575
2026-09-10,09.9494,13,Rebars,United Kingdom (to Northern Ireland from other parts of the United Kingdom),0
2026-09-10,09.9890,14,Stainless bars and light sections,India,0
2026-09-10,09.9891,14,Stainless bars and light sections,Switzerland,66
2026-09-10,09.9892,14,Stainless bars and light sections,United Kingdom,658
2026-09-10,09.9893,14,Stainless bars and light sections,China,195
2026-09-10,09.9515,14,Stainless bars and light sections,FTA Quota – CSQ,0
2026-09-10,09.9615,14,Stainless bars and light sections,Other countries,0
2026-09-10,09.9737,14,Stainless bars and light sections,FTA Quota – Other countries,246
2026-09-10,09.9894,15,Stainless wire rod,India,1216
2026-09-10,09.9895,15,Stainless wire rod,Taiwan,41
2026-09-10,09.9896,15,Stainless wire rod,Korea,24
2026-09-10,09.9897,15,Stainless wire rod,United Kingdom,614
2026-09-10,09.9898,15,Stainless wire rod,China,328
2026-09-10,09.9899,15,Stainless wire rod,Japan,14
2026-09-10,09.9516,15,Stainless wire rod,FTA Quota – CSQ,810
2026-09-10,09.9616,15,Stainless wire rod,Other countries,29
2026-09-10,09.9738,15,Stainless wire rod,FTA Quota – Other countries,0
2026-09-10,09.9900,16,Non-alloy & other alloy wire rod,Türkiye,0
2026-09-10,09.9901,16,Non-alloy & other alloy wire rod,Malaysia,14251
2026-09-10,09.9902,16,Non-alloy & other alloy wire rod,United Kingdom,28873
2026-09-10,09.9903,16,Non-alloy & other alloy wire rod,Ukraine,3832
2026-09-10,09.9904,16,Non-alloy & other alloy wire rod,Switzerland,683
2026-09-10,09.9905,16,Non-alloy & other alloy wire rod,Viet Nam,15389
2026-09-10,09.9906,16,Non-alloy & other alloy wire rod,Moldova,10685
2026-09-10,09.9907,16,Non-alloy & other alloy wire rod,Egypt,5
2026-09-10,09.9517,16,Non-alloy & other alloy wire rod,FTA Quota – CSQ,0
2026-09-10,09.9617,16,Non-alloy & other alloy wire rod,Other countries,21884
2026-09-10,09.9739,16,Non-alloy & other alloy wire rod,FTA Quota – Other countries,24415
2026-09-10,09.9740,16,Non-alloy & other alloy wire rod,Korea,2569
2026-09-10,09.9741,16,Non-alloy & other alloy wire rod,Japan,504
2026-09-10,09.9908,17,"Angles, shapes and sections of iron/non-alloy steel",Türkiye,61
2026-09-10,09.9909,17,"Angles, shapes and sections of iron/non-alloy steel",United Kingdom,3963
2026-09-10,09.9910,17,"Angles, shapes and sections of iron/non-alloy steel",Switzerland,2542
2026-09-10,09.9911,17,"Angles, shapes and sections of iron/non-alloy steel",United Arab Emirates,1468
2026-09-10,09.9518,17,"Angles, shapes and sections of iron/non-alloy steel",FTA Quota – CSQ,3032
2026-09-10,09.9618,17,"Angles, shapes and sections of iron/non-alloy steel",Other countries,1984
2026-09-10,09.9742,17,"Angles, shapes and sections of iron/non-alloy steel",FTA Quota – Other countries,1026
2026-09-10,09.9743,17,"Angles, shapes and sections of iron/non-alloy steel",Korea,1227
2026-09-10,09.9495,17,"Angles, shapes and sections of iron/non-alloy steel",United Kingdom (to Northern Ireland from other parts of the United Kingdom),10524
2026-09-10,09.9912,18,Sheet piling,China,0
2026-09-10,09.9913,18,Sheet piling,United Arab Emirates,2
2026-09-10,09.9914,18,Sheet piling,United Kingdom,1583
2026-09-10,09.9519,18,Sheet piling,FTA Quota – CSQ,1234
2026-09-10,09.9619,18,Sheet piling,Other countries,0
2026-09-10,09.9744,18,Sheet piling,FTA Quota – Other countries,1325
2026-09-10,09.9915,19,Railway material,United Kingdom,16
2026-09-10,09.9916,19,Railway material,Türkiye,0
2026-09-10,09.9917,19,Railway material,China,0
2026-09-10,09.9520,19,Railway material,FTA Quota – CSQ,146
2026-09-10,09.9620,19,Railway material,Other countries,108
2026-09-10,09.9745,19,Railway material,FTA Quota – Other countries,136
2026-09-10,09.9918,20,Gas pipes,Türkiye,0
2026-09-10,09.9919,20,Gas pipes,India,0
2026-09-10,09.9920,20,Gas pipes,United Arab Emirates,2471
2026-09-10,09.9921,20,Gas pipes,North Macedonia,28
2026-09-10,09.9922,20,Gas pipes,United Kingdom,1445
2026-09-10,09.9521,20,Gas pipes,FTA Quota – CSQ,0
2026-09-10,09.9621,20,Gas pipes,Other countries,0
2026-09-10,09.9746,20,Gas pipes,FTA Quota – Other countries,0
2026-09-10,09.9923,21,Hollow sections,Türkiye,0
2026-09-10,09.9924,21,Hollow sections,United Kingdom,7591
2026-09-10,09.9925,21,Hollow sections,North Macedonia,0
2026-09-10,09.9926,21,Hollow sections,China,0
2026-09-10,09.9927,21,Hollow sections,Ukraine,0
2026-09-10,09.9522,21,Hollow sections,FTA Quota – CSQ,0
2026-09-10,09.9622,21,Hollow sections,Other countries,0
2026-09-10,09.9747,21,Hollow sections,FTA Quota – Other countries,0
2026-09-10,09.9748,21,Hollow sections,Switzerland,218
2026-09-10,09.9928,22,Seamless stainless tubes and pipes,India,0
2026-09-10,09.9929,22,Seamless stainless tubes and pipes,Ukraine,230
2026-09-10,09.9930,22,Seamless stainless tubes and pipes,China,0
2026-09-10,09.9931,22,Seamless stainless tubes and pipes,Korea,315
2026-09-10,09.9523,22,Seamless stainless tubes and pipes,FTA Quota – CSQ,0
2026-09-10,09.9623,22,Seamless stainless tubes and pipes,Other countries,0
2026-09-10,09.9749,22,Seamless stainless tubes and pipes,FTA Quota – Other countries,0
2026-09-10,09.9750,22,Seamless stainless tubes and pipes,Japan,0
2026-09-10,09.9932,24,Other seamless tubes,China,0
2026-09-10,09.9933,24,Other seamless tubes,Ukraine,0
2026-09-10,09.9934,24,Other seamless tubes,Brazil,3179
2026-09-10,09.9524,24,Other seamless tubes,FTA Quota – CSQ,194
2026-09-10,09.9624,24,Other seamless tubes,Other countries,600
2026-09-10,09.9751,24,Other seamless tubes,FTA Quota – Other countries,8014
2026-09-10,09.9752,24,Other seamless tubes,Argentina,923
2026-09-10,09.9753,24,Other seamless tubes,Singapore,110
2026-09-10,09.9935,25.A,Large welded tubes,Türkiye,1947
2026-09-10,09.9936,25.A,Large welded tubes,Israel,834
2026-09-10,09.9937,25.A,Large welded tubes,China,0
2026-09-10,09.9938,25.A,Large welded tubes,India,0
2026-09-10,09.9525,25.A,Large welded tubes,FTA Quota – CSQ,351
2026-09-10,09.9625,25.A,Large welded tubes,Other countries,0
2026-09-10,09.9754,25.A,Large welded tubes,FTA Quota – Other countries,413
2026-09-10,09.9496,25.A,Large welded tubes,United Kingdom (to Northern Ireland from other parts of the United Kingdom),14
2026-09-10,09.9939,25.B,Large welded tubes (line pipe),Türkiye,3065
2026-09-10,09.9940,25.B,Large welded tubes (line pipe),China,0
2026-09-10,09.9941,25.B,Large welded tubes (line pipe),United Kingdom,929
2026-09-10,09.9942,25.B,Large welded tubes (line pipe),Algeria,0
2026-09-10,09.9526,25.B,Large welded tubes (line pipe),FTA Quota – CSQ,2030
2026-09-10,09.9626,25.B,Large welded tubes (line pipe),Other countries,0
2026-09-10,09.9755,25.B,Large welded tubes (line pipe),FTA Quota – Other countries,46
2026-09-10,09.9756,25.B,Large welded tubes (line pipe),Singapore,21
2026-09-10,09.9943,26,Other welded tubes,Türkiye,0
2026-09-10,09.9944,26,Other welded tubes,Switzerland,9944
2026-09-10,09.9945,26,Other welded tubes,China,0
2026-09-10,09.9946,26,Other welded tubes,India,0
2026-09-10,09.9947,26,Other welded tubes,United Kingdom,1209
2026-09-10,09.9948,26,Other welded tubes,Taiwan,0
2026-09-10,09.9527,26,Other welded tubes,FTA Quota – CSQ,0
2026-09-10,09.9627,26,Other welded tubes,Other countries,0
2026-09-10,09.9757,26,Other welded tubes,FTA Quota – Other countries,0
2026-09-10,09.9758,26,Other welded tubes,Singapore,0
2026-09-10,09.9949,27,Non-alloy & alloy cold finished bars,China,0
2026-09-10,09.9950,27,Non-alloy & alloy cold finished bars,Türkiye,274
2026-09-10,09.9951,27,Non-alloy & alloy cold finished bars,Switzerland,1037
2026-09-10,09.9952,27,Non-alloy & alloy cold finished bars,Ukraine,1072
2026-09-10,09.9528,27,Non-alloy & alloy cold finished bars,FTA Quota – CSQ,1491
2026-09-10,09.9628,27,Non-alloy & alloy cold finished bars,Other countries,0
2026-09-10,09.9759,27,Non-alloy & alloy cold finished bars,FTA Quota – Other countries,1166
2026-09-10,09.9953,27,Non-alloy & alloy cold finished bars,China,0
2026-09-10,09.9954,27,Non-alloy & alloy cold finished bars,Türkiye,0
2026-09-10,09.9955,27,Non-alloy & alloy cold finished bars,Ukraine,3278
2026-09-10,09.9529,27,Non-alloy & alloy cold finished bars,FTA Quota – CSQ,662
2026-09-10,09.9629,27,Non-alloy & alloy cold finished bars,Other countries,0
2026-09-10,09.9760,27,Non-alloy & alloy cold finished bars,FTA Quota – Other countries,3390
2026-09-10,09.9497,27,Non-alloy & alloy cold finished bars,United Kingdom (to Northern Ireland from other parts of the United Kingdom),139
